shape,demo,method,parameters_per_dim,total_parameters,mean_l2,rmse,max_l2,frobenius_per_point,mean_l2_over_bbox_percent
Angle,0,piecewise,3,6,7.891077071603052,9.198033554412445,22.005669725898006,0.29086736026597626,13.413276039235368
Angle,1,piecewise,3,6,7.779636985308949,8.949043707178339,18.92645570729732,0.28299360995080475,13.040801874046966
Angle,2,piecewise,3,6,8.695405181847798,10.552179240243206,24.620666794784363,0.3336892067751363,14.505729328511658
Angle,3,piecewise,3,6,8.736407775958414,10.275961790106544,21.90449810201072,0.32495444405597795,13.843117454289207
Angle,4,piecewise,3,6,8.507843100683877,9.892955030863648,20.274147287722897,0.31284270687150495,13.469681373144871
Angle,5,piecewise,3,6,8.653759365221614,10.185578835739934,21.777228524441703,0.3220962840814424,14.006821222746899
Angle,6,piecewise,3,6,8.42371217975955,10.161222965294334,21.580170949620218,0.32132608383140165,13.33729398449627
BendedLine,0,piecewise,3,6,6.741295593067751,7.48980549952005,17.95229850000099,0.2368484461013852,15.706404541130082
BendedLine,1,piecewise,3,6,7.228174003474357,8.675408346500413,18.777484658103454,0.27434050006976557,16.213189119816516
BendedLine,2,piecewise,3,6,7.679781376124403,8.819319597001261,18.487680079353456,0.27889137339482284,16.319253305945477
BendedLine,3,piecewise,3,6,7.624762269792374,8.481038235827466,18.751235786630453,0.2681939774819104,15.775217488619674
BendedLine,4,piecewise,3,6,8.26507097640893,9.317588535876556,18.15765244611966,0.2946480207364343,16.168827942249045
BendedLine,5,piecewise,3,6,8.919197630694834,9.935664535435697,19.99523145442816,0.31419329999335543,16.444531722268152
BendedLine,6,piecewise,3,6,8.15801340447726,9.526450838021132,21.876916658698164,0.3012528266576657,15.787478174449388
CShape,0,piecewise,3,6,8.633109643541985,9.695394211238131,19.373687041752962,0.30659528520724166,16.182939806668376
CShape,1,piecewise,3,6,9.853170810513955,11.096803860154418,21.53231005140503,0.35091174946236553,16.130296293396658
CShape,2,piecewise,3,6,9.843852706536007,11.062876699383738,22.492808168087315,0.3498388784365849,15.479928501694413
CShape,3,piecewise,3,6,9.066502276908189,10.228393519396299,22.531964542998992,0.3234502032579794,15.687678558422855
CShape,4,piecewise,3,6,11.011267191310937,12.415188189551676,24.168727207551854,0.3926027225860556,16.081832878275748
CShape,5,piecewise,3,6,10.212749391289355,11.498279670177698,23.75761342772047,0.36360752931371176,16.06544893387122
CShape,6,piecewise,3,6,10.528755918765349,12.057170646984991,27.31074621658099,0.3812812138179855,15.933109761876487
DoubleBendedLine,0,piecewise,3,6,7.529991976025067,8.963036899788817,21.282321943183607,0.2834361135546702,16.866679834747703
DoubleBendedLine,1,piecewise,3,6,8.29882773736101,9.651986636699831,23.318970588260903,0.3052226171747961,16.97217047885237
DoubleBendedLine,2,piecewise,3,6,8.067972887208944,9.354172801245452,22.94189966958353,0.2958049167873316,16.382770683348397
DoubleBendedLine,3,piecewise,3,6,8.911360712474005,10.319957002890423,24.29428167785631,0.3263456948413861,16.965437658931545
DoubleBendedLine,4,piecewise,3,6,8.150368509842107,9.237867074668166,22.347261744128495,0.29212700677828163,15.994343032738074
DoubleBendedLine,5,piecewise,3,6,9.09206370800324,10.485112737834406,24.362866647538368,0.33156837775200654,16.62568620824951
DoubleBendedLine,6,piecewise,3,6,9.299121533215642,10.880490680651835,25.30391384742022,0.3440713261109555,17.059765119077547
GShape,0,piecewise,3,6,9.459823559953286,10.634525044367066,19.88960859535901,0.3362932097430311,19.328370599002888
GShape,1,piecewise,3,6,10.955568501090921,12.187207996765874,24.126640135488714,0.38539335587998147,18.673234147501994
GShape,2,piecewise,3,6,12.301525762985051,13.781148463891034,25.69267865377745,0.4357981791882639,18.462686511057555
GShape,3,piecewise,3,6,11.726804696986154,13.202846654719634,26.216589237843923,0.4175106702684872,17.861193142794406
GShape,4,piecewise,3,6,11.465308753791003,12.794471961695892,25.140311098268338,0.4045967285812162,19.443632687201443
GShape,5,piecewise,3,6,12.419898679401664,13.870332109803314,26.883752386826085,0.4386184136994716,19.983448908361787
GShape,6,piecewise,3,6,11.42207972862746,12.784873684992016,25.245625200050625,0.40429320442124833,18.91540475759293
JShape,0,piecewise,3,6,6.576928458242985,7.310155372192617,13.60629614221567,0.23116741025844578,13.557706053690335
JShape,1,piecewise,3,6,7.338174542710349,8.09551174560418,15.564513174344595,0.2560025594075481,13.773688487435715
JShape,2,piecewise,3,6,7.169956865184583,8.09289962546772,18.19185480765039,0.25591995691601616,13.721644602449153
JShape,3,piecewise,3,6,7.377288476380328,8.18506189793583,16.250128165019003,0.25883438386937874,13.483549650953128
JShape,4,piecewise,3,6,7.740405933720333,8.69669520791794,17.879952070367175,0.275013649732923,13.522745621761528
JShape,5,piecewise,3,6,7.957690563026282,8.8858966083037,18.676896269046374,0.2809967233500476,13.546134103984652
JShape,6,piecewise,3,6,7.538576646147226,8.471157131681377,20.06866430815831,0.2678815095329206,13.446925055913624
JShape_2,0,piecewise,3,6,6.746222385595334,7.430449607896389,14.567874904877252,0.23497144800057643,15.196263007930416
JShape_2,1,piecewise,3,6,7.276194750741561,7.853431406433962,13.174284273555884,0.24834730692230853,15.726294528184154
JShape_2,2,piecewise,3,6,7.758951572176256,8.457938819903719,16.444508358315336,0.2674635098125243,14.74062058908917
JShape_2,3,piecewise,3,6,8.127240988181686,8.882726864926946,17.606677968716593,0.28089648726335986,14.831643295884591
JShape_2,4,piecewise,3,6,8.242960139701866,8.898747052371005,17.484053611517265,0.28140309007202047,14.999690970996049
JShape_2,5,piecewise,3,6,8.492709482203372,9.527342890952271,20.755888819755707,0.3012810358482239,15.602754267207137
JShape_2,6,piecewise,3,6,9.201881262763537,9.981372058587816,19.054160879518857,0.3156386987870113,15.47908602612019
Khamesh,0,piecewise,3,6,6.251463050726123,6.975554160750491,13.220906238630766,0.22058639089835871,11.354630600415613
Khamesh,1,piecewise,3,6,6.3368855741923475,7.053852134035107,15.553193416080186,0.2230623902159026,11.073488824052188
Khamesh,2,piecewise,3,6,6.670743331841147,7.458911386047586,15.06195868710549,0.23587148845273848,11.202415903100645
Khamesh,3,piecewise,3,6,6.987110565738969,7.787502402445381,15.612424556843335,0.2462624487576061,11.162508804449468
Khamesh,4,piecewise,3,6,6.664830607587501,7.468712682329757,16.778476945437898,0.23618143265547648,10.768733217444195
Khamesh,5,piecewise,3,6,6.424523960946492,7.23410619236642,15.832443802072598,0.2287625240340607,11.084073298481977
Khamesh,6,piecewise,3,6,6.839122299038366,7.668072103806591,16.532416558643142,0.2424857311042793,11.068175119011588
LShape,0,piecewise,3,6,6.931124710436405,7.8966291580605725,17.47089946467296,0.24971333977169188,12.201850175933032
LShape,1,piecewise,3,6,6.685250513200483,7.655630996363241,16.24035299128019,0.24209230874292073,11.695874700515368
LShape,2,piecewise,3,6,6.798104949265035,8.062171217725705,21.840767577696305,0.25494823934266503,11.317687384271638
LShape,3,piecewise,3,6,6.544631723910077,7.437569931303317,16.407504700685298,0.23519661239700548,11.439282710120736
LShape,4,piecewise,3,6,7.077028705143337,8.129829802004476,17.31263862962793,0.25708779163849876,11.829310714946494
LShape,5,piecewise,3,6,7.585208534793404,8.514572285672193,16.70717239122639,0.2692544172486999,12.292188596918725
LShape,6,piecewise,3,6,6.8705077261576335,7.749077109823642,16.71773483428284,0.24504733431317455,11.14845502314264
Leaf_1,0,piecewise,3,6,7.474546067709547,8.86605452678962,18.501572667262355,0.2803692616390155,16.150215784280416
Leaf_1,1,piecewise,3,6,8.305686756534774,9.552333189660628,19.3411111084269,0.3020712984814876,15.690726479586226
Leaf_1,2,piecewise,3,6,8.22893646328304,9.249332689350735,19.260785355068375,0.2924895813499895,15.506578709257017
Leaf_1,3,piecewise,3,6,7.860537700363374,8.836256418290121,17.87348557757108,0.27942696271078316,15.102891979872318
Leaf_1,4,piecewise,3,6,9.274121032394378,10.339668231533276,21.6751148885825,0.3269690186213037,16.222844037485128
Leaf_1,5,piecewise,3,6,7.877741649812601,8.986840089814535,19.224986426012922,0.28418883651526095,15.263055830758113
Leaf_1,6,piecewise,3,6,8.511748369085321,9.649518600629323,20.312794011619562,0.30514457102149345,14.96479683107796
Leaf_2,0,piecewise,3,6,7.614789168414632,7.9410583526215905,14.493687964691208,0.25111831426588765,13.581131888484494
Leaf_2,1,piecewise,3,6,7.849518184663991,8.309353531862621,17.69873765169723,0.26276483044250387,13.389916650723723
Leaf_2,2,piecewise,3,6,7.901038506096596,8.396456142587464,18.09453808846495,0.265519256842879,13.1098464908377
Leaf_2,3,piecewise,3,6,7.735476228422663,8.273177730947335,18.431991284178466,0.2616208511717728,13.545985672265411
Leaf_2,4,piecewise,3,6,8.020912320088291,8.632381718829924,19.015890236316228,0.2729798786350179,13.608706516767148
Leaf_2,5,piecewise,3,6,7.536794532222722,8.060900417840449,16.723012205508944,0.25490805312178805,13.102969253310755
Leaf_2,6,piecewise,3,6,7.944145906487325,8.438768803712922,17.89852628347472,0.26685730067307206,13.473720347561855
Line,0,piecewise,3,6,4.867682808893694,6.1383753253463444,15.405390430776071,0.19411247161071551,9.510413854127856
Line,1,piecewise,3,6,4.832487691797587,5.657899434099048,11.84455802036051,0.17891848983930733,8.987144663460366
Line,2,piecewise,3,6,4.909401306436829,5.7306664419814,11.892937520245827,0.18121958467354396,8.998092494415511
Line,3,piecewise,3,6,4.98719810372942,6.223988636008308,15.088373763390225,0.19681980220790932,9.420385432182442
Line,4,piecewise,3,6,4.999832490980294,6.670192337804475,15.782721792881583,0.2109300021886539,9.19014339927871
Line,5,piecewise,3,6,4.86975034699714,5.994560220268446,15.152036389644906,0.1895646386708895,8.897607502351027
Line,6,piecewise,3,6,4.578394209987496,5.91661230796079,14.659810819572682,0.1870997092534168,9.343257555046995
Multi_Models_1,0,piecewise,3,6,2.891036387902796,3.2987839370804584,6.847736602537041,0.10431670749951825,9.96253552760949
Multi_Models_1,1,piecewise,3,6,3.364563155296207,3.7462241441295534,7.827696893455248,0.11846600920964294,10.801550497722873
Multi_Models_1,2,piecewise,3,6,3.024959925986789,3.458729074389887,6.680862795810072,0.10937461684517996,10.13146884303251
Multi_Models_1,3,piecewise,3,6,2.4477494372672726,2.748115386105787,5.054653541343862,0.08690303893047331,11.389983244850095
Multi_Models_1,4,piecewise,3,6,2.4957162761106346,2.811579850357356,5.394487168477769,0.08890996150564623,10.941465223071889
Multi_Models_1,5,piecewise,3,6,1.169691295018816,1.3850967135578947,3.3848860163363366,0.04380060394456771,8.528683269158632
Multi_Models_1,6,piecewise,3,6,1.2789465327066696,1.5297263927476779,3.478728122825871,0.04837419597955942,9.57852270656677
Multi_Models_2,0,piecewise,3,6,3.8069545227571306,4.309556806918678,7.89901287588947,0.1362801521574551,11.484975375072343
Multi_Models_2,1,piecewise,3,6,3.9966791899421428,4.509398885859042,9.541699288502873,0.14259971357540227,11.324905095924334
Multi_Models_2,2,piecewise,3,6,3.9124777675755285,4.4111501983022094,8.12332799110057,0.13949281727738394,11.811258603999448
Multi_Models_2,3,piecewise,3,6,3.8026451556047878,4.3236831618737765,8.54680915844597,0.13672686672439624,10.871229311470126
Multi_Models_2,4,piecewise,3,6,3.1448083334584354,3.65748793688601,8.3967302496978,0.11565992395149965,13.4286485900953
Multi_Models_2,5,piecewise,3,6,2.855360392190991,3.3714794061867863,8.586101563407377,0.10661554007902228,12.213424038607206
Multi_Models_2,6,piecewise,3,6,3.122479676212125,3.739588107555775,8.817858090058445,0.11825615930754974,12.365141639605627
Multi_Models_3,0,piecewise,3,6,5.1406378524136835,5.5413225801702355,9.30516561298833,0.1752320060305894,15.72636167415765
Multi_Models_3,1,piecewise,3,6,5.312132094951794,5.71311302699033,10.903186112214103,0.18066449695268466,15.316332107107556
Multi_Models_3,2,piecewise,3,6,5.665219445705588,6.158599548270274,11.146226278935183,0.19475201769418157,15.126684796568128
Multi_Models_3,3,piecewise,3,6,5.418758373084862,5.93340341020469,11.27177824016841,0.1876306905285717,15.080003939828565
Multi_Models_3,4,piecewise,3,6,4.68719549284661,5.187274343280712,9.358358144300098,0.16403601772921197,15.816513443578081
Multi_Models_3,5,piecewise,3,6,5.087928134780304,5.6175715787765,11.019163471697789,0.1776432110796174,15.165743043126815
Multi_Models_3,6,piecewise,3,6,5.023113317050902,5.660459970512642,10.910574683405287,0.1789994611102949,15.605441993640373
Multi_Models_4,0,piecewise,3,6,5.743799750265678,6.3001060567981,12.085868448142131,0.19922684640104135,13.674721673505914
Multi_Models_4,1,piecewise,3,6,5.732410834242405,6.380261470439823,13.80589636122482,0.20176158314004905,13.432586093937028
Multi_Models_4,2,piecewise,3,6,6.437391027022389,7.050253608233324,13.771742213678474,0.22294859483837748,13.882323084292373
Multi_Models_4,3,piecewise,3,6,5.936788274135378,6.592134942404314,15.528601204017423,0.20846161061180526,12.713784910900676
Multi_Models_4,4,piecewise,3,6,3.668021674747614,4.221679092723082,8.649367806270464,0.13350121483318114,14.20268564304758
Multi_Models_4,5,piecewise,3,6,4.133608103371935,4.683872526015079,8.80712010693563,0.14811705452093918,15.920929830423633
Multi_Models_4,6,piecewise,3,6,3.8676159468775033,4.407598908762867,8.6777356840376,0.1393805156416334,13.838258892497493
NShape,0,piecewise,3,6,13.519253875071469,15.064188836568807,23.625709712531,0.4763714782643943,22.201653380673836
NShape,1,piecewise,3,6,12.942391316462132,14.511520746147264,25.339653499124292,0.45889457870611466,20.519723625176457
NShape,2,piecewise,3,6,13.97850314618594,15.617329313859884,25.93954690902728,0.4938633160071188,21.860618564144723
NShape,3,piecewise,3,6,14.375230424348949,16.108072069022878,26.01393800656658,0.5093819645225329,21.439151418089708
NShape,4,piecewise,3,6,13.858510236175608,15.531310240809695,27.815305402588248,0.49114315407656867,21.729445152815728
NShape,5,piecewise,3,6,14.123896992977608,15.783106126388125,28.037547459196734,0.49910563911543854,21.532416927070507
NShape,6,piecewise,3,6,14.28240666812286,16.108952347211076,30.24571245495428,0.5094098013630257,20.84881573587763
PShape,0,piecewise,3,6,9.210649609755666,10.206158890051423,20.15695660698608,0.32274708254138523,16.375539213601094
PShape,1,piecewise,3,6,10.328491987303888,11.593538316735764,23.071291696581888,0.3666198722131962,16.451174119149314
PShape,2,piecewise,3,6,10.424625073865876,11.561490899490085,21.920025218943277,0.3656064438969752,16.359604140149102
PShape,3,piecewise,3,6,10.78833633736486,12.035267621612908,22.182038062010758,0.3805885793397432,16.87618020299239
PShape,4,piecewise,3,6,9.747067718631518,10.808096176884346,21.237598167902465,0.34178201089112636,16.615862859536684
PShape,5,piecewise,3,6,10.32597505215682,11.465993110251672,21.965952682864057,0.36258653864193413,16.44273771017075
PShape,6,piecewise,3,6,10.235472096488577,11.585285557936274,23.763257405973384,0.3663588970653324,15.76650597620817
RShape,0,piecewise,3,6,6.93972941304767,7.681232947145579,17.709928590438835,0.24290191351307786,11.128757723181774
RShape,1,piecewise,3,6,7.551050848730119,8.526775895842059,20.852906113614168,0.2696403292868357,11.964094442250314
RShape,2,piecewise,3,6,6.81642104237407,7.65243005192694,18.01659802432114,0.24199108599209712,10.852487063377943
RShape,3,piecewise,3,6,6.536405297314834,7.510418036203461,19.808508468791516,0.23750027174411875,10.735203991901729
RShape,4,piecewise,3,6,6.990003699006633,7.895594767272147,18.601021499622284,0.24968062946287062,11.17673550109877
RShape,5,piecewise,3,6,6.904658094167411,7.802187502991576,20.06653463344767,0.24672683241155172,10.543678331279809
RShape,6,piecewise,3,6,6.987899055336136,7.9529666717897545,18.079610981252877,0.25149488838264406,10.954510611931118
Saeghe,0,piecewise,3,6,5.8978444005849875,6.6191000513587275,13.859688751351738,0.20931432222831078,11.00428539999279
Saeghe,1,piecewise,3,6,6.1544247613127085,6.985507313502137,15.596756550507429,0.2209011372243064,11.429032320584884
Saeghe,2,piecewise,3,6,6.096780821668394,6.930394333065925,15.305082728887527,0.2191583117561191,11.119429498145267
Saeghe,3,piecewise,3,6,6.345352760687799,7.149246324783768,14.981837356062304,0.22607901939904598,11.765318590003183
Saeghe,4,piecewise,3,6,6.2671523305647705,7.262920152323064,15.96046838432386,0.2296737014527795,11.292815767986248
Saeghe,5,piecewise,3,6,6.210390038001313,6.9590958060344725,14.610828072630941,0.22006593202394276,10.923551388527324
Saeghe,6,piecewise,3,6,6.521497428052712,7.200459128088774,13.655824527407646,0.22769851043710618,11.178700027954756
Sharpc,0,piecewise,3,6,9.500684662936449,10.741971407404836,19.641965937737368,0.339690962078038,17.714578010054773
Sharpc,1,piecewise,3,6,10.086370470300396,11.32324394880559,19.969097064375497,0.35807241379944704,18.99660645131079
Sharpc,2,piecewise,3,6,10.333527767875985,11.548364507661987,19.678448362481983,0.365191350940609,17.34470532789494
Sharpc,3,piecewise,3,6,10.232397745382727,11.566788508929621,20.352826268125117,0.36577396901680465,17.410238006873083
Sharpc,4,piecewise,3,6,10.955230767443881,12.365672017010828,22.20979198538162,0.3910368837236261,18.701633899364023
Sharpc,5,piecewise,3,6,10.964654628807653,12.346450157981845,22.892481098324502,0.39042903516968347,18.808627466076057
Sharpc,6,piecewise,3,6,11.06305274181622,12.60564491190503,24.053307009303097,0.39862549296932476,17.82584204645724
Sine,0,piecewise,3,6,6.155989964078571,6.67386331664918,13.41835360233282,0.21104608873256947,12.31159639951635
Sine,1,piecewise,3,6,6.311303469301689,6.7234088432325345,14.109938543149585,0.2126128558513277,12.225406103652041
Sine,2,piecewise,3,6,6.521597043977971,6.9924153633056925,14.216918700217533,0.22111958893999753,12.377106172045668
Sine,3,piecewise,3,6,6.981098139276282,7.550995206291717,15.239556558801487,0.2387834345289482,12.363175118888591
Sine,4,piecewise,3,6,6.381878922398548,6.7970764475255985,13.502427449025836,0.2149424300446685,12.370077987319767
Sine,5,piecewise,3,6,6.696487944076033,7.256272237404737,14.698284095225347,0.22946347592445024,12.7692446893874
Sine,6,piecewise,3,6,6.77068874261047,7.2699344863996345,13.784604010929945,0.22989551417229245,12.466838332072186
Snake,0,piecewise,3,6,8.308342794621138,8.857481413597295,17.969771235464787,0.28009815599575366,14.629660376486848
Snake,1,piecewise,3,6,8.181716219398972,8.700040778331598,18.718943493457456,0.27511944595871934,14.292627673310419
Snake,2,piecewise,3,6,8.45937581868998,8.983518939016795,18.10733254887338,0.2840838125055235,14.24827305385518
Snake,3,piecewise,3,6,8.4572387176435,8.93559049283924,17.838439105104168,0.28256818195918487,14.666611085246664
Snake,4,piecewise,3,6,8.772424755407304,9.217884151353465,17.55372003418462,0.29149509125845224,14.667374749036155
Snake,5,piecewise,3,6,8.325819126266861,8.931780535735456,19.979859118935686,0.2824477005368299,14.436237545549657
Snake,6,piecewise,3,6,8.497326863199214,9.092982964196613,18.887174053766266,0.287545368919706,14.146404500280267
Spoon,0,piecewise,3,6,5.768403435053264,6.511113995001964,11.24734193627891,0.20589950329204404,11.353391482590718
Spoon,1,piecewise,3,6,6.359885181172682,7.133149557876061,13.13112111502746,0.22556999493511418,11.93202071184834
Spoon,2,piecewise,3,6,6.307447810476937,7.093633417814742,13.701781731066266,0.22432038486579425,11.969731253868963
Spoon,3,piecewise,3,6,6.580842146200548,7.342900910351797,13.477114741296774,0.2322029150963554,12.127901731744402
Spoon,4,piecewise,3,6,6.261488139992211,7.047088179433225,13.000959172083483,0.22284849519058345,11.978088421716798
Spoon,5,piecewise,3,6,6.1450138871063755,6.9602251859403514,13.793467480037258,0.22010164615240477,11.642723713777555
Spoon,6,piecewise,3,6,6.303634679259932,7.0307633798865705,13.62525758428114,0.22233225970145232,12.012684813221366
Sshape,0,piecewise,3,6,12.870686676406462,14.403665737365186,24.49819068825941,0.4554839038580263,21.960517117676794
Sshape,1,piecewise,3,6,12.808637607363863,14.293353799838673,26.423194365339803,0.4519955341011266,21.476673040465254
Sshape,2,piecewise,3,6,13.851199640052029,15.314306070789907,28.03972948080707,0.4842808796863992,21.499802159512107
Sshape,3,piecewise,3,6,13.78223392332069,15.155780396609208,27.24067926050524,0.4792678577061516,20.93952553733414
Sshape,4,piecewise,3,6,13.559237628925803,15.10576008892069,26.418524856960012,0.47768607669057006,20.56913687462308
Sshape,5,piecewise,3,6,13.507732095149118,15.0112537291091,26.167937911598855,0.47469752318680986,20.624103526257265
Sshape,6,piecewise,3,6,14.319465358005404,15.92886883923199,28.485936510156957,0.5037150608205555,21.47461589455232
Trapezoid,0,piecewise,3,6,6.3324480874385465,7.147931319531097,12.072429318110517,0.22603743528171075,12.915827266158157
Trapezoid,1,piecewise,3,6,7.210374975938311,8.154047596017078,14.606714289311581,0.25785362552834484,13.133321117355948
Trapezoid,2,piecewise,3,6,6.868491567167965,7.77308267314598,13.67429078086074,0.24580645687931443,13.644296024949837
Trapezoid,3,piecewise,3,6,7.482933841706692,8.47621167654949,15.157640493493677,0.2680413482761082,13.559729876757041
Trapezoid,4,piecewise,3,6,7.6627189481681945,8.713293116224365,17.28725487822211,0.27553852167935233,14.005475328207874
Trapezoid,5,piecewise,3,6,7.986181030672444,9.090481976555356,16.432979392516998,0.2874662807462429,14.277528759283387
Trapezoid,6,piecewise,3,6,7.856854151497154,8.883614333659906,15.72613298696189,0.2809245514888432,14.412234693088783
WShape,0,piecewise,3,6,8.604546234408492,9.341395016332228,15.394675587465676,0.2954008477495564,17.471851549102738
WShape,1,piecewise,3,6,8.267374737128513,9.123888822613067,16.43365280226594,0.28852269797609276,15.706576114097864
WShape,2,piecewise,3,6,8.186876395860796,8.92339562702718,15.868829984419344,0.2821825464419226,15.937006006564944
WShape,3,piecewise,3,6,8.57280915975949,9.308223247155052,15.777314801592963,0.29435186430338395,15.843129114380622
WShape,4,piecewise,3,6,9.112093653986555,9.901357323135496,16.873677208073474,0.31310841068295964,16.069198327092803
WShape,5,piecewise,3,6,8.796822749626266,9.662531756025516,17.55397084166483,0.30555608312747023,16.204700408256453
WShape,6,piecewise,3,6,8.879522379685845,9.716352006270812,16.36623008556652,0.30725802887762405,16.971732528199023
Worm,0,piecewise,3,6,5.256693970725713,5.745924908231977,9.805958010246712,0.18170209974307028,10.661935541210878
Worm,1,piecewise,3,6,5.287440512715913,5.8422946974556655,10.617558514389735,0.1847495800588423,10.660301017976652
Worm,2,piecewise,3,6,5.294009202842083,5.9409414268539615,12.381724996441887,0.18786906354509136,10.602960479582032
Worm,3,piecewise,3,6,5.38047430483863,5.935081228582553,11.85189741718969,0.18768374780431307,10.632996651254603
Worm,4,piecewise,3,6,5.260739840025753,5.915110010983724,11.815441125688892,0.18705220245172166,10.289599981048802
Worm,5,piecewise,3,6,5.327360443578893,5.970562527517906,12.375922470213014,0.1888057649940833,10.191586672743504
Worm,6,piecewise,3,6,5.303691918538469,5.958207802499992,13.253920465807465,0.18841507428486653,10.374348289466722
Zshape,0,piecewise,3,6,11.29486071625378,12.773471720637351,25.994323195565325,0.4039326426496404,20.085712734436633
Zshape,1,piecewise,3,6,12.728260437895424,14.206165687756858,28.199382039429548,0.4492384039104407,21.03341003210989
Zshape,2,piecewise,3,6,11.835193129356263,13.431986916740321,27.10876798566668,0.42475672158481864,20.990557047721637
Zshape,3,piecewise,3,6,12.276443215219714,13.905988423399517,28.426484224570647,0.4397459653387639,19.719047720009595
Zshape,4,piecewise,3,6,12.989627755911348,14.50177372839576,27.795554891511,0.4585863509412262,21.479689138773985
Zshape,5,piecewise,3,6,13.751952621722893,15.336728797552796,28.610053911512914,0.48498994856562255,20.683356751602965
Zshape,6,piecewise,3,6,13.625493796664163,15.312976363927776,29.466989514061925,0.48423883066335227,21.482335466871728
heee,0,piecewise,3,6,10.554054248004233,11.594858166126322,24.017761521694315,0.3666616095156217,19.506496110929806
heee,1,piecewise,3,6,10.867505293566522,11.788254286814187,22.618377770171648,0.37277733183576633,18.306907610765226
heee,2,piecewise,3,6,10.739747839920367,11.747866992877322,23.710940654879906,0.37150017346205433,18.886832045240343
heee,3,piecewise,3,6,10.886866459795002,11.855109761032333,24.08289613058222,0.37489148756156637,18.519019733978332
heee,4,piecewise,3,6,11.401710178197249,12.500959941753004,25.420011539236867,0.39531506354465334,18.782002108026656
heee,5,piecewise,3,6,10.306862979177255,11.411674377242463,22.586411052785145,0.3608688294826974,17.083000453587918
heee,6,piecewise,3,6,11.587539205595348,12.631823930901632,25.281402167057873,0.39945334623870554,18.33763671320589
Angle,0,piecewise,7,14,3.267674573525704,3.9194767093638485,10.65593824780135,0.12394473637571572,5.554402860772842
Angle,1,piecewise,7,14,3.2745338608910797,3.8624886915133136,9.38193333767949,0.12214261701825546,5.4890154116931225
Angle,2,piecewise,7,14,3.5310279519396808,4.427382819379867,12.723450750134392,0.14000613782738247,5.890482921850625
Angle,3,piecewise,7,14,3.6927965110566814,4.387397767687798,10.659339451736505,0.1387416994703174,5.851354143292494
Angle,4,piecewise,7,14,3.4427045057040804,4.12624518401663,9.855403164516941,0.13048332965793152,5.450515742350338
Angle,5,piecewise,7,14,3.4411619575728856,4.165836412811493,11.05291187204546,0.13173531424149762,5.569803631465642
Angle,6,piecewise,7,14,3.45498230559695,4.216940779964848,11.382404103985145,0.1333513762273586,5.470285990029468
BendedLine,0,piecewise,7,14,2.9506498964887187,3.6215886397059003,9.015115099285211,0.11452468849661557,6.874657889375486
BendedLine,1,piecewise,7,14,3.0459293790373474,3.7602606317516765,9.15377574291302,0.11890988192198963,6.832185977288366
BendedLine,2,piecewise,7,14,3.143150340925719,3.8271968341890608,9.237226373321503,0.12102659049823211,6.67907901020499
BendedLine,3,piecewise,7,14,3.4079107559065815,4.032683760380669,9.44045188662421,0.12752465765975604,7.050781579016565
BendedLine,4,piecewise,7,14,3.52285257095574,4.245231040217061,10.855856950907329,0.1342459928073178,6.89170089988043
BendedLine,5,piecewise,7,14,3.877533474084396,4.629773182638834,12.477324603019385,0.1464062830710544,7.149098479362886
BendedLine,6,piecewise,7,14,3.4917330340331185,4.31860899939259,12.222253914695383,0.13656640761781308,6.757240560005441
CShape,0,piecewise,7,14,3.4620128170006303,4.2044677202133585,10.027999059587401,0.1329569434452978,6.489613515953159
CShape,1,piecewise,7,14,4.048471827535582,4.8561415141139905,11.320044679766363,0.1535646782469892,6.627617786137993
CShape,2,piecewise,7,14,4.116735626432272,4.8607367567978494,10.842833949600818,0.1537099925798114,6.473763378767052
CShape,3,piecewise,7,14,3.721756245284271,4.475010510328937,10.972905473551572,0.14151225765831893,6.439717750639865
CShape,4,piecewise,7,14,4.435620733660164,5.252311250657339,12.472829432508489,0.16609266532204742,6.478174592514373
CShape,5,piecewise,7,14,4.195566254206683,5.03768124185624,11.433747766836401,0.15930546850171287,6.599951964269354
CShape,6,piecewise,7,14,4.322620829608541,5.3827692015259,13.366146342172982,0.17021810795827738,6.5413988764213675
DoubleBendedLine,0,piecewise,7,14,3.1443460191518118,3.7975322665366544,10.214108394363945,0.12008851450237454,7.043125379622653
DoubleBendedLine,1,piecewise,7,14,3.460098681435632,4.148304722633428,10.439219994379378,0.13118091351954675,7.076346991828539
DoubleBendedLine,2,piecewise,7,14,3.487155868018249,4.139788061135614,10.29350528972545,0.13091159303560923,7.08099490683826
DoubleBendedLine,3,piecewise,7,14,3.7249108771733086,4.415540119742027,11.22547875906986,0.13963163878237425,7.091480786239593
DoubleBendedLine,4,piecewise,7,14,3.5651278421683745,4.288967765184438,10.847449994824967,0.1356290694902505,6.9962330653330085
DoubleBendedLine,5,piecewise,7,14,3.89448609912224,4.58570549281487,11.466219752304127,0.14501274036039888,7.121430943054385
DoubleBendedLine,6,piecewise,7,14,3.8662784387985583,4.653268544804057,12.162592534558591,0.14714927165998093,7.092906767081362
GShape,0,piecewise,7,14,4.015787323448714,4.753966493625112,10.474303029053987,0.15033362039979692,8.20508174835112
GShape,1,piecewise,7,14,4.620376835710184,5.447487086486668,12.169875288019986,0.17226466717652525,7.8752077990584795
GShape,2,piecewise,7,14,5.378884402230078,6.276170385273516,13.697389574305426,0.19846993400760812,8.072873106229483
GShape,3,piecewise,7,14,5.146081186463802,6.105432739549406,14.524449041493762,0.19307073557937712,7.83803878166004
GShape,4,piecewise,7,14,4.6895289141540335,5.505600423400424,12.121612339050527,0.17410237224732736,7.952814847020366
GShape,5,piecewise,7,14,5.189792008008202,6.121736658784976,14.165534835742518,0.19358631077509544,8.350305112316143
GShape,6,piecewise,7,14,5.136985405754049,5.955466971303686,12.275916675847826,0.18832840159224287,8.507046045226812
JShape,0,piecewise,7,14,2.6514890358896555,3.190370365887125,6.8777457599732505,0.10088836935708075,5.4657898715806015
JShape,1,piecewise,7,14,3.0323692544544385,3.5883505441365937,7.720658289491764,0.11347360762576199,5.691730177122026
JShape,2,piecewise,7,14,2.7912732677886933,3.4942128327985915,9.086031454223498,0.11049671181032654,5.34185358281473
JShape,3,piecewise,7,14,3.039950357796505,3.719407269794813,8.377008360274205,0.11761798518340003,5.556150029515091
JShape,4,piecewise,7,14,3.211285604400669,3.762016603926251,8.812563617537228,0.11896541063778499,5.610222347377985
JShape,5,piecewise,7,14,3.255065980199615,3.875517110562087,9.18542375650823,0.12255461180330796,5.540999607345074
JShape,6,piecewise,7,14,3.0739994589174953,3.752112696167505,9.100934753933482,0.11865222157524648,5.483242034437401
JShape_2,0,piecewise,7,14,2.9165590791137945,3.347404559495608,7.322784442618809,0.10585422658038736,6.5697209951179785
JShape_2,1,piecewise,7,14,3.308978139699899,3.7662767533037047,7.051771356006598,0.11910012838983801,7.1518103342327395
JShape_2,2,piecewise,7,14,3.4981519886279346,4.012320186717045,9.06812675800822,0.12688070491897932,6.645863264857194
JShape_2,3,piecewise,7,14,3.616855032439211,4.179835759985182,9.835912224895235,0.1321780124697406,6.60050609697317
JShape_2,4,piecewise,7,14,3.838178010539532,4.377200802617471,9.619253750174279,0.13841924312188328,6.984321539112484
JShape_2,5,piecewise,7,14,3.7340116865700987,4.593005707790025,11.189738943087482,0.14524359342770252,6.860103586319494
JShape_2,6,piecewise,7,14,4.1547411201780715,4.764090832609873,10.911066452211813,0.15065378010975172,6.988961645890774
Khamesh,0,piecewise,7,14,2.4975255794750524,2.902931457010113,6.502898052954385,0.09179875295503123,4.536294966461371
Khamesh,1,piecewise,7,14,2.6389497255037657,3.1365735033201108,7.910587053311197,0.09918716319025256,4.611473562283158
Khamesh,2,piecewise,7,14,2.62819568615168,3.1135710370421052,7.318695148179471,0.09845976133785543,4.413622243636822
Khamesh,3,piecewise,7,14,2.7666127925176895,3.2205122026355655,7.477168164897704,0.10184153792694109,4.419901383328843
Khamesh,4,piecewise,7,14,2.89187823726072,3.451733563042231,8.705488663719935,0.10915339935261847,4.672566651422525
Khamesh,5,piecewise,7,14,2.6722842830065328,3.1323434931528804,7.403021450650628,0.09905339852371138,4.610426398481676
Khamesh,6,piecewise,7,14,2.731658178723569,3.3300898705415936,8.01310852169437,0.10530668803966692,4.420811584498777
LShape,0,piecewise,7,14,2.907140751947218,3.5679567175634745,8.94620439631407,0.11282869820398676,5.117855669541947
LShape,1,piecewise,7,14,2.7991372386330564,3.4705339844084473,8.20251491785761,0.10974792087749988,4.897102711103299
LShape,2,piecewise,7,14,2.9199014215426695,3.6784497479562486,10.991134466625235,0.1163227946201405,4.8611387627199045
LShape,3,piecewise,7,14,2.77037767450095,3.3351718236978023,8.080543281928378,0.10546739350902591,4.84230966222946
LShape,4,piecewise,7,14,2.8427510205922806,3.4841210183755935,8.280810880453458,0.11017758061732244,4.751681321198803
LShape,5,piecewise,7,14,3.1817962969031757,3.752570691739726,8.104381890805193,0.11866670466691137,5.156251140506937
LShape,6,piecewise,7,14,2.9506455669012674,3.6701866943775983,8.758136986900366,0.1160614939227751,4.7878760497706
Leaf_1,0,piecewise,7,14,3.2470328791471594,3.9579375988479994,9.94869986916698,0.12516097649177507,7.0158483447476305
Leaf_1,1,piecewise,7,14,3.6076132961797955,4.255595196164584,9.506737817276617,0.13457373619551138,6.8153393131445705
Leaf_1,2,piecewise,7,14,3.687442751972073,4.2523684480777915,9.313918318969755,0.13447169746161283,6.948604054055572
Leaf_1,3,piecewise,7,14,3.580756367262458,4.201097942875137,9.744418642875587,0.13285038172933383,6.879908052410323
Leaf_1,4,piecewise,7,14,3.963921416465895,4.674231947460736,10.801294012151216,0.14781219265900425,6.93392707422656
Leaf_1,5,piecewise,7,14,3.492798917033034,4.153947950282245,9.733538599390132,0.13135936804679774,6.767267479196255
Leaf_1,6,piecewise,7,14,3.8592511943700893,4.462381488507916,10.701723065997712,0.141112892922575,6.78508192906665
Leaf_2,0,piecewise,7,14,3.6283831331479868,4.116135435459299,8.523372121845064,0.13016363133780384,6.471295367918215
Leaf_2,1,piecewise,7,14,3.869464799268427,4.409486921420738,9.133960257486597,0.1394402198441344,6.600635851298625
Leaf_2,2,piecewise,7,14,3.9677645035245215,4.515945048413737,9.865413520394094,0.1428067214114677,6.583537532802071
Leaf_2,3,piecewise,7,14,3.762003404182807,4.235986667106941,9.389154435310672,0.13395366006163392,6.5878354101626195
Leaf_2,4,piecewise,7,14,3.889664901364583,4.4033257949950535,9.147840397578998,0.13924538791956023,6.599412383385582
Leaf_2,5,piecewise,7,14,3.6427874700786687,4.156590364610739,8.011487642775833,0.13144292852479683,6.333107797050389
Leaf_2,6,piecewise,7,14,3.7365751566596437,4.279719041569783,8.77930435878732,0.1353365991695335,6.337442603787792
Line,0,piecewise,7,14,1.8949182404699267,2.4841890992240327,8.314680574624747,0.07855695692109968,3.702266025567227
Line,1,piecewise,7,14,1.9633622601178546,2.381493902808713,5.502006554478555,0.075309449666792,3.651332767677278
Line,2,piecewise,7,14,1.9595117321087419,2.356371921823565,5.578356511287501,0.0745150228743069,3.5914496918981262
Line,3,piecewise,7,14,1.9163174472830906,2.5161357875346146,8.033642681953701,0.07956719990870884,3.619757745400784
Line,4,piecewise,7,14,1.9861403109994216,2.6665447937388715,7.776818048020485,0.08432355031078732,3.6507051590430257
Line,5,piecewise,7,14,1.9797668496286187,2.492210269890564,7.058510872853356,0.07881060860917138,3.6172672352749258
Line,6,piecewise,7,14,1.7170912867722437,2.3136077440001954,6.49121705527887,0.0731627008324438,3.5041163783675033
Multi_Models_1,0,piecewise,7,14,1.1597620157432749,1.4548199317067498,4.070441972691206,0.04600544569603942,3.9965495881551156
Multi_Models_1,1,piecewise,7,14,1.4026205841725892,1.6559412086780008,3.828775812990268,0.05236545890754666,4.5029551742065514
Multi_Models_1,2,piecewise,7,14,1.3471766569729076,1.5651751061949628,3.5067551082837443,0.04949518272572001,4.512085667293338
Multi_Models_1,3,piecewise,7,14,1.0006939735050042,1.1817418769341461,2.3540305722892043,0.037369959375143,4.656476442363866
Multi_Models_1,4,piecewise,7,14,1.0342652895698998,1.1994819676557686,2.442336056358384,0.037930950300926476,4.534320589876933
Multi_Models_1,5,piecewise,7,14,0.4769660987820505,0.5890673250591242,1.569585739777298,0.01862794442369613,3.47774904708759
Multi_Models_1,6,piecewise,7,14,0.47454221089132714,0.611551219863812,1.6963391019275516,0.019338947606240536,3.5540292154570303
Multi_Models_2,0,piecewise,7,14,1.5941205707728543,1.8591776235954496,4.424332221352515,0.058792358653808274,4.809207830242975
Multi_Models_2,1,piecewise,7,14,1.7011496206656107,2.079927689988638,4.774489200491102,0.06577308868816692,4.820341361520342
Multi_Models_2,2,piecewise,7,14,1.6539159976278792,1.9120491091084857,4.391370248558956,0.06046430182878616,4.992956054387984
Multi_Models_2,3,piecewise,7,14,1.6569754977768485,1.972222083513277,4.48851001142715,0.06236713835584772,4.737060615100848
Multi_Models_2,4,piecewise,7,14,1.3000436427364528,1.553345924699767,4.2540874276226885,0.049121111161916656,5.551317402830827
Multi_Models_2,5,piecewise,7,14,1.365153319950775,1.6516312318664512,4.85910470022312,0.052229165473676585,5.839261628714216
Multi_Models_2,6,piecewise,7,14,1.4216480377603988,1.7159618315079068,4.282903438395595,0.0542634776547907,5.629781830926006
Multi_Models_3,0,piecewise,7,14,2.432890139309267,2.7614645569052882,5.694615895759883,0.08732517677648366,7.442755421159431
Multi_Models_3,1,piecewise,7,14,2.60723110608208,2.9731575751417116,6.9733515725166715,0.09401949780031024,7.517361539010617
Multi_Models_3,2,piecewise,7,14,2.7409017919196565,3.1453032119179407,7.495803544013624,0.09946322081503954,7.318473337541398
Multi_Models_3,3,piecewise,7,14,2.6645859930192772,3.0894298431871703,7.334298506770885,0.09769634975768289,7.415345823930399
Multi_Models_3,4,piecewise,7,14,2.0586629595787267,2.3966469458067876,5.483666188764617,0.0757886309603558,6.946770286339909
Multi_Models_3,5,piecewise,7,14,2.2689254842177236,2.7461493351518174,6.364791243377397,0.0868408669403684,6.763055602618864
Multi_Models_3,6,piecewise,7,14,2.138306009481916,2.497484874226417,5.811866596212466,0.07897740624374633,6.643133110764444
Multi_Models_4,0,piecewise,7,14,2.4878625895209714,2.8845799377700287,6.531270212071142,0.09121842696180056,5.923052674678178
Multi_Models_4,1,piecewise,7,14,2.5602248048838456,3.108011147781067,7.598241567871662,0.0982839422018235,5.999297870628009
Multi_Models_4,2,piecewise,7,14,2.8659158009676884,3.3209474392489264,8.764619792971397,0.10501757897730266,6.180387196366227
Multi_Models_4,3,piecewise,7,14,2.7849149606278,3.250411435168362,8.274371832295111,0.10278703467788752,5.963967076074959
Multi_Models_4,4,piecewise,7,14,1.4207804518819918,1.6786715636788418,4.229404122575465,0.05308425584581523,5.501302858919304
Multi_Models_4,5,piecewise,7,14,1.6053608731007352,1.8959233485743523,4.64540965851374,0.05995436050588301,6.18317875666422
Multi_Models_4,6,piecewise,7,14,1.573790817660487,1.8584197089787087,4.364221769137907,0.05876839128919991,5.630994668693487
NShape,0,piecewise,7,14,4.840997553181994,5.732655788966389,13.16234951968236,0.1812824933488335,7.950006019978571
NShape,1,piecewise,7,14,5.063655780112211,6.001172915117145,15.117313512721122,0.189773750442825,8.028254949204609
NShape,2,piecewise,7,14,5.177553684707382,6.1723092758291065,15.17760711809675,0.1951855573460445,8.097041937401768
NShape,3,piecewise,7,14,5.262672801762303,6.228866529147213,14.54606878918857,0.19697405473292784,7.848725601624874
NShape,4,piecewise,7,14,5.306528608928677,6.281459185767476,14.998001357743712,0.1986371805641195,8.320369245647257
NShape,5,piecewise,7,14,5.492804691437832,6.470572619069965,15.003213993005403,0.20461747241782152,8.37398918823988
NShape,6,piecewise,7,14,5.490157313593218,6.54507571008126,16.93085335758241,0.2069734670210066,8.014285046760252
PShape,0,piecewise,7,14,3.680070518103651,4.27415407593836,9.41695092993961,0.13516061950457497,6.542767517091798
PShape,1,piecewise,7,14,4.121398268140475,4.830680683522262,11.331688381115887,0.15275953608909368,6.564544040590203
PShape,2,piecewise,7,14,4.197201310353591,4.84735417574873,10.262966919153964,0.15328679820894117,6.5867646507536435
PShape,3,piecewise,7,14,4.246028966523895,4.940520803946438,11.042408693937917,0.1562329856791694,6.6420574725690775
PShape,4,piecewise,7,14,3.946351330980897,4.5745677012843,10.08008437032459,0.1446605324669916,6.727359899817635
PShape,5,piecewise,7,14,3.97604569120476,4.704824348022382,10.324210706897983,0.14877960930767437,6.331322329747341
PShape,6,piecewise,7,14,4.158704495760746,4.8569657146372895,11.012648072830412,0.1535907417560125,6.405980952084243
RShape,0,piecewise,7,14,3.0557373262019,3.5837813597235315,9.068503306431927,0.11332911732781584,4.90027180383245
RShape,1,piecewise,7,14,3.359577719393089,3.91793931963162,9.343979147169444,0.12389611984366371,5.3230081383518195
RShape,2,piecewise,7,14,3.191904665535498,3.78241176734496,9.690808603008579,0.11961036233432965,5.081860975858234
RShape,3,piecewise,7,14,3.1170851856512614,3.7759206688172338,10.673946346771956,0.11940509577568785,5.119411022729516
RShape,4,piecewise,7,14,3.0139795004069576,3.536580254526315,8.952673031279513,0.11183648732281166,4.819232311217467
RShape,5,piecewise,7,14,3.287013640065655,4.0731199030945175,11.810553689113757,0.12880336076742988,5.019396184245167
RShape,6,piecewise,7,14,3.061036239415184,3.6182813911290013,8.955604348311876,0.11442010411370208,4.798603085511569
Saeghe,0,piecewise,7,14,2.586118258434683,3.119235280932849,7.732891033441769,0.09863888045702987,4.825217733978345
Saeghe,1,piecewise,7,14,2.747900930503153,3.2255766367676357,7.299509333770916,0.1020016893961135,5.10297058888524
Saeghe,2,piecewise,7,14,2.7211855317322,3.1999678943235277,7.225753311462038,0.10119186985475341,4.962952016239446
Saeghe,3,piecewise,7,14,2.740107792286234,3.2162844168525377,7.469661522415131,0.10170784360160463,5.08060660503032
Saeghe,4,piecewise,7,14,2.697169513638023,3.159959880559539,7.986600482589326,0.0999267053732177,4.860044371986481
Saeghe,5,piecewise,7,14,2.820971982458433,3.3635608963255823,7.934314974362637,0.10636513481066319,4.961851385729982
Saeghe,6,piecewise,7,14,2.753189463632586,3.267107338082248,8.160962743219775,0.10331500548589675,4.719327037021345
Sharpc,0,piecewise,7,14,3.7892889435538284,4.4192804324893915,9.697601398359705,0.13974991785680457,7.0653491800532295
Sharpc,1,piecewise,7,14,3.719907096419377,4.487702010165049,9.96626542148826,0.14191359812237664,7.006049535280706
Sharpc,2,piecewise,7,14,3.941264703111084,4.588094768740236,10.579659370308603,0.14508829589922656,6.615366642474918
Sharpc,3,piecewise,7,14,4.063638570683064,4.717770134381799,11.267718305484928,0.14918899101765137,6.914206860403416
Sharpc,4,piecewise,7,14,4.144115812975478,4.951297051934166,11.626319572860963,0.15657376056188968,7.0744047675515755
Sharpc,5,piecewise,7,14,4.040414341870988,4.903684314202664,12.960121197488728,0.15506811359321185,6.930874773308412
Sharpc,6,piecewise,7,14,4.261244490828152,5.122080408759583,13.782924194996328,0.16197440450206552,6.866122126284679
Sine,0,piecewise,7,14,2.926282909881531,3.413232302442242,7.704588940275925,0.10793588258978186,5.852383507362693
Sine,1,piecewise,7,14,3.184047321051986,3.706913532007414,8.686982769500903,0.11722289850442906,6.167707153117271
Sine,2,piecewise,7,14,3.328408792744721,3.8614184728010033,8.580558773259137,0.12210877373100115,6.3168682048229465
Sine,3,piecewise,7,14,3.528750098908863,4.148045990301657,9.716808956429904,0.13117273168481952,6.2492396687791585
Sine,4,piecewise,7,14,3.3394931559216245,3.8723548842878897,9.43930987016214,0.12245461342827504,6.472982530565677
Sine,5,piecewise,7,14,3.281598860406521,3.7981742485730976,8.818011767697715,0.12010881575689526,6.257539649274688
Sine,6,piecewise,7,14,3.366445787262596,3.9213514510509984,8.79643296373383,0.12400402091327431,6.1986212893471375
Snake,0,piecewise,7,14,4.329143633051722,4.897472402582724,10.541590821623744,0.15487167569978508,7.62292825875935
Snake,1,piecewise,7,14,4.315753530489684,4.94957345283583,11.498050150594088,0.15651925557265217,7.539183306652899
Snake,2,piecewise,7,14,4.217428755641931,4.919825376750831,11.333912797782057,0.15557853880828632,7.103488222240092
Snake,3,piecewise,7,14,4.336066309150526,4.8887539747469475,10.087775896317348,0.1545959748040164,7.519640904007937
Snake,4,piecewise,7,14,4.368672752674343,4.992740156921705,11.613444521788269,0.15788430661259079,7.304361360281949
Snake,5,piecewise,7,14,4.35037118603573,5.056938632399158,12.078895439129663,0.15991444066078292,7.5431607269477245
Snake,6,piecewise,7,14,4.471294283874519,5.263374802858746,13.425926861196052,0.1664425255617336,7.443839527159897
Spoon,0,piecewise,7,14,2.4964612247291265,2.8625909678136416,5.870813725512418,0.0905230746771686,4.913543569650819
Spoon,1,piecewise,7,14,2.7173386385228127,3.1506375590946902,6.790089750963606,0.0996319076841257,5.09810161541022
Spoon,2,piecewise,7,14,2.790124197910173,3.2678561717699512,7.182889895454015,0.10333868568631481,5.294857415772443
Spoon,3,piecewise,7,14,2.7905838304766077,3.2526740094155575,6.850690917104466,0.10285858355785132,5.142795666319846
Spoon,4,piecewise,7,14,2.681547726532088,3.135585652508725,6.795443461707182,0.09915592460472833,5.129741533854436
Spoon,5,piecewise,7,14,2.741613489522052,3.2498260167303425,7.768873118109832,0.10276852212140353,5.194430635127752
Spoon,6,piecewise,7,14,2.668300114946103,3.1450084358971355,6.7765198121282815,0.09945389917878608,5.0849152748955095
Sshape,0,piecewise,7,14,5.099759702758747,5.925144807653747,14.213897153387707,0.18736953058506112,8.701428530131905
Sshape,1,piecewise,7,14,5.019130660362447,5.865752304547293,12.990934721440784,0.18549137472751093,8.415745018658843
Sshape,2,piecewise,7,14,5.202004100581286,6.115137943205244,14.743544963412145,0.19337764106645958,8.074539527397086
Sshape,3,piecewise,7,14,5.371648751690239,6.253018939313581,14.26477606273795,0.19773782100401113,8.161215144032758
Sshape,4,piecewise,7,14,5.545913952747281,6.3489919777878345,15.140693887465552,0.20077275495946725,8.41305878035401
Sshape,5,piecewise,7,14,5.423105249206203,6.275285690123678,14.019798953961876,0.1984419574905242,8.28019709789656
Sshape,6,piecewise,7,14,5.455864717519604,6.404052273512569,14.414166820985214,0.20251391439079316,8.182051232511489
Trapezoid,0,piecewise,7,14,2.53067121234552,2.9445227018989413,6.670164671524636,0.09311398360073658,5.161623402950793
Trapezoid,1,piecewise,7,14,2.827885103495785,3.3236608623707933,7.410483770823879,0.10510338495051129,5.150844896574108
Trapezoid,2,piecewise,7,14,2.6862271227564434,3.1044717896600287,7.252348470275927,0.09817201787064857,5.336204855857528
Trapezoid,3,piecewise,7,14,2.945761514081705,3.470618517030524,8.023650501572954,0.10975059403372338,5.337977223541036
Trapezoid,4,piecewise,7,14,3.092277382075109,3.6309424717176997,7.945327947135162,0.11482048263669438,5.651886083200446
Trapezoid,5,piecewise,7,14,3.14626277126812,3.6609323387243307,8.166786126247867,0.1157688455013593,5.624823307725701
Trapezoid,6,piecewise,7,14,3.1478732860904493,3.6673883678227486,9.214610066265532,0.11597300306727253,5.774307083783036
WShape,0,piecewise,7,14,3.716931178392991,4.291974564831944,9.354573339236678,0.13572415284378958,7.547367170556922
WShape,1,piecewise,7,14,3.9715818483334413,4.528136826649426,9.3880051337397,0.14319225929099216,7.5453157232697246
WShape,2,piecewise,7,14,3.9440206852975863,4.555906169037116,10.729069354889893,0.1440704030016938,7.677638981258266
WShape,3,piecewise,7,14,4.168092895637908,4.848841048887503,11.36423449650689,0.15333381726604364,7.702916590782549
WShape,4,piecewise,7,14,4.309747810912853,5.0800688868245265,11.931781499129611,0.16064588352921647,7.600250276511795
WShape,5,piecewise,7,14,4.3068027838606,5.0364928804809885,11.936976648110393,0.1592678892154212,7.9335972562219625
WShape,6,piecewise,7,14,4.267805272355868,5.003568458692353,13.047014090418642,0.15822672758045958,8.157201082185232
Worm,0,piecewise,7,14,2.177339850263493,2.5349048066693767,5.89963953000172,0.08016072840784015,4.4162086026123
Worm,1,piecewise,7,14,2.212026309930988,2.5482119009733273,5.308120880454245,0.08058153567823152,4.459788486856383
Worm,2,piecewise,7,14,2.2523421164020814,2.613337012560478,5.886132263752135,0.08264097253311169,4.511041354799434
Worm,3,piecewise,7,14,2.310009993725154,2.642081123163599,5.507884024057723,0.08354994112132828,4.565086112492994
Worm,4,piecewise,7,14,2.2216642653491983,2.6468925030015273,5.476574487313398,0.08370209031108895,4.345403361083524
Worm,5,piecewise,7,14,2.293167684743199,2.6530182066688868,5.4122333392289494,0.08389580206968997,4.386978779024446
Worm,6,piecewise,7,14,2.2811511306422316,2.6265731247048074,5.89477223054319,0.08305953515052666,4.462072211900794
Zshape,0,piecewise,7,14,4.590627445472712,5.358953750071905,11.700106637327346,0.16946499725727945,8.163537953849861
Zshape,1,piecewise,7,14,4.984594985501752,5.819221897881455,13.860443841424315,0.18401995407233165,8.237027415145558
Zshape,2,piecewise,7,14,4.740068450471732,5.556765485166211,12.85245568958772,0.17572035356535814,8.406848636287883
Zshape,3,piecewise,7,14,4.916058994697658,5.783832750954497,13.345637420830448,0.18290085098493628,7.896424087283212
Zshape,4,piecewise,7,14,4.958157655296119,5.912088624370401,15.303794378379843,0.18695665781782125,8.198825027016422
Zshape,5,piecewise,7,14,5.417725920650206,6.2731106167096256,14.787718869738306,0.19837317562985934,8.148425251422657
Zshape,6,piecewise,7,14,4.9955952647410635,6.003722087673422,16.94503081306946,0.18985436235709127,7.876195529893905
heee,0,piecewise,7,14,4.506486630301904,5.3625444301644904,13.243522948726488,0.1695785445316954,8.329099117958787
heee,1,piecewise,7,14,4.8686428987508314,5.70899551947862,13.128939274866298,0.18053428993248613,8.201495497775724
heee,2,piecewise,7,14,4.856093692062981,5.680501390189252,12.773639144962438,0.17963322644750895,8.539886347892564
heee,3,piecewise,7,14,5.192676999282054,6.1053628677498155,13.411518896502368,0.19306852603906793,8.83296292620186
heee,4,piecewise,7,14,5.150944935584631,6.078613184717995,14.361125001933793,0.1922226267883868,8.48513574950178
heee,5,piecewise,7,14,4.820611074997787,5.803500882861231,14.384490821798366,0.18352281192639538,7.989870569457377
heee,6,piecewise,7,14,5.327045479374076,6.316709221048259,14.047747386026874,0.19975188455500514,8.43021309548774
Angle,0,piecewise,12,24,1.8966363779606275,2.3408417254977554,6.427134305400488,0.07402391494531553,3.2239080993379967
Angle,1,piecewise,12,24,1.9092173907556407,2.28460286365898,5.648511916158096,0.07224548598105499,3.200371145124899
Angle,2,piecewise,12,24,1.9892243254043982,2.5321555840625636,8.008039880893879,0.0800737903555166,3.318436465530591
Angle,3,piecewise,12,24,2.1101123365385477,2.5554868568271814,7.000786264184989,0.08081158998198505,3.3435404648615146
Angle,4,piecewise,12,24,2.0726346087731633,2.4994538161143667,6.1348373726642285,0.07903966965321066,3.2814107468534774
Angle,5,piecewise,12,24,1.99851361130412,2.485102037699467,7.530073029137575,0.07858582657055942,3.234758638801857
Angle,6,piecewise,12,24,2.012754749466272,2.4941399406038145,7.183177512420764,0.07887163015505129,3.186801880152685
BendedLine,0,piecewise,12,24,1.685699534876033,2.1262080202745306,5.493813914233493,0.06723660123384984,3.927476323213602
BendedLine,1,piecewise,12,24,1.7888347615039262,2.2480910373832894,5.592827261160887,0.07109088065541933,4.012454082929428
BendedLine,2,piecewise,12,24,1.8466508097189025,2.2991031484404783,5.475703151187646,0.07270402524736108,3.9240651335624595
BendedLine,3,piecewise,12,24,1.9159156562433624,2.3212758804080837,5.740570940405312,0.0734051885970217,3.963925050729948
BendedLine,4,piecewise,12,24,2.0874975158455373,2.561455584319999,6.629115604114897,0.08100033771808675,4.0837384530536465
BendedLine,5,piecewise,12,24,2.255289444850221,2.7530414907893386,7.505480711970651,0.08705881603839777,4.158129503835961
BendedLine,6,piecewise,12,24,2.057754160551451,2.5823956938474466,7.774482177425284,0.08166252212368802,3.982188712788724
CShape,0,piecewise,12,24,2.068962466827798,2.5523097524034593,6.182569064840111,0.08071112111855348,3.8783122704779465
CShape,1,piecewise,12,24,2.3550993063825483,2.8919146532680893,6.993845710591542,0.09145037103143262,3.8554542839942836
CShape,2,piecewise,12,24,2.354420524404441,2.861031869696914,6.465849966339352,0.09047377166572322,3.702438716550833
CShape,3,piecewise,12,24,2.1404788127716947,2.64613133188113,6.681674725282117,0.08367801996679297,3.703649163735489
CShape,4,piecewise,12,24,2.61478597997151,3.1887643565300996,7.8086973860594755,0.10083758288196332,3.818865750123897
CShape,5,piecewise,12,24,2.444893942815612,2.987151584399073,7.0815889366929765,0.09446202722881768,3.8460082865184657
CShape,6,piecewise,12,24,2.5282598727735577,3.226581513415784,8.243588660278832,0.10203346638587013,3.826002081371524
DoubleBendedLine,0,piecewise,12,24,1.804812110622989,2.2577258469035413,6.164340406223287,0.07139556008447803,4.0426587609489735
DoubleBendedLine,1,piecewise,12,24,2.0433330259032148,2.5299765898410937,6.558320854046498,0.0800048845080347,4.178878940283515
DoubleBendedLine,2,piecewise,12,24,2.039290607626198,2.4783568491929753,6.4302308889324715,0.0783725249812824,4.1409695903184796
DoubleBendedLine,3,piecewise,12,24,2.152264305675303,2.629880494379299,6.805999677983516,0.08316412336288229,4.097478160923951
DoubleBendedLine,4,piecewise,12,24,2.101951925604593,2.5594632902197088,6.475951600356896,0.08093733584682841,4.124885898821217
DoubleBendedLine,5,piecewise,12,24,2.2149946332183754,2.697088250877331,7.195635138528004,0.08528941923251993,4.050324206640755
DoubleBendedLine,6,piecewise,12,24,2.2228928241344446,2.7497293685522175,7.382340778846855,0.08695407753681582,4.0780227819544494
GShape,0,piecewise,12,24,2.3673325602308104,2.901821261462468,6.468206280427393,0.09176364548924387,4.836948677238688
GShape,1,piecewise,12,24,2.775351523607661,3.3422704729275488,7.817494170028309,0.1056918725077919,4.730451809670281
GShape,2,piecewise,12,24,3.133816062004694,3.717080682374127,8.607018481271854,0.11754441202915138,4.703372951524817
GShape,3,piecewise,12,24,2.995831440448458,3.64459182478871,8.685388783274494,0.11525211307961646,4.562975624115067
GShape,4,piecewise,12,24,2.8012648073899027,3.4008794897116545,8.715273500331271,0.10754525235240003,4.750571061286417
GShape,5,piecewise,12,24,3.0044558945060618,3.625694476133082,8.461747057355877,0.1146545264447154,4.834128877787329
GShape,6,piecewise,12,24,2.8901134101307777,3.4736382872543676,8.621020858578477,0.10984608755290039,4.78613932373067
JShape,0,piecewise,12,24,1.5701043046430265,1.8916812622525379,4.074825126539096,0.05982021395780321,3.2366191560597883
JShape,1,piecewise,12,24,1.7553925949718927,2.107545977551445,4.613788484581831,0.06664645562588664,3.2948563209514576
JShape,2,piecewise,12,24,1.7193879241919394,2.171784128838413,5.8548545841946,0.0686778443333396,3.2905121290289947
JShape,3,piecewise,12,24,1.7688091681215454,2.1597729403942676,5.214435417657685,0.06829801720444964,3.2328715784650854
JShape,4,piecewise,12,24,1.8799225200224994,2.2480957826624524,5.112343630081234,0.07109103071432221,3.284286928174904
JShape,5,piecewise,12,24,1.9176159212072452,2.327919594725376,5.302090030119295,0.07361528129068283,3.264299135895367
JShape,6,piecewise,12,24,1.7681194337214605,2.214648219337817,5.722009465129264,0.0700333258914366,3.153880451332694
JShape_2,0,piecewise,12,24,1.6820530277189982,1.9879675741516338,4.557125939441975,0.06286505448878837,3.78892345100893
JShape_2,1,piecewise,12,24,1.872527121721032,2.1568950989413587,4.589749252559532,0.06820701186708925,4.047158444349868
JShape_2,2,piecewise,12,24,2.0092223897997337,2.332944046839777,5.561560856322431,0.07377416841744239,3.817163266406852
JShape_2,3,piecewise,12,24,2.1051448879268215,2.43811871890954,5.904414696494757,0.07710008357645987,3.8417413866881107
JShape_2,4,piecewise,12,24,2.154119423724138,2.5198171080384193,5.995232136489007,0.07968361348459983,3.919844949250331
JShape_2,5,piecewise,12,24,2.094875957743775,2.6024940727107038,6.970086842946631,0.0822980886685368,3.8486933831246777
JShape_2,6,piecewise,12,24,2.3322490620015177,2.7307659935183364,7.1348591091307885,0.08635440296450546,3.923228613169219
Khamesh,0,piecewise,12,24,1.4457464687800943,1.7337299080519453,4.241749217151513,0.05482535356998445,2.625932035693072
Khamesh,1,piecewise,12,24,1.5195893876810567,1.8665363773828334,4.930451711661284,0.05902506288089349,2.6554300065263767
Khamesh,2,piecewise,12,24,1.5905930086972355,1.9430278704013575,4.508642965042947,0.06144393627654754,2.6711392613381593
Khamesh,3,piecewise,12,24,1.6800307961703334,2.0107585157566037,4.826686638087054,0.06358576734370436,2.6839933871884
Khamesh,4,piecewise,12,24,1.6853029077412351,2.0656583876202004,5.670409179845114,0.06532185372710796,2.723036559006809
Khamesh,5,piecewise,12,24,1.5142541988418285,1.8409928996784217,4.586141185514108,0.058217307191816794,2.612505554423088
Khamesh,6,piecewise,12,24,1.6798568730166337,2.0845463418541255,5.390008877857751,0.0659191432843102,2.718616400241538
LShape,0,piecewise,12,24,1.66628455031484,2.091932200578547,5.675041955637998,0.06615270464476417,2.933399020046412
LShape,1,piecewise,12,24,1.6686476646761716,2.107332033680987,5.149800484532394,0.06663969012666583,2.9193063097372094
LShape,2,piecewise,12,24,1.7155579501501257,2.218350531898321,6.696459391428395,0.07015040329444702,2.856111918586978
LShape,3,piecewise,12,24,1.6223030266978709,2.0160010675728675,5.289787281723778,0.06375155138861283,2.835603857751382
LShape,4,piecewise,12,24,1.6844547641700147,2.070403880394361,5.080824769993892,0.06547191938497013,2.8155797610595457
LShape,5,piecewise,12,24,1.8206007203767645,2.211146598106482,5.12123805444927,0.06992259490549438,2.950369434393779
LShape,6,piecewise,12,24,1.7397488925077191,2.1822567864884572,5.2480979402151196,0.06900901884663285,2.823010038376242
Leaf_1,0,piecewise,12,24,1.8771833019835154,2.343052491920422,6.096856384262433,0.07409382551801803,4.056020943486128
Leaf_1,1,piecewise,12,24,2.150837134390115,2.5940738212949483,6.239288126023915,0.08203181693908636,4.063263901844098
Leaf_1,2,piecewise,12,24,2.1413904907425914,2.5817004630540126,6.647644226157337,0.08164053699562066,4.035228651979005
Leaf_1,3,piecewise,12,24,2.020583995902932,2.4802925911289417,5.8923789960091195,0.07843373851608196,3.8822613655259275
Leaf_1,4,piecewise,12,24,2.2934377205758967,2.7981543647731595,6.630449799869384,0.08848541037424805,4.011817650495161
Leaf_1,5,piecewise,12,24,2.051422223107653,2.4907463181626897,5.93249823836616,0.07876431439072515,3.974612689221011
Leaf_1,6,piecewise,12,24,2.2487884132903524,2.7099609216149374,7.102937857320223,0.0856964888235223,3.9536720614531795
Leaf_2,0,piecewise,12,24,2.160651631741587,2.5163599880663328,5.545592921114586,0.07957428975203733,3.853566280924498
Leaf_2,1,piecewise,12,24,2.240972303837513,2.5952304710391276,5.503459626186645,0.08206839341555293,3.822710089848538
Leaf_2,2,piecewise,12,24,2.2812309030976783,2.656743708021808,6.155194488380078,0.08401361276670266,3.785146335723982
Leaf_2,3,piecewise,12,24,2.199733453317641,2.5707020642630884,5.774606425540588,0.08129273708767903,3.8520650780307135
Leaf_2,4,piecewise,12,24,2.23078002617063,2.610060477442621,5.576761716457358,0.08253735939505213,3.78486005932154
Leaf_2,5,piecewise,12,24,2.1552482140369436,2.4924372366409053,5.124327560509097,0.07881778592801343,3.746971071194973
Leaf_2,6,piecewise,12,24,2.241702511849233,2.6140909538264006,5.651399272630919,0.08266481424933476,3.8020541292448273
Line,0,piecewise,12,24,1.0795293027684716,1.4802931281692375,5.136023533519549,0.04681097889710348,2.1091699767757968
Line,1,piecewise,12,24,1.1285035931488339,1.4130902474794087,3.4137200431028836,0.0446858372140594,2.0987172015105053
Line,2,piecewise,12,24,1.1491363200963673,1.418666828049784,3.6522904233492968,0.04486218417563767,2.106170233702901
Line,3,piecewise,12,24,1.1037450271904272,1.5043835094531581,4.784889895410932,0.04757278364269428,2.0848787954128243
Line,4,piecewise,12,24,1.1439199453842084,1.5977481920833367,5.156141875409247,0.050525234143995526,2.102628108909855
Line,5,piecewise,12,24,1.167219078648232,1.5382127260850746,4.473495061474243,0.04864255740285534,2.132646745940847
Line,6,piecewise,12,24,1.0603397029904262,1.4564459212460716,4.277840399042453,0.046056863999998074,2.163864989884443
Multi_Models_1,0,piecewise,12,24,0.7420307864184182,0.9282823850621238,2.632246253757214,0.029354866486097753,2.5570442846055443
Multi_Models_1,1,piecewise,12,24,0.8242479662898424,0.9951865038195052,2.289496975718417,0.03147056048729495,2.6461551231429636
Multi_Models_1,2,piecewise,12,24,0.7636114903082735,0.9187851543745752,2.084910688576816,0.02905453768173075,2.557556533485687
Multi_Models_1,3,piecewise,12,24,0.5801413427219777,0.6956342670600122,1.5630758586156475,0.021997887023714805,2.6995410856371285
Multi_Models_1,4,piecewise,12,24,0.5872305702091558,0.6985952062690383,1.549835407108444,0.022091520142853007,2.574476483312932
Multi_Models_1,5,piecewise,12,24,0.2909800678061042,0.36077215591219935,1.0173149620545061,0.011408617290519315,2.1216511113016736
Multi_Models_1,6,piecewise,12,24,0.2976160692503089,0.3916738107518099,1.1301328430216262,0.01238581341813466,2.2289612616722696
Multi_Models_2,0,piecewise,12,24,0.9337769370386437,1.112229256727946,2.799178203321863,0.035171777315364645,2.817056275190886
Multi_Models_2,1,piecewise,12,24,1.0378280821327688,1.2675649182245385,3.212204677068407,0.04008392223714617,2.940767566637971
Multi_Models_2,2,piecewise,12,24,0.9399218010641953,1.1166856032007482,2.6887723386440965,0.035312699364333774,2.8375009698229094
Multi_Models_2,3,piecewise,12,24,0.9903913909590002,1.2047023646226696,3.0344173108633283,0.03809603374798289,2.831390118889166
Multi_Models_2,4,piecewise,12,24,0.7278395683065485,0.9039679262702366,2.5570504382551107,0.028585975787531054,3.1079483251071984
Multi_Models_2,5,piecewise,12,24,0.7511570303024181,0.9720884391555432,2.9363628221449103,0.03074013554849523,3.212974220611345
Multi_Models_2,6,piecewise,12,24,0.8087134330509086,1.0196216731894698,2.7020379876724454,0.03224326838950565,3.202536824084958
Multi_Models_3,0,piecewise,12,24,1.4413993858157501,1.6802038039176501,3.573822853062817,0.05313270953658717,4.409563308880804
Multi_Models_3,1,piecewise,12,24,1.5546116192635213,1.8015919780920249,4.518612122005569,0.05697134065058971,4.482371189684133
Multi_Models_3,2,piecewise,12,24,1.6239872660399082,1.91305563047292,4.650512338642049,0.0604961308290385,4.336203340833966
Multi_Models_3,3,piecewise,12,24,1.5436431976068623,1.8255485307942614,4.576653226954697,0.057728913364839,4.29584489635565
Multi_Models_3,4,piecewise,12,24,1.1997117069974879,1.4375460999716227,3.5301969385527174,0.04545919917402442,4.04831767121789
Multi_Models_3,5,piecewise,12,24,1.3452550246689865,1.6678447030537127,4.214598099640819,0.0527418804509692,4.009842806572192
Multi_Models_3,6,piecewise,12,24,1.2334363495133573,1.48767988445051,3.627862415752296,0.04704456864079723,3.8319500656774004
Multi_Models_4,0,piecewise,12,24,1.4594482101359825,1.736556607962341,3.911351971349793,0.05491474166977088,3.4746246279882587
Multi_Models_4,1,piecewise,12,24,1.485530795036613,1.8276911272949992,4.554597834129557,0.057796668215329375,3.4809996834710843
Multi_Models_4,2,piecewise,12,24,1.699524078585584,2.0357148692367932,5.522059791106864,0.06437495653460104,3.665047260516108
Multi_Models_4,3,piecewise,12,24,1.5863790224538439,1.9016786605103582,5.4165830413934986,0.060136359449508334,3.39727151236169
Multi_Models_4,4,piecewise,12,24,0.8512107955693102,1.0483833324500962,2.757139323258059,0.03315279191499819,3.2959127337411913
Multi_Models_4,5,piecewise,12,24,0.9022661989580355,1.117499851568646,3.14809808739094,0.035338448158570096,3.475152090556419
Multi_Models_4,6,piecewise,12,24,0.9370498122773895,1.1183674086224673,2.7950844429429633,0.03536588272147229,3.3527470347539636
NShape,0,piecewise,12,24,2.8415465066773806,3.4935842771313594,8.891378588980459,0.11047683513487994,4.666458015308355
NShape,1,piecewise,12,24,2.8654139100537823,3.5818986463943245,10.356493274739844,0.1132695807048013,4.543016824970522
NShape,2,piecewise,12,24,2.944998077149064,3.7043267249376934,10.811987497827126,0.11714109648235164,4.605606119869952
NShape,3,piecewise,12,24,3.1081298763235483,3.7332192635903563,9.383862309482012,0.11805475877762032,4.635450359997057
NShape,4,piecewise,12,24,2.9967960159479174,3.704326140735405,9.44724774189163,0.11714107800825319,4.698825021807474
NShape,5,piecewise,12,24,3.044928604202697,3.745491194954919,10.374879018942476,0.11844283132163305,4.64210920339153
NShape,6,piecewise,12,24,3.13193243782445,3.9866651514837472,12.434994566263914,0.1260694214710884,4.571854296738212
PShape,0,piecewise,12,24,2.1233588787312474,2.5571458529000384,5.596439128542644,0.08086405204418007,3.7751025233207165
PShape,1,piecewise,12,24,2.4270748656897156,2.901891050308327,6.9828269274868395,0.09176585240632576,3.865833585847141
PShape,2,piecewise,12,24,2.3606991637399726,2.818867915465097,6.470440172985846,0.08914043036040684,3.7046995492994808
PShape,3,piecewise,12,24,2.4361408958310973,2.897403418007936,6.646579952756908,0.09162394101261999,3.810851967558052
PShape,4,piecewise,12,24,2.250976121586809,2.667453797346312,6.295615445761387,0.08435229552879554,3.83724742825829
PShape,5,piecewise,12,24,2.3822262838415065,2.909166203390496,7.384317847466973,0.09199591294698625,3.7933775506555225
PShape,6,piecewise,12,24,2.4353755455183856,2.904002294349553,6.551225346161604,0.09183261580499309,3.751401276927873
RShape,0,piecewise,12,24,1.767526581956159,2.1334339155714863,5.694226655765808,0.06746510410657264,2.834458511147511
RShape,1,piecewise,12,24,1.8980116256757662,2.27677664607189,5.975043128655703,0.07199799925066226,3.0072622734215573
RShape,2,piecewise,12,24,1.7801296888794969,2.156104666009442,5.926384877968476,0.06818201618306462,2.834160962124377
RShape,3,piecewise,12,24,1.7808995163020367,2.1810799670962564,6.413103284368626,0.06897180454989277,2.9248981247284833
RShape,4,piecewise,12,24,1.7555465162408759,2.117907453993079,5.792479993412847,0.06697411428066403,2.807048453305983
RShape,5,piecewise,12,24,1.8898898211762847,2.358209328313097,7.772481704024323,0.07457312676925187,2.885934406060618
RShape,6,piecewise,12,24,1.8493074871930795,2.213399861575468,5.211683230832216,0.06999384935279886,2.8990485312907524
Saeghe,0,piecewise,12,24,1.4896715418978332,1.8110975384658023,4.878091073656021,0.05727193286276348,2.779451217408369
Saeghe,1,piecewise,12,24,1.5981254316625217,1.9107973367822095,4.466948565183959,0.060424717312156165,2.9677878793214445
Saeghe,2,piecewise,12,24,1.5708254299442432,1.8894239900465608,4.278630247058088,0.059748832743104406,2.864902500690349
Saeghe,3,piecewise,12,24,1.6046885060563971,1.9263058961486,4.651053424779079,0.06091514102041348,2.9753541250594426
Saeghe,4,piecewise,12,24,1.5439149061448385,1.8647304795344788,4.840674701412323,0.05896795537666952,2.7819886412383177
Saeghe,5,piecewise,12,24,1.623860590925554,1.9434075232603707,4.844647248759662,0.0614559419540943,2.8562335866570394
Saeghe,6,piecewise,12,24,1.6063331637522644,1.9755966377454588,5.642693119274322,0.06247385113046226,2.7534652555868413
Sharpc,0,piecewise,12,24,2.113218097739007,2.523355670275315,5.954033108277506,0.07979551264770836,3.9402178024806624
Sharpc,1,piecewise,12,24,2.180048834428534,2.659739506250755,6.1566123532036165,0.08410834822484038,4.105890208397656
Sharpc,2,piecewise,12,24,2.2718365882195832,2.7400402055128055,6.576944128857578,0.08664767929856321,3.8132511046513855
Sharpc,3,piecewise,12,24,2.2983490292211575,2.7435986766195493,7.039455201044173,0.08676020803541529,3.9105989248377635
Sharpc,4,piecewise,12,24,2.4059848917227837,2.919683616374344,7.172406063826618,0.09232850274820213,4.107247904454604
Sharpc,5,piecewise,12,24,2.3731172000125444,2.929563879671781,8.076863330634282,0.09264094410722279,4.070814709576244
Sharpc,6,piecewise,12,24,2.3907755169893887,2.9422924771547736,8.317669304155274,0.09304345770188023,3.85224474012527
Sine,0,piecewise,12,24,1.716587136743526,2.084310800857291,5.1489482572983,0.06591169482398676,3.4330673271899985
Sine,1,piecewise,12,24,1.852381856473008,2.2057333339276988,5.250018692278652,0.06975141246168282,3.5881843686602313
Sine,2,piecewise,12,24,1.9716136920351504,2.325880738172113,5.465191626430586,0.07355080698537612,3.741855228407828
Sine,3,piecewise,12,24,2.053916214200336,2.4584147513377235,6.040960187199767,0.07774190047583684,3.6373827339312963
Sine,4,piecewise,12,24,1.9351551481089928,2.25968459324818,5.761098439090194,0.0714575010825539,3.7509361099998393
Sine,5,piecewise,12,24,1.942824051975707,2.2956357003755103,5.30542278947323,0.07259437491182467,3.7046875788153026
Sine,6,piecewise,12,24,1.97783692739337,2.3405645179467185,5.530500052756005,0.0740151488728568,3.6417821226720246
Snake,0,piecewise,12,24,2.47408118731145,2.866568888551695,6.619654987268712,0.09064886757600726,4.356460537190961
Snake,1,piecewise,12,24,2.4857002029677076,2.9333147922582823,7.034175994803926,0.09275955837799818,4.342265920230048
Snake,2,piecewise,12,24,2.5295861067753966,3.041568955991435,6.714211884666047,0.09618285561393375,4.260625646036828
Snake,3,piecewise,12,24,2.4687546343588664,2.883393488078724,6.8117435447637344,0.0911809081282633,4.281334049552616
Snake,4,piecewise,12,24,2.571257686582178,3.0238628169654884,7.370891584753318,0.09562293833503789,4.299107842696966
Snake,5,piecewise,12,24,2.5970594820380812,3.080420679618071,7.371839926285859,0.09741145499076923,4.503072554668203
Snake,6,piecewise,12,24,2.585618915834767,3.086987250151072,7.775077885741219,0.09761910818377352,4.304555027226943
Spoon,0,piecewise,12,24,1.4189751111704785,1.6494425761403158,3.6302062270871795,0.052159954102591014,2.7928316946892555
Spoon,1,piecewise,12,24,1.573313784677995,1.8649365625601926,4.268866556105642,0.05897447229415307,2.951753393376965
Spoon,2,piecewise,12,24,1.6001456794937272,1.9189298229033704,4.601959961159078,0.06068188910398193,3.036618665122364
Spoon,3,piecewise,12,24,1.6029677548093457,1.9130023318014286,4.215893860811183,0.06049444537705675,2.9541257756359887
Spoon,4,piecewise,12,24,1.5492381189831212,1.8519371056039666,4.3386814971030825,0.05856339337088313,2.9636582806810394
Spoon,5,piecewise,12,24,1.5724183327559875,1.9562681747236084,6.087838167437327,0.061862631462268385,2.979201112819192
Spoon,6,piecewise,12,24,1.5812406943813586,1.882711160861153,4.060953750243125,0.059536554445409,3.0133323141233532
Sshape,0,piecewise,12,24,2.9447867962267535,3.576399234636998,8.593953876391794,0.1130956740353587,5.024521416172181
Sshape,1,piecewise,12,24,2.891695799995494,3.4930380735706854,8.00442891462867,0.11045956266170169,4.848603507471036
Sshape,2,piecewise,12,24,3.029206056835353,3.724374545578087,9.076757662951989,0.11777506423581344,4.701927097638111
Sshape,3,piecewise,12,24,3.047391653109425,3.665041955390051,9.021246736186384,0.11589880299109792,4.629941393939793
Sshape,4,piecewise,12,24,3.1747821974163664,3.775257079413723,10.098378011044808,0.11938411123622536,4.816091535003749
Sshape,5,piecewise,12,24,3.1095860588161295,3.688503171090113,8.743002705579666,0.1166407117739849,4.7478306757254485
Sshape,6,piecewise,12,24,3.1900518609653217,3.812188109619029,8.698531971828313,0.12055197295407781,4.784056994113526
Trapezoid,0,piecewise,12,24,1.465436711117459,1.7393657409361603,4.374685324432034,0.0550035742542464,2.988943165254759
Trapezoid,1,piecewise,12,24,1.7023522428110507,2.0329613535795126,5.175345862710169,0.06428788272410162,3.1007456247834275
Trapezoid,2,piecewise,12,24,1.5712901143956446,1.8735547010696119,4.835447379531333,0.059247001762958794,3.1213763971659527
Trapezoid,3,piecewise,12,24,1.7150937659555126,2.074787542122833,5.482453425738736,0.06561054294050696,3.1078997451569723
Trapezoid,4,piecewise,12,24,1.7740073373173955,2.127701349432561,4.780916013019176,0.06728382444820703,3.2424281985179717
Trapezoid,5,piecewise,12,24,1.8079702336604055,2.14135857276302,5.263862257959703,0.06771570377058543,3.2322516742199663
Trapezoid,6,piecewise,12,24,1.7538087129554254,2.137218563428731,5.6517265098312155,0.06758478518027831,3.2171022002592564
WShape,0,piecewise,12,24,2.1602475376703025,2.61827837807081,6.147805347978078,0.08279723223075221,4.386463069552543
WShape,1,piecewise,12,24,2.2395742854313814,2.6567190088799677,6.102907132945036,0.084012831711258,4.25480217067334
WShape,2,piecewise,12,24,2.288299785004337,2.700941117810515,7.072915626668592,0.08541125758282403,4.45452522489207
WShape,3,piecewise,12,24,2.4115292590907664,2.8492507549991473,7.378818664774344,0.09010122010751691,4.456668602191715
WShape,4,piecewise,12,24,2.474589879322356,3.0309332277105474,8.15160760047027,0.09584652435451103,4.3639450009000385
WShape,5,piecewise,12,24,2.443611451025168,2.9808289383637097,7.596759622857163,0.09426208760570985,4.501396993559977
WShape,6,piecewise,12,24,2.3896356208857044,2.917374419325671,8.584149715350648,0.09225547952580268,4.567391675290067
Worm,0,piecewise,12,24,1.255909337127607,1.4862405472584834,3.7395210774625034,0.04699905280231929,2.547309102000247
Worm,1,piecewise,12,24,1.273515737153746,1.4860978434990273,3.380380864916689,0.04699454011321379,2.5676054560878585
Worm,2,piecewise,12,24,1.2812866301260568,1.5194232269248984,3.508907742165549,0.048048381268455564,2.566189627126091
Worm,3,piecewise,12,24,1.320034472701765,1.5580462694563266,3.4597431198131186,0.04926974911410425,2.6086774757303597
Worm,4,piecewise,12,24,1.2996815579470036,1.5598780254564293,3.3386475759984955,0.049327674324884295,2.542076540693466
Worm,5,piecewise,12,24,1.3245922350937922,1.5561477578303398,3.544762381823888,0.049209712905079965,2.5340310108494175
Worm,6,piecewise,12,24,1.3046460500857961,1.5557473821328052,3.9427527990322337,0.049197051913840086,2.551968086750573
Zshape,0,piecewise,12,24,2.6136172476965505,3.1269791212413987,7.250874244311383,0.09888376218914624,4.647809880422638
Zshape,1,piecewise,12,24,2.8474364129363368,3.447924221599162,8.595221282527582,0.10903293739916478,4.705379647586232
Zshape,2,piecewise,12,24,2.750040020851542,3.3100828019009465,8.356705083155349,0.10467400897758918,4.877391632758396
Zshape,3,piecewise,12,24,2.8468637553460776,3.413800648198369,8.249420590764936,0.10795385526066033,4.572777412796457
Zshape,4,piecewise,12,24,2.8812084499996935,3.5308602520103185,9.565641536836658,0.11165560496108724,4.764375316439561
Zshape,5,piecewise,12,24,3.09722531755305,3.685778076588685,9.174631331554677,0.11655453671934776,4.658321472243461
Zshape,6,piecewise,12,24,3.0043428723174515,3.649562559819948,10.60185168264251,0.11540930152305548,4.736731189619669
heee,0,piecewise,12,24,2.60954169937837,3.2259315303230838,8.44909356201444,0.10201291211573481,4.8230768777656285
heee,1,piecewise,12,24,2.7974080674445987,3.3810865046305625,8.351687814804265,0.10691934320690019,4.712387034274978
heee,2,piecewise,12,24,2.768794516374406,3.351984077750099,8.174146200890974,0.10599904366309247,4.8691792189167105
heee,3,piecewise,12,24,2.9222431177447006,3.5225921795325443,8.29348911406073,0.11139414555219607,4.970858985443594
heee,4,piecewise,12,24,2.975930301269625,3.616820263660683,8.598938281059345,0.11437389920618486,4.90224083214015
heee,5,piecewise,12,24,2.9333941832535317,3.6225704483830516,8.970753200191723,0.11455573601307872,4.861922998715596
heee,6,piecewise,12,24,3.1237579454623883,3.792034393552147,9.071323908433587,0.11991465649320102,4.943442897368528
Angle,0,piecewise,17,34,1.3256423262267252,1.64208769782022,4.558708860898755,0.051927372428542055,2.253330729078909
Angle,1,piecewise,17,34,1.3438215242885834,1.6087362183284017,4.064251803930037,0.050872706043236654,2.252612851399167
Angle,2,piecewise,17,34,1.410477059575193,1.8009162437621276,5.739818247755123,0.05694997205483327,2.3529666556521467
Angle,3,piecewise,17,34,1.4884476591719566,1.8162871088429606,4.9212591590410435,0.05743604148745908,2.358492906796445
Angle,4,piecewise,17,34,1.4408131554863155,1.742957176876557,4.377188175088611,0.055117145430668826,2.2811062560704856
Angle,5,piecewise,17,34,1.4049571153565625,1.7674752685212722,5.3337100216473985,0.05589247556544927,2.274038635683927
Angle,6,piecewise,17,34,1.3778928678690576,1.736003285471794,5.1141181250203,0.05489724407626363,2.1816227650877393
BendedLine,0,piecewise,17,34,1.1877660532869827,1.498627948297643,3.8800135706428107,0.0473907768180561,2.7673514498208305
BendedLine,1,piecewise,17,34,1.25981037718385,1.592137760598613,3.9950590209123003,0.05034781672251505,2.8258234915998455
BendedLine,2,piecewise,17,34,1.3143046444094295,1.6410945889861246,3.8921676901096967,0.051895967569740305,2.7928490881236567
BendedLine,3,piecewise,17,34,1.353183530892851,1.6516504774048857,4.1169780432974745,0.05222977407103909,2.7996629595160227
BendedLine,4,piecewise,17,34,1.4630377735623465,1.804395603409076,4.7719481389528156,0.057059999067665644,2.862117712148041
BendedLine,5,piecewise,17,34,1.593853540813812,1.9522318643909524,5.466163440006774,0.061734992122323744,2.93862477296854
BendedLine,6,piecewise,17,34,1.4307400099808514,1.8165467344435375,5.600478356395298,0.0574442515698262,2.768783962586728
CShape,0,piecewise,17,34,1.4537296510170767,1.7947850225311313,4.38834155618618,0.05675608581554998,2.725045830406749
CShape,1,piecewise,17,34,1.666507208300593,2.045202397847175,4.917515399894677,0.06467497853234923,2.7281831972592894
CShape,2,piecewise,17,34,1.6733557109733619,2.03508105077114,4.599525121031868,0.06435491343485569,2.6314317712790043
CShape,3,piecewise,17,34,1.5251536389380111,1.8765700045266072,4.783764212451003,0.05934235403056564,2.638958146054488
CShape,4,piecewise,17,34,1.8384577445423982,2.248906820643614,5.63126612650927,0.07111667798721596,2.6850470239095787
CShape,5,piecewise,17,34,1.7330082442269021,2.1143987445723056,4.955534709751032,0.0668631591464907,2.7261567265472806
CShape,6,piecewise,17,34,1.7837087518050798,2.2758161328848363,5.81407973354294,0.07196762515672508,2.6992768704113628
DoubleBendedLine,0,piecewise,17,34,1.272200398962343,1.599817680618706,4.388183222558166,0.050590677117629254,2.84964404786302
DoubleBendedLine,1,piecewise,17,34,1.4289570876203748,1.7798264938148083,4.660642587155358,0.05628305560366382,2.922401098756819
DoubleBendedLine,2,piecewise,17,34,1.4222855162364856,1.7405975549626393,4.612864975556871,0.055042527634020566,2.8880832626113278
DoubleBendedLine,3,piecewise,17,34,1.5131499934374075,1.8618974098327072,4.800716092478674,0.058878365846393395,2.8807331125470808
DoubleBendedLine,4,piecewise,17,34,1.4716350005703422,1.8095129376837935,4.751473666336884,0.05722182338623116,2.8879473351029783
DoubleBendedLine,5,piecewise,17,34,1.578680898405238,1.9279361299154611,5.164747097161382,0.06096669353863145,2.886765214451746
DoubleBendedLine,6,piecewise,17,34,1.5559002149818566,1.93981311928489,5.261522423825556,0.061342276920161476,2.8543870645740497
GShape,0,piecewise,17,34,1.6552455544852724,2.0500458630315497,4.777547729928449,0.06482814234985275,3.382008058256148
GShape,1,piecewise,17,34,1.961408248991531,2.36967571962349,5.567000584484979,0.07493572590008792,3.343125049933618
GShape,2,piecewise,17,34,2.1942772296340736,2.6296185665192855,6.537835066235445,0.08315584047667933,3.2932705576235093
GShape,3,piecewise,17,34,2.1017576839161127,2.5747030490356857,6.340955421690581,0.0814192593353296,3.201204497029431
GShape,4,piecewise,17,34,1.9647805664909452,2.3909309401225234,6.33340820116082,0.07560787498954838,3.3320054842107822
GShape,5,piecewise,17,34,2.1190762177230535,2.5814203478764703,6.081144464240004,0.08163167897593848,3.40956495885305
GShape,6,piecewise,17,34,2.0531305925042216,2.4815041673603746,6.003199107721183,0.07847205192058448,3.4000634823165137
JShape,0,piecewise,17,34,1.1088517002393175,1.3469548848670798,2.9714510614237755,0.042594453416698375,2.285791232856984
JShape,1,piecewise,17,34,1.2469700577498468,1.4961928209065927,3.227972407039069,0.04731377132857227,2.3405517310388753
JShape,2,piecewise,17,34,1.1952969058185066,1.5219964749539328,4.17925756243922,0.04812975451601844,2.287522734716821
JShape,3,piecewise,17,34,1.248925256902195,1.5392963655259921,3.7343018930551515,0.048676825090812254,2.2826741513072384
JShape,4,piecewise,17,34,1.3310300142177134,1.5963865109659183,3.648219427471073,0.05048217400621667,2.3253535345974656
JShape,5,piecewise,17,34,1.3498142382351674,1.6312944331300925,3.7852488249087166,0.051586059430443316,2.2977476369284497
JShape,6,piecewise,17,34,1.2697154569990152,1.580382811202486,4.080747688498398,0.04997609258379723,2.2648530875290422
JShape_2,0,piecewise,17,34,1.1739852995028857,1.4008713294548525,3.3854638391590743,0.044299441099054586,2.6444709882055673
JShape_2,1,piecewise,17,34,1.2920775340378654,1.5091776018687255,3.3900897686085685,0.0477243861561596,2.7926124230606204
JShape_2,2,piecewise,17,34,1.4019690480612617,1.6488427844281166,3.896783655333874,0.0521409870232686,2.663490501632444
JShape_2,3,piecewise,17,34,1.485613477748845,1.7300619132294301,4.339929336327836,0.05470936138913592,2.711140128559071
JShape_2,4,piecewise,17,34,1.5171950607728955,1.7925879218559286,4.33080689399875,0.05668660739172663,2.76083550916432
JShape_2,5,piecewise,17,34,1.4869323218381079,1.862905651628633,4.869225986887012,0.05891024925146643,2.7317830285169036
JShape_2,6,piecewise,17,34,1.6423823260791695,1.9553700143068096,4.911092245598389,0.061834229136055484,2.762758678057954
Khamesh,0,piecewise,17,34,1.0298210670967851,1.237535435119871,3.043396682771365,0.03913430660146323,1.870480191041298
Khamesh,1,piecewise,17,34,1.0799468468685862,1.3240583535722932,3.564901735626242,0.04187040152260988,1.8871698406663855
Khamesh,2,piecewise,17,34,1.1216206608989974,1.3734733506501293,3.4460034948243523,0.04343304093597515,1.8835773621997898
Khamesh,3,piecewise,17,34,1.1747271098116094,1.404935051335527,3.445800766213265,0.04442794726825852,1.876727380041212
Khamesh,4,piecewise,17,34,1.2104740432801315,1.4791346731308974,4.022716024613256,0.04677434533222295,1.9558294585739173
Khamesh,5,piecewise,17,34,1.0854555294486485,1.3077248700337518,3.195935694539696,0.04135389142154331,1.8727097484245163
Khamesh,6,piecewise,17,34,1.1662641073281024,1.4592331712371012,3.905386487411304,0.046145004583797444,1.8874374240595446
LShape,0,piecewise,17,34,1.1697618683000577,1.4643418500904217,4.115160973210804,0.046306555193905745,2.059299126017042
LShape,1,piecewise,17,34,1.1631659854667733,1.4673952122461758,3.717990584393174,0.04640311098324119,2.0349639246963673
LShape,2,piecewise,17,34,1.2126283002484277,1.5669672966419668,4.840471302941134,0.04955185676385329,2.018819673711591
LShape,3,piecewise,17,34,1.1371927936425121,1.4082585716735172,3.7217101229542813,0.044533046209437946,1.987685543078455
LShape,4,piecewise,17,34,1.1794994753269696,1.4597877343502532,3.629375900065404,0.04616254140923619,1.9715429120159964
LShape,5,piecewise,17,34,1.2795989019169711,1.5413461911872557,3.7375758887062416,0.048741646269770775,2.0736504419916946
LShape,6,piecewise,17,34,1.23717168400228,1.5563679116754983,3.8367660045951992,0.04921667478094342,2.0075012538729236
Leaf_1,0,piecewise,17,34,1.3242879172198128,1.671185961192168,4.278684328333624,0.052847540310650136,2.8613825414777487
Leaf_1,1,piecewise,17,34,1.508632099146778,1.8182027365085667,4.4577094106479,0.05749661895318055,2.8500392947532895
Leaf_1,2,piecewise,17,34,1.5103779392107244,1.8192542322479743,4.794742676628948,0.05752987016804545,2.8461508360890275
Leaf_1,3,piecewise,17,34,1.4386739584357395,1.7677217706918502,4.268921548977105,0.05590027064852129,2.764204971309513
Leaf_1,4,piecewise,17,34,1.6202360269084966,1.982975744492487,4.707699961648441,0.06270719897464351,2.8342132129436877
Leaf_1,5,piecewise,17,34,1.4300591412848702,1.7462729873744003,4.232900260162925,0.055222000565295644,2.770727130311034
Leaf_1,6,piecewise,17,34,1.5725488282673825,1.8978511404392424,5.065352717621222,0.06001532263736098,2.7647520464118167
Leaf_2,0,piecewise,17,34,1.521683597918977,1.7931069913641926,3.99109141764278,0.05670302181082721,2.7139537522066224
Leaf_2,1,piecewise,17,34,1.5703508933941204,1.8387864159469054,3.9018428012026667,0.058147532049699795,2.6787462720983415
Leaf_2,2,piecewise,17,34,1.6148497880016557,1.90045835603959,4.49487745746399,0.06009777003384319,2.6794493926498384
Leaf_2,3,piecewise,17,34,1.5549561015448057,1.827101732898261,4.131935508050569,0.05777802992799104,2.7229626787726096
Leaf_2,4,piecewise,17,34,1.5772525734492948,1.8638025026842746,4.015919815896916,0.05893861017204397,2.67605061847265
Leaf_2,5,piecewise,17,34,1.507384751754464,1.758637839983632,3.6092858533003342,0.05561301153707013,2.6206387835974687
Leaf_2,6,piecewise,17,34,1.5903270486342134,1.8608013522298126,4.106745995152147,0.05884370546167448,2.6972845371536582
Line,0,piecewise,17,34,0.7598471275938478,1.0368016377624516,3.658834393579944,0.03278654657122189,1.4845791997959263
Line,1,piecewise,17,34,0.7954049608440519,0.9911690749591625,2.4439349968867377,0.031343518231931176,1.4792421429800802
Line,2,piecewise,17,34,0.8050151385471869,0.9934189247105405,2.6354389111154015,0.03141466472800635,1.4754549941873876
Line,3,piecewise,17,34,0.7874482081934908,1.0594221956126044,3.3616732170187977,0.033501871418722746,1.4874214889352217
Line,4,piecewise,17,34,0.8060222155208002,1.1297644362369585,3.551902455409881,0.03572628837964857,1.4815415830437428
Line,5,piecewise,17,34,0.8165904778253833,1.062554008363439,3.272729296933598,0.03360090803370069,1.492006990939038
Line,6,piecewise,17,34,0.7346839832933412,1.0116981012465716,3.021219007753535,0.031992703044068004,1.4992902233065417
Multi_Models_1,0,piecewise,17,34,0.5040978954045244,0.6360117277175001,2.028908896720211,0.020112456781661448,1.7371255558647098
Multi_Models_1,1,piecewise,17,34,0.5796794496085167,0.7048194300948349,1.7006351746665966,0.02228834738241505,1.8609954869125809
Multi_Models_1,2,piecewise,17,34,0.542335149675675,0.6577275273780321,1.5666205716577186,0.020799170663053368,1.8164378391320448
Multi_Models_1,3,piecewise,17,34,0.40733225894566455,0.4890199218352402,1.140855322864386,0.01546416774196867,1.8954176983317865
Multi_Models_1,4,piecewise,17,34,0.41417495706897534,0.4953814397614647,1.0896577449147322,0.015665336602197273,1.8157836819895778
Multi_Models_1,5,piecewise,17,34,0.20475533980670962,0.2579145231962861,0.7702250635087949,0.00815597334936595,1.492952412587018
Multi_Models_1,6,piecewise,17,34,0.19970068310643974,0.2653972772420886,0.8572208219657713,0.008392598808921707,1.4956352581868593
Multi_Models_2,0,piecewise,17,34,0.6530255270998304,0.7868422779844119,2.0518371331593266,0.024882137577461036,1.9700739930571691
Multi_Models_2,1,piecewise,17,34,0.7174680904342421,0.8806706165872924,2.46608297296319,0.027849250168007076,2.0330023120118064
Multi_Models_2,2,piecewise,17,34,0.6630469059940767,0.7888041162565201,1.9689661245271453,0.024944176350868548,2.001651878556411
Multi_Models_2,3,piecewise,17,34,0.7036975215170873,0.8509317221437387,2.144316412459297,0.026908823752637517,2.011772544974353
Multi_Models_2,4,piecewise,17,34,0.5188083999731059,0.6468291074527802,1.7892395292200334,0.02045453236444579,2.2153641653470033
Multi_Models_2,5,piecewise,17,34,0.5365185576836866,0.6962770670519665,2.285851268136426,0.022018214144259942,2.294886721652929
Multi_Models_2,6,piecewise,17,34,0.576016487746831,0.7334050749092865,1.984599602196817,0.023192304842397538,2.2810478197821444
Multi_Models_3,0,piecewise,17,34,1.0094705818929879,1.196558630893264,2.677558006969203,0.03783850627555431,3.08819643126924
Multi_Models_3,1,piecewise,17,34,1.0885734784156327,1.276555512758051,3.304866347126245,0.04036822979959574,3.138655556823914
Multi_Models_3,2,piecewise,17,34,1.1367899401415953,1.354592569158623,3.483239057462093,0.042835978200804044,3.035339278422208
Multi_Models_3,3,piecewise,17,34,1.0833088463391845,1.3033967246662694,3.486102699165653,0.041217023447487795,3.014768429607223
Multi_Models_3,4,piecewise,17,34,0.8393521955960548,1.01717484679526,2.50119183834118,0.03216589294505845,2.8323173859085786
Multi_Models_3,5,piecewise,17,34,0.9395232885197428,1.1774963587353255,3.0077818497921376,0.037235704301583315,2.80046580833618
Multi_Models_3,6,piecewise,17,34,0.8597835655069569,1.046551984362745,2.6138214610680195,0.03309487960355196,2.671112856056667
Multi_Models_4,0,piecewise,17,34,1.0140417912327133,1.215719502253518,2.7824900617547255,0.03844442623007322,2.4142100810128944
Multi_Models_4,1,piecewise,17,34,1.0428243196950944,1.2906219643809935,3.3601837235225234,0.040813050056846455,2.443618899657414
Multi_Models_4,2,piecewise,17,34,1.1483867042865639,1.368833010875141,4.521156006281353,0.043286300507914786,2.4765118644634976
Multi_Models_4,3,piecewise,17,34,1.1124086621303886,1.3378705371565864,3.859531077020552,0.04230718111847743,2.3822517850206286
Multi_Models_4,4,piecewise,17,34,0.5875187394389353,0.7235430883305368,1.940593258482446,0.02288044144396893,2.274889492365099
Multi_Models_4,5,piecewise,17,34,0.6397091385158922,0.7928597715139115,2.3090506765280514,0.025072427431046478,2.4638920893067215
Multi_Models_4,6,piecewise,17,34,0.6629058357741223,0.7970346227437652,1.989348653003635,0.02520444781883341,2.3718649169899795
NShape,0,piecewise,17,34,2.0085490971118225,2.484551904440317,6.29897675036412,0.07856842982940417,3.2984890485982046
NShape,1,piecewise,17,34,2.0299434365533298,2.555933859522258,7.177050501715476,0.0808257254483518,3.218406651005322
NShape,2,piecewise,17,34,2.0968318802651122,2.6552745441564656,7.664486521026801,0.0839671537259977,3.2791810001574446
NShape,3,piecewise,17,34,2.2046931201967013,2.6661973841513085,6.784897911111529,0.08431256425501055,3.288069007523991
NShape,4,piecewise,17,34,2.132237202390448,2.6486375301266554,6.74479140261994,0.08375727291403076,3.343240402651126
NShape,5,piecewise,17,34,2.172357103039726,2.713331799374486,7.491127842013397,0.08580308533786407,3.311840838289283
NShape,6,piecewise,17,34,2.271593215341695,2.89147998512725,8.571295027292082,0.09143662561791899,3.315969743336914
PShape,0,piecewise,17,34,1.4922963065786352,1.8079088353771675,3.9853839758087486,0.05717109721734249,2.6531414962097086
PShape,1,piecewise,17,34,1.6944012052045423,2.0354244239619743,4.97684196312656,0.06436577184856043,2.698834378608327
PShape,2,piecewise,17,34,1.6855086869066502,2.0308631004942352,5.162777068156881,0.06422153013553211,2.6451075887326523
PShape,3,piecewise,17,34,1.7049033370348383,2.0512135366062267,4.702759230378945,0.06486506743044845,2.666978025595266
PShape,4,piecewise,17,34,1.5826280570975777,1.890877707164234,4.533292985992176,0.059794803314758636,2.6979119786068733
PShape,5,piecewise,17,34,1.6484678611924397,2.017977530839224,5.440755878609921,0.06381405264494623,2.6249651513124537
PShape,6,piecewise,17,34,1.7044231085605526,2.0471758285169077,4.632989546822493,0.0647373838895571,2.625457514199697
RShape,0,piecewise,17,34,1.2373256965519932,1.5028373529868495,4.043023258457347,0.04752388988216894,1.9842125077247124
RShape,1,piecewise,17,34,1.3359238835094112,1.6231876321797654,4.362201148256588,0.0513296998750368,2.116674861572721
RShape,2,piecewise,17,34,1.2674715269345453,1.55613128977058,4.558646944873494,0.049209192139305115,2.0179531551452223
RShape,3,piecewise,17,34,1.2505559937941257,1.5544910912148615,4.849247925112822,0.049157324506795226,2.0538771826450746
RShape,4,piecewise,17,34,1.2422866721672217,1.5097890362957742,4.070482217639054,0.04774372141045274,1.9863665527568215
RShape,5,piecewise,17,34,1.3055472517476159,1.6560009282129013,5.5803213528397295,0.05236734740505758,1.9936208398705815
RShape,6,piecewise,17,34,1.2666376502098824,1.5320056233621844,3.732717727085541,0.04844627158010567,1.9856319432805845
Saeghe,0,piecewise,17,34,1.0601560411454967,1.2962930042231764,3.531400616639782,0.04099238408287505,1.978054837142602
Saeghe,1,piecewise,17,34,1.1264353217356133,1.3529613020030105,3.157661323392102,0.04278439300396444,2.0918389936444335
Saeghe,2,piecewise,17,34,1.1051473357353034,1.3421655284295497,3.0316989802513765,0.04244300066800853,2.0155895782077646
Saeghe,3,piecewise,17,34,1.1219847087755068,1.3601925995835018,3.468951689976227,0.04301306671189261,2.0803425829433193
Saeghe,4,piecewise,17,34,1.086670267623501,1.3219542209455215,3.4887260783151577,0.04180386300661317,1.9580770476843736
Saeghe,5,piecewise,17,34,1.1396256744158912,1.385853895742748,3.46526328767893,0.043824548147646095,2.0045052793775056
Saeghe,6,piecewise,17,34,1.1284147167556329,1.4005212269101563,3.901326159284201,0.04428836988449597,1.934250494599565
Sharpc,0,piecewise,17,34,1.5101918485670094,1.8040010430262838,4.298987077374687,0.05704752197282473,2.815840358953724
Sharpc,1,piecewise,17,34,1.5396408823618166,1.8817993651084712,4.42647421811292,0.05950772093201559,2.8997499154624293
Sharpc,2,piecewise,17,34,1.6094178458306483,1.9389003640517304,4.623286959633782,0.061313413065331245,2.7013890040695974
Sharpc,3,piecewise,17,34,1.61507760756136,1.9418533524523445,4.979967501938235,0.06140679475783123,2.7480250716312136
Sharpc,4,piecewise,17,34,1.6719756821705085,2.054846332829776,5.046105632232366,0.06497994653386518,2.8542234992908324
Sharpc,5,piecewise,17,34,1.6459278415254726,2.0432287620480145,5.830423560291595,0.06461256668837931,2.8234034409036157
Sharpc,6,piecewise,17,34,1.7098595102673748,2.1142749167354626,6.270638925102246,0.06685924336646915,2.755088153602629
Sine,0,piecewise,17,34,1.2103691174395508,1.4732523036992216,3.7080494314936465,0.046588328477796495,2.420662826825291
Sine,1,piecewise,17,34,1.2885666756640284,1.5481641459193172,3.8448293940615774,0.04895724892914316,2.496037621744822
Sine,2,piecewise,17,34,1.3630216719087458,1.6219770365904522,3.8876829136992583,0.05129141748116097,2.5868301635703954
Sine,3,piecewise,17,34,1.421351701560875,1.7197590834050138,4.385857504924305,0.054383557303233236,2.5171426674355666
Sine,4,piecewise,17,34,1.3252125105204406,1.576553409819059,4.366066517253574,0.04985499627933094,2.568676451597201
Sine,5,piecewise,17,34,1.3580192399549642,1.6258672234641707,3.771921955024385,0.051414435991607374,2.5895484487837
Sine,6,piecewise,17,34,1.382910225620564,1.659308829383123,4.113516741416775,0.052471952424783946,2.546346297398082
Snake,0,piecewise,17,34,1.7645230312714457,2.0640993687644205,5.284027883380628,0.0652725532221138,3.1070423202449815
Snake,1,piecewise,17,34,1.7509370509803013,2.0803560855574816,5.233400766544394,0.06578663574553764,3.0587092827455655
Snake,2,piecewise,17,34,1.7650359891960692,2.1348298253570124,4.81997967094956,0.06750924664987643,2.9728806549041
Snake,3,piecewise,17,34,1.752719916955605,2.071020163210342,4.828636311388362,0.06549140795878336,3.039580910696637
Snake,4,piecewise,17,34,1.8098298039489242,2.144012540542386,5.194096099526598,0.06779962960078038,3.026010790247126
Snake,5,piecewise,17,34,1.8070969972340059,2.1575977004395774,5.181768722343492,0.06822923007730743,3.133347136693903
Snake,6,piecewise,17,34,1.822754517770984,2.2001086457773193,6.008576985557341,0.06957354420484922,3.0345334630794127
Spoon,0,piecewise,17,34,0.9984586463110341,1.1725901572302835,2.845516084237783,0.03708055658742653,1.9651697420920908
Spoon,1,piecewise,17,34,1.108625576231714,1.3163198747161107,2.9871650849244173,0.04162568933450397,2.0799343007702715
Spoon,2,piecewise,17,34,1.1177130040553371,1.3475180592945428,3.279885412466405,0.04261226255580583,2.1210994810411763
Spoon,3,piecewise,17,34,1.138507716231023,1.3637910200658245,2.964442857211185,0.043126858758924025,2.098167589577342
Spoon,4,piecewise,17,34,1.078869781816505,1.2961892909549284,3.070667780543549,0.040989104381362614,2.063854047662938
Spoon,5,piecewise,17,34,1.095854327272797,1.3410503714401982,4.010771899496631,0.04240773630765846,2.0762734466321437
Spoon,6,piecewise,17,34,1.0981750499161145,1.3147079034928377,2.8608869892229207,0.04157471432862207,2.0927657479564967
Sshape,0,piecewise,17,34,2.063021041583845,2.5238626571067946,6.048456672075295,0.07981154497902024,3.5200149018372917
Sshape,1,piecewise,17,34,2.0299805735894125,2.475930076218512,5.815330432074049,0.07829578368164793,3.403736634129713
Sshape,2,piecewise,17,34,2.127228221490065,2.6340847013847792,6.458792246364933,0.08329707206180383,3.301879050094712
Sshape,3,piecewise,17,34,2.1515194461589076,2.6138644112042644,6.466128116796121,0.08265765034260418,3.268831209625897
Sshape,4,piecewise,17,34,2.2278160091859163,2.6904216168070882,7.042583825427953,0.08507860175263149,3.3795596536095203
Sshape,5,piecewise,17,34,2.1818924833297952,2.6068033845556715,6.2125838767041115,0.08243436107431719,3.331393911455829
Sshape,6,piecewise,17,34,2.261282679355934,2.728620364190012,6.337589536234054,0.08628655220758581,3.3912004222297916
Trapezoid,0,piecewise,17,34,1.0245032805246685,1.2315328022556433,3.0776522800716095,0.03894448668337583,2.089603771267775
Trapezoid,1,piecewise,17,34,1.1763323449874252,1.4190591895877074,3.6619608771656202,0.04487459173689852,2.142627877053196
Trapezoid,2,piecewise,17,34,1.0936984419734905,1.3165716942576824,3.3334686921633336,0.04163365256761102,2.172637930523909
Trapezoid,3,piecewise,17,34,1.1946966885105192,1.4561185974954947,3.9148743084056923,0.04604651311415716,2.164894775705244
Trapezoid,4,piecewise,17,34,1.240662784716788,1.4980030996985965,3.5131922607129527,0.04737101737039857,2.2676118150112337
Trapezoid,5,piecewise,17,34,1.2718688118673203,1.5227852172863194,3.9218807106248397,0.048154696738591796,2.2738206747039187
Trapezoid,6,piecewise,17,34,1.2376244256968614,1.5226423090092487,4.14095146020611,0.048150177582071456,2.270238614731507
WShape,0,piecewise,17,34,1.5299466709627285,1.861967556603594,4.529598090348322,0.05888058408205848,3.1066136882629363
WShape,1,piecewise,17,34,1.5845059912036896,1.893924626420364,4.352091992525643,0.0598911553617186,3.0102861845994937
WShape,2,piecewise,17,34,1.6243285584808538,1.935993331215212,4.8950441675635386,0.06122148461536827,3.162003765713688
WShape,3,piecewise,17,34,1.7004592420796092,2.039916834280061,5.092979965715149,0.0645078343364524,3.142563286310794
WShape,4,piecewise,17,34,1.7329345903389857,2.1369341658609238,5.8100265328199505,0.06757579173952549,3.0560341758398666
WShape,5,piecewise,17,34,1.7341372309698226,2.1407104776489607,5.284486812920762,0.0676952092035769,3.1944686274215632
WShape,6,piecewise,17,34,1.7197928658175428,2.1081089138406646,6.095823314510855,0.0666642572344016,3.2870984805821126
Worm,0,piecewise,17,34,0.8780190198149324,1.0488859171106302,2.736289157097332,0.033168685037441685,1.7808497594414041
Worm,1,piecewise,17,34,0.896735794311235,1.0528925016908302,2.373061831107691,0.033295384366557094,1.807958591299952
Worm,2,piecewise,17,34,0.9054931514183057,1.0912591917366308,2.5927774811605726,0.0345086456348215,1.8135420115753194
Worm,3,piecewise,17,34,0.9281948163663745,1.100973808839503,2.4331737242528226,0.03481584880123652,1.834316421743704
Worm,4,piecewise,17,34,0.9050940212529637,1.096789733269999,2.4025477454383477,0.03468353671421753,1.770293857353396
Worm,5,piecewise,17,34,0.9286982619289379,1.096739660360831,2.4620074163236985,0.03468195326979712,1.776660117053492
Worm,6,piecewise,17,34,0.9111280564393502,1.0970627019936747,2.7748005965005533,0.03469216874318557,1.7822226364180451
Zshape,0,piecewise,17,34,1.8633666044898427,2.2235336349457144,5.196261650084588,0.07031430740421826,3.31363504844876
Zshape,1,piecewise,17,34,2.010174247266163,2.448919489535415,6.038103229567489,0.07744163393308794,3.321806572472055
Zshape,2,piecewise,17,34,1.933419890372467,2.323102437083789,5.992691358444982,0.07346294939072785,3.429057731673062
Zshape,3,piecewise,17,34,2.010436941155814,2.4298855995160733,6.334044515468293,0.07683972948114529,3.229266106291529
Zshape,4,piecewise,17,34,2.025625646220524,2.506008492035407,6.7920405465444675,0.07924694670555815,3.34958091255113
Zshape,5,piecewise,17,34,2.1566915117489525,2.590867441542288,6.401928068958141,0.08193042230846782,3.243729902777173
Zshape,6,piecewise,17,34,2.091974849281368,2.5539955802009207,7.513297022097467,0.08076443167438149,3.2982661891874514
heee,0,piecewise,17,34,1.8323659275262456,2.2722419773131923,5.9304783293202625,0.07185460043354333,3.386664309201366
heee,1,piecewise,17,34,1.953121990909713,2.3927943148685245,5.902591926995709,0.0756668000728664,3.2901409177417205
heee,2,piecewise,17,34,1.9518060503312489,2.376034060189167,5.802493705077707,0.07513679428335374,3.432430035318553
heee,3,piecewise,17,34,2.0552509354795876,2.5106770100108,5.845478787268056,0.07939457820655495,3.4960686596995885
heee,4,piecewise,17,34,2.089718377508437,2.559575757154821,6.1873559469685055,0.08094089236359256,3.4423866558719416
heee,5,piecewise,17,34,2.0735709501033166,2.559582021731731,6.251573438741287,0.08094109046690867,3.436818123295679
heee,6,piecewise,17,34,2.1949697780944963,2.704196600005643,6.629407322814911,0.08551420496901131,3.4736070940521158
Angle,0,piecewise,22,44,1.0292272958175375,1.2776937664188193,3.5493027587013,0.040404224540826275,1.7494835876836612
Angle,1,piecewise,22,44,1.046655689605454,1.2595341184350493,3.18398790695577,0.0398299660494703,1.7544815399823799
Angle,2,piecewise,22,44,1.0967279434835682,1.4072319469317123,4.419535642919103,0.04450058148457409,1.8295684171680195
Angle,3,piecewise,22,44,1.1565648436208162,1.4147418114408699,3.81996980379382,0.04473806425225608,1.832613974109992
Angle,4,piecewise,22,44,1.1122636884900934,1.3569841853263684,3.5807493583801007,0.04291160774459363,1.7609442616162199
Angle,5,piecewise,22,44,1.0864843311118393,1.37126642034378,4.114359110125769,0.04336325167192198,1.7585642429993265
Angle,6,piecewise,22,44,1.0823290851055865,1.3635004942196562,3.9806936250995766,0.04311767152499364,1.7136555580221804
BendedLine,0,piecewise,22,44,0.9244178216024602,1.1675867611489879,3.027645212634376,0.03692233531089797,2.1537818762982313
BendedLine,1,piecewise,22,44,0.9778979111850895,1.2406853506290698,3.1103201703697545,0.039233915675924796,2.193478431246462
BendedLine,2,piecewise,22,44,1.0228184752790344,1.278723818065412,3.0821294690543626,0.04043679763393467,2.173451686524821
BendedLine,3,piecewise,22,44,1.0521962030828793,1.2877584592304496,3.257567638844545,0.04072249807317304,2.1769365859565672
BendedLine,4,piecewise,22,44,1.1373016969097844,1.4087678190330777,3.695404057104553,0.044549150024924315,2.224885364959309
BendedLine,5,piecewise,22,44,1.2377398610842543,1.5229943549702603,4.179770494533779,0.048161310252850045,2.2820497148161243
BendedLine,6,piecewise,22,44,1.1187618446861507,1.4230133882584555,4.466797162545546,0.04499963447810226,2.1650403510854606
CShape,0,piecewise,22,44,1.1312666494196333,1.397359605574758,3.474829052450351,0.04418839063930755,2.1205823682019487
CShape,1,piecewise,22,44,1.2974480711454062,1.597831080627178,3.9134924831883637,0.05052785530990026,2.124008830795834
CShape,2,piecewise,22,44,1.3005934575022084,1.5845143702386504,3.5803391320524107,0.050106743952214525,2.045245325393581
CShape,3,piecewise,22,44,1.1800574019375576,1.4596943854661681,3.751120670790743,0.046159589458328744,2.041841565432992
CShape,4,piecewise,22,44,1.4218109626012503,1.7452327307467774,4.411965365873731,0.05518910476235191,2.076539047485548
CShape,5,piecewise,22,44,1.3447694687736398,1.6493883919770091,3.862670975118298,0.05215824064889942,2.1154269433888953
CShape,6,piecewise,22,44,1.3922456217808612,1.77814987612361,4.712217267363317,0.056230036296968634,2.106877819039393
DoubleBendedLine,0,piecewise,22,44,0.9909905372883754,1.2508569028811176,3.4208824977659185,0.03955556840048366,2.2197527122108567
DoubleBendedLine,1,piecewise,22,44,1.1135423081722942,1.3899832932834546,3.685557977942717,0.04395513116357541,2.277337292426413
DoubleBendedLine,2,piecewise,22,44,1.104918717633929,1.3587606655388533,3.639757640274356,0.042967784981490356,2.2436404072991585
DoubleBendedLine,3,piecewise,22,44,1.1828922347244366,1.460424191724431,3.7695172905076757,0.046182667958596296,2.251988794187214
DoubleBendedLine,4,piecewise,22,44,1.1505998789989438,1.419116267477328,3.6852646578959654,0.044876396698250894,2.2579456543483998
DoubleBendedLine,5,piecewise,22,44,1.2271922973453124,1.5056148733793049,4.0465603447767196,0.04761172278904619,2.244035535616016
DoubleBendedLine,6,piecewise,22,44,1.2131418708267074,1.5207762011999975,4.141593032168893,0.04809116607170484,2.2255774697102257
GShape,0,piecewise,22,44,1.2885438175692812,1.594653852852286,3.8033649732890655,0.050427382545762185,2.632760778379256
GShape,1,piecewise,22,44,1.5251616093331055,1.850962801308171,4.515032434605507,0.05853258316379511,2.599563851115725
GShape,2,piecewise,22,44,1.7090880714696997,2.057215143326454,5.152277051599436,0.06505485489901336,2.565076714164935
GShape,3,piecewise,22,44,1.636609010462487,2.010626092676659,4.930901975162612,0.06358157975823037,2.4927327085630435
GShape,4,piecewise,22,44,1.5324729899084077,1.8749347133457646,5.2175396219083074,0.059290641582875156,2.5988695602274223
GShape,5,piecewise,22,44,1.653375484429508,2.0213326018307844,4.701706544920233,0.06392014930539516,2.6602587808733014
GShape,6,piecewise,22,44,1.58842183522269,1.933785546809733,4.8039798924766774,0.06115166834232912,2.6304878492251786
JShape,0,piecewise,22,44,0.8577977678896098,1.0416065943743722,2.356051587186498,0.03293849264074144,1.768267674553038
JShape,1,piecewise,22,44,0.9624321238062373,1.1620197281642224,2.522434123256922,0.03674629027048653,1.8064765544145933
JShape,2,piecewise,22,44,0.929358420385492,1.1887625763711913,3.2382967220927177,0.03759197338502825,1.7785777784445516
JShape,3,piecewise,22,44,0.9736629830605186,1.2024186362928915,2.9220262081019097,0.03802381591719139,1.7795743269935287
JShape,4,piecewise,22,44,1.0321712325900139,1.2445858363916402,2.862320731299068,0.03935725986583262,1.8032373412884002
JShape,5,piecewise,22,44,1.0446385526661535,1.2716820636335902,2.9574590449234517,0.04021411780665325,1.7782563687958535
JShape,6,piecewise,22,44,0.9902586746660252,1.2322892329423947,3.1816586319865303,0.03896840712199763,1.7663724611737983
JShape_2,0,piecewise,22,44,0.9210266135529416,1.0965927468405106,2.6476985648338727,0.03467730745636426,2.0746666588902953
JShape_2,1,piecewise,22,44,1.0074823891628577,1.18230108378648,2.670112975634882,0.037387643048508494,2.1775069698785887
JShape_2,2,piecewise,22,44,1.0889826323809493,1.2866245155431104,3.12693465898696,0.04068663962526942,2.0688722777441884
JShape_2,3,piecewise,22,44,1.1515584350450787,1.350015460667163,3.457337233083832,0.04269123732149693,2.1015131663736852
JShape_2,4,piecewise,22,44,1.1816304019400246,1.4032889288584631,3.5059730473177626,0.044375892304907315,2.1502094600296426
JShape_2,5,piecewise,22,44,1.1611432163282018,1.4648274282073708,3.766911936688582,0.04632191052222069,2.1332452630539223
JShape_2,6,piecewise,22,44,1.2774487683742146,1.5305198469487002,4.049229049625863,0.04839928720450202,2.1488800838631166
Khamesh,0,piecewise,22,44,0.7988244274445264,0.9620048571973409,2.4399845912307607,0.03042126468888623,1.450917363602998
Khamesh,1,piecewise,22,44,0.8387759909287681,1.031876549304824,2.780946475279034,0.0326308015991828,1.465732093894849
Khamesh,2,piecewise,22,44,0.8697394553629565,1.0700756211778653,2.7319363152030003,0.033838762315415646,1.4605843189626855
Khamesh,3,piecewise,22,44,0.9112792953318769,1.0972245574140052,2.6914842874318583,0.03469728706098446,1.4558468857403515
Khamesh,4,piecewise,22,44,0.9366420418230024,1.1509901017478212,3.203214672431033,0.03639750285832065,1.5133840396710634
Khamesh,5,piecewise,22,44,0.835573602416358,1.0133242842276986,2.574088138769896,0.03204412746519364,1.441594600900997
Khamesh,6,piecewise,22,44,0.9134867284045627,1.1464345599182264,3.0979191332440874,0.036253443976743745,1.4783521388842997
LShape,0,piecewise,22,44,0.9093725002727711,1.1405612097399047,3.2540299066741536,0.03606771233615123,1.6008984783861047
LShape,1,piecewise,22,44,0.9041332418156969,1.1468260410859272,2.927057794874459,0.03626582369825372,1.5817850188211835
LShape,2,piecewise,22,44,0.943678260302061,1.2220172538337515,3.8066721568216,0.03864357862138784,1.5710636451099096
LShape,3,piecewise,22,44,0.8817243025786144,1.0997323037637594,2.952624388256991,0.034776588963576424,1.5411552544250378
LShape,4,piecewise,22,44,0.9187085844030287,1.137999654301745,2.828959957165748,0.03598670884077747,1.5356288287334225
LShape,5,piecewise,22,44,0.9928298659860385,1.2032602217275767,2.9390928423095866,0.038050429185383663,1.6089276783062534
LShape,6,piecewise,22,44,0.949537452573545,1.2045092704976985,3.1023398383761838,0.03808992757560584,1.5407704939334679
Leaf_1,0,piecewise,22,44,1.0353731830129291,1.3071728130046893,3.375534185361028,0.041336433845441875,2.2371258630880435
Leaf_1,1,piecewise,22,44,1.1700480095598147,1.421758218368681,3.715613891854598,0.044959942521080765,2.210401598825391
Leaf_1,2,piecewise,22,44,1.1815558517039466,1.4289170451165436,3.944528216206579,0.045186324500058585,2.2265196596888908
Leaf_1,3,piecewise,22,44,1.123765381321964,1.3784945334168666,3.3723161552258256,0.043591824676883904,2.15915345893463
Leaf_1,4,piecewise,22,44,1.2658014862112081,1.5519285926827844,3.629682953550336,0.049076291188173214,2.214215236300366
Leaf_1,5,piecewise,22,44,1.1227170014311638,1.3750776161717184,3.3471847455636716,0.04348377226617414,2.1752544113188614
Leaf_1,6,piecewise,22,44,1.2303449847588974,1.4939943443534383,4.1255160743665895,0.04724424939566782,2.1631117287165718
Leaf_2,0,piecewise,22,44,1.1836428826355299,1.4052006154956806,3.1257444177665996,0.04443634514436847,2.111051237586122
Leaf_2,1,piecewise,22,44,1.2230216872926376,1.4396046921889112,3.080026491238038,0.0455242975758257,2.0862628851374416
Leaf_2,2,piecewise,22,44,1.255045458010949,1.4876384897043942,3.4800701868672563,0.04704325962398834,2.082441856326966
Leaf_2,3,piecewise,22,44,1.2139950960575634,1.4350873516534524,3.2515129663058477,0.04538144672523916,2.125888528617386
Leaf_2,4,piecewise,22,44,1.2218093972793767,1.4522418102902546,3.177981966664628,0.04592391833843358,2.072986817891081
Leaf_2,5,piecewise,22,44,1.1687305141100028,1.3724725786073062,2.8010746728777067,0.043401393745235745,2.0318770700616593
Leaf_2,6,piecewise,22,44,1.2242663825752171,1.442430546267497,3.226801712366527,0.045613658928061775,2.0764249629742078
Line,0,piecewise,22,44,0.5940767071002949,0.8104918860049415,2.8413508109558565,0.025630003848611634,1.1606991596285605
Line,1,piecewise,22,44,0.6196008709661694,0.7756308523222553,1.9060910874666135,0.024527601168360266,1.1522931906128993
Line,2,piecewise,22,44,0.6290038576895871,0.7777864788070844,2.0500618614106982,0.024595768063126695,1.1528564355524036
Line,3,piecewise,22,44,0.6135279476560046,0.8284892123796141,2.6627640788505205,0.026199129279985495,1.1589011745920796
Line,4,piecewise,22,44,0.6308371426695727,0.8858139298374998,2.919232952374051,0.028011896013910857,1.1595356070794944
Line,5,piecewise,22,44,0.6344983890021015,0.83180406773544,2.5777947532174657,0.026303954210369674,1.1593032956393678
Line,6,piecewise,22,44,0.5679215444106444,0.7862004896075067,2.4664511160304947,0.024861842446992605,1.158973434160271
Multi_Models_1,0,piecewise,22,44,0.3929918153400288,0.5095447065942489,1.753862616297049,0.016113218425200446,1.3542530764287373
Multi_Models_1,1,piecewise,22,44,0.4545833149578905,0.5511831816941042,1.3288335604565067,0.017429942621317945,1.4593884570752351
Multi_Models_1,2,piecewise,22,44,0.4208441963818857,0.5107669392489911,1.2307574728241186,0.016151868815396646,1.4095293715414168
Multi_Models_1,3,piecewise,22,44,0.3138585650595671,0.3791868827564608,0.8918663705952905,0.011990942083696424,1.460461492852882
Multi_Models_1,4,piecewise,22,44,0.324755942998361,0.38850493022797145,0.9310310611719679,0.01228560461725189,1.4237619437414635
Multi_Models_1,5,piecewise,22,44,0.15888386861775497,0.20263782149641554,0.634226877997217,0.0064079705602330264,1.1584853181263068
Multi_Models_1,6,piecewise,22,44,0.155490812261623,0.2069956143766736,0.6825453743576533,0.006545776070961836,1.164530524007495
Multi_Models_2,0,piecewise,22,44,0.5094655321350965,0.6149364660421115,1.6540428289378442,0.019445998489878605,1.5369763563085765
Multi_Models_2,1,piecewise,22,44,0.5591231823470489,0.6862116221963184,1.8337322873600899,0.021699916830193216,1.584319550327278
Multi_Models_2,2,piecewise,22,44,0.5123534353485263,0.6156801374833158,1.5339086396861572,0.019469515445728863,1.54672800231628
Multi_Models_2,3,piecewise,22,44,0.5450610262904044,0.661770968509072,1.678238911793169,0.020927035498642305,1.5582530483588655
Multi_Models_2,4,piecewise,22,44,0.40324730209859116,0.5033505332694758,1.4222340248946053,0.015917341465919038,1.7219066285133116
Multi_Models_2,5,piecewise,22,44,0.41517754958374314,0.5394071114562321,1.7767682637363906,0.017057550582939975,1.775866709590804
Multi_Models_2,6,piecewise,22,44,0.4508199732042862,0.5722438416583905,1.546771287643093,0.018095939166452597,1.7852647256928094
Multi_Models_3,0,piecewise,22,44,0.7890633034028618,0.9392457429364046,2.1032608147099006,0.029701558302960448,2.4139212388385913
Multi_Models_3,1,piecewise,22,44,0.8457372238548809,0.9978660953816298,2.5146850785520147,0.031555296612647776,2.438492109075099
Multi_Models_3,2,piecewise,22,44,0.8802270909775773,1.0601253341166346,2.76994527504258,0.03352410661055573,2.350291613983467
Multi_Models_3,3,piecewise,22,44,0.8430632853340223,1.0204677641631015,2.780326183219226,0.032270024135349504,2.346182794846455
Multi_Models_3,4,piecewise,22,44,0.6549121485615188,0.7935019745879572,1.9592358468407673,0.02509273567538994,2.2099412789362938
Multi_Models_3,5,piecewise,22,44,0.7330221310528204,0.9226463362693065,2.4237883640783195,0.0291766389742063,2.184941490914421
Multi_Models_3,6,piecewise,22,44,0.6705124257483035,0.8211904039257784,2.06489455487986,0.025968320690791368,2.083099087275521
Multi_Models_4,0,piecewise,22,44,0.79163249904622,0.9509710796415225,2.3195906294583426,0.03007234600616591,1.8847025597746982
Multi_Models_4,1,piecewise,22,44,0.8117158218375166,1.0103951800696815,2.654426602647108,0.03195150105876161,1.9020692996237925
Multi_Models_4,2,piecewise,22,44,0.8952751800059979,1.080356005102483,3.617841857980319,0.034163856599643376,1.9306733498120388
Multi_Models_4,3,piecewise,22,44,0.8624774943092589,1.041908674506631,2.9771271203909033,0.03294804525327966,1.8470177555283374
Multi_Models_4,4,piecewise,22,44,0.46085315914542563,0.5705841442999161,1.5552765310282268,0.018043454927659158,1.7844367147580242
Multi_Models_4,5,piecewise,22,44,0.49770992804651154,0.6219111115522885,1.8152843806910894,0.019666556146722868,1.9169705115174818
Multi_Models_4,6,piecewise,22,44,0.5168648513816572,0.62307874670955,1.5589728334454138,0.019703480012453225,1.8493329544848287
NShape,0,piecewise,22,44,1.570298026349173,1.9431411611467948,4.904083211555064,0.06144751884448154,2.5787822913545417
NShape,1,piecewise,22,44,1.5831679057379962,1.9999125534676703,5.798495439276187,0.06324278790121113,2.5100591601392988
NShape,2,piecewise,22,44,1.637232687047842,2.0718075990348592,5.924573890490137,0.06551630886595022,2.560425740725195
NShape,3,piecewise,22,44,1.714694616509418,2.0821763002636415,5.334544440430121,0.0658441959885576,2.557287530978384
NShape,4,piecewise,22,44,1.6628611588776372,2.0695535466034825,5.271496285737651,0.06544502946946432,2.6072824374916714
NShape,5,piecewise,22,44,1.7083010095706468,2.1359611432057415,5.826647606208837,0.06754502206147228,2.604369714201366
NShape,6,piecewise,22,44,1.7704017229789297,2.25540812595223,7.036165886680005,0.07132226731260968,2.5843529146421633
PShape,0,piecewise,22,44,1.16201130714958,1.408102134173966,3.1158187352468243,0.044528099221337505,2.0659304753837646
PShape,1,piecewise,22,44,1.3184192718395775,1.590840167102367,3.903533624930657,0.05030678321326347,2.0999720994832956
PShape,2,piecewise,22,44,1.3111528875747782,1.5779777186957533,3.8709283843961315,0.04990003688075043,2.0576224138468975
PShape,3,piecewise,22,44,1.3312626437208666,1.6057069556289314,3.6465986301314093,0.05077691234562349,2.0824923853303834
PShape,4,piecewise,22,44,1.2310666624999347,1.4751490895799797,3.550602686116408,0.04664831011396493,2.0986039520322883
PShape,5,piecewise,22,44,1.2862782892481688,1.5800612505536829,4.434349828848761,0.04996592394323623,2.048226576721888
PShape,6,piecewise,22,44,1.3339760965425758,1.6044117809559297,3.6803214775954443,0.050735955326278996,2.0548287269986054
RShape,0,piecewise,22,44,0.9651693843326165,1.1747985076581082,3.1651387383088063,0.03715039075966386,1.547774502544055
RShape,1,piecewise,22,44,1.0414378211124724,1.2682856050801234,3.4256538813944286,0.040106712356580095,1.6500829748241488
RShape,2,piecewise,22,44,0.985383400015462,1.214577014068565,3.5763795081567697,0.038408297581430384,1.5688380360686527
RShape,3,piecewise,22,44,0.9770644637202274,1.2208402708189443,3.7482962776809945,0.03860635915044661,1.6047025626736457
RShape,4,piecewise,22,44,0.9673005285475641,1.1745564358490763,3.135908955734678,0.037142735776925284,1.5466747405563719
RShape,5,piecewise,22,44,1.0207461338751407,1.3008788465320544,4.567533731009648,0.04113740114973926,1.5587185848591583
RShape,6,piecewise,22,44,0.9921806154066771,1.205347047182002,2.923996478995975,0.03811642040053566,1.5553820961573654
Saeghe,0,piecewise,22,44,0.8240601621776625,1.0112911306097827,2.7262271491458647,0.031979833502537386,1.5375436507731366
Saeghe,1,piecewise,22,44,0.878226362592002,1.0604415948329031,2.4395341169900706,0.03353410765253417,1.6309042472903332
Saeghe,2,piecewise,22,44,0.862034454989689,1.0489056430778463,2.356371671375145,0.03316930882729621,1.5721954958857922
Saeghe,3,piecewise,22,44,0.8749491293240492,1.0664351365351874,2.686494578078203,0.03372364008283839,1.6222983409715932
Saeghe,4,piecewise,22,44,0.8437331821333544,1.031667185322327,2.76216923574782,0.03262418092873586,1.520327396016896
Saeghe,5,piecewise,22,44,0.8917404412489934,1.085992138163867,2.6864287994185987,0.03434208677634089,1.5684960969611408
Saeghe,6,piecewise,22,44,0.8840554056450853,1.0957061064860412,3.151032157865886,0.03464926942650883,1.515386657255673
Sharpc,0,piecewise,22,44,1.170950722600603,1.4042135525133195,3.3648588736342253,0.04440513147218548,2.183305588739246
Sharpc,1,piecewise,22,44,1.1920624984821397,1.4656114388072834,3.457557829436512,0.046346703114275085,2.2451229821183682
Sharpc,2,piecewise,22,44,1.2462033318669834,1.51065531405892,3.665374220883854,0.047771115518631696,2.0917376964978702
Sharpc,3,piecewise,22,44,1.252523638232259,1.5170569786947248,3.9397005786640746,0.04797355392928865,2.13114610998173
Sharpc,4,piecewise,22,44,1.3101766559080756,1.610764624773406,4.0542728417952985,0.050936849887104445,2.2365977205245917
Sharpc,5,piecewise,22,44,1.2850388897262568,1.6014808600474273,4.5536806347586225,0.05064327146915223,2.2043391766102065
Sharpc,6,piecewise,22,44,1.321929111645845,1.6438791865192122,4.915032356021447,0.05198402427545473,2.1300178251652975
Sine,0,piecewise,22,44,0.9404267161769333,1.149943979024832,2.9702797605092415,0.036364421553153614,1.8807948421705942
Sine,1,piecewise,22,44,1.005145336928509,1.2139610443899185,2.995291493259146,0.03838881890988914,1.9470320191246984
Sine,2,piecewise,22,44,1.0586850010771107,1.2659319415237,3.047961770111986,0.04003228297973979,2.009240462531089
Sine,3,piecewise,22,44,1.1077660325784278,1.3480662165736303,3.3983466713222423,0.04262959681098499,1.961798155288981
Sine,4,piecewise,22,44,1.030114171367016,1.237156374119713,3.3596147000246948,0.03912231964013682,1.9966835458019199
Sine,5,piecewise,22,44,1.0526895371625147,1.2674068720944978,2.9586836890574437,0.04007892437968313,2.0073283778368434
Sine,6,piecewise,22,44,1.0746312806235183,1.295501233916013,3.147438677804136,0.04096734610733178,1.9787136806049257
Snake,0,piecewise,22,44,1.3710054582551197,1.6137323090193902,4.1704578733989806,0.05103069630303953,2.4141209293347092
Snake,1,piecewise,22,44,1.3610494661215984,1.627159092700056,4.093055653619184,0.05145528848385237,2.3776152512000643
Snake,2,piecewise,22,44,1.3778543016679585,1.6745200541241085,3.825231242306053,0.05295297358660613,2.320743839660057
Snake,3,piecewise,22,44,1.3617899389874077,1.6156420981432378,3.685094754820495,0.051091089137859286,2.3616270134674955
Snake,4,piecewise,22,44,1.4054718906563846,1.6733011459248204,4.014767704396722,0.05291442832492209,2.349929864805825
Snake,5,piecewise,22,44,1.4024702020311,1.6868249970172526,4.264543959637753,0.0533420900468125,2.431759888129359
Snake,6,piecewise,22,44,1.4149199495404539,1.7215079080335383,4.62830915508137,0.05443885999377659,2.355567846683897
Spoon,0,piecewise,22,44,0.7750408841880431,0.9145413605977147,2.231570545802556,0.028920337139181473,1.5254381341860594
Spoon,1,piecewise,22,44,0.8627302044016458,1.0290712088819893,2.4298437952893317,0.03254208894569982,1.618600709668706
Spoon,2,piecewise,22,44,0.8717685428806327,1.0545416144108466,2.5847222654305373,0.033347533889693165,1.654367263495294
Spoon,3,piecewise,22,44,0.8851254854251857,1.063512515626565,2.3240949320028306,0.033631218694753606,1.6312068682116778
Spoon,4,piecewise,22,44,0.8405792166625711,1.0134276561781854,2.4053628859331044,0.03204739637329077,1.6080094631712012
Spoon,5,piecewise,22,44,0.8574806277586455,1.0789799834116234,3.6313858772911733,0.034120342973114254,1.6246358791569033
Spoon,6,piecewise,22,44,0.8535250533546325,1.0247263759724352,2.3611151992402912,0.03240469326522936,1.6265421408178593
Sshape,0,piecewise,22,44,1.6112492143823507,1.9695383542104579,4.7460160330177565,0.062282271383645275,2.749182451791779
Sshape,1,piecewise,22,44,1.589527088174262,1.9420024295231304,4.691452684553674,0.061411508988737123,2.665213476104215
Sshape,2,piecewise,22,44,1.6619175677067264,2.063402850409278,5.066712215411047,0.06525052737777016,2.5796248584702353
Sshape,3,piecewise,22,44,1.6781593323545798,2.047803647456778,5.078466824818512,0.06475723726763893,2.5496490910733094
Sshape,4,piecewise,22,44,1.7383618381104944,2.1035175570281957,5.530381415208901,0.06651906578362228,2.6370658560800555
Sshape,5,piecewise,22,44,1.6969685332739937,2.041035371871866,5.003156996526635,0.06454320560083862,2.5909941405791135
Sshape,6,piecewise,22,44,1.7525336158641955,2.129513658780095,4.968961082965216,0.06734113470183725,2.6282396236207504
Trapezoid,0,piecewise,22,44,0.7961141888064158,0.9613498333911449,2.4139885175157714,0.03040055101739411,1.6237753874616465
Trapezoid,1,piecewise,22,44,0.9171594297415526,1.1085645028572577,2.84795654622387,0.03505588762241172,1.6705579594408497
Trapezoid,2,piecewise,22,44,0.8516134775547658,1.027966715671791,2.673244637240626,0.032507161803655656,1.691734826047876
Trapezoid,3,piecewise,22,44,0.9344843696232549,1.138744220839452,3.0680761838136257,0.036010254102064466,1.6933673201168997
Trapezoid,4,piecewise,22,44,0.9664262522805045,1.1699904171857733,2.7475383227893206,0.036998345588776536,1.7663781125735618
Trapezoid,5,piecewise,22,44,0.9973177855659962,1.1966368020967808,2.9749172693189254,0.0378409782660598,1.7829840459256876
Trapezoid,6,piecewise,22,44,0.9580669001837778,1.181358836791086,3.301147988510672,0.03735784658226954,1.7574317596944986
WShape,0,piecewise,22,44,1.1977970314990896,1.4584454109801346,3.5391132303831583,0.04612009341717571,2.4321714765876528
WShape,1,piecewise,22,44,1.2345906743361788,1.4852630505834694,3.5292264541102885,0.04696814164333643,2.345507856215998
WShape,2,piecewise,22,44,1.2617537409691217,1.5133210810346462,4.037330200507345,0.047855414472177234,2.456196475471082
WShape,3,piecewise,22,44,1.3250001438358625,1.5979218544319111,4.100911497588338,0.05053072582964862,2.4486895676974805
WShape,4,piecewise,22,44,1.3571607872906266,1.6750577990254967,4.581761956722313,0.05296997857349143,2.3933562012046754
WShape,5,piecewise,22,44,1.3574052078934913,1.6739250336682316,4.337383613603082,0.052934157387656514,2.5004874319487236
WShape,6,piecewise,22,44,1.3238667263520318,1.639798068897946,4.698601633149194,0.05185496800463225,2.530351411020832
Worm,0,piecewise,22,44,0.6825632378351801,0.8198677570446685,2.147710812090806,0.025926494923947118,1.3844148594395334
Worm,1,piecewise,22,44,0.694245508982135,0.8192969571651281,1.8647061941528273,0.025908444646872142,1.3997067368095057
Worm,2,piecewise,22,44,0.7050342918105362,0.8526743986835178,2.03437633539204,0.026963932023543944,1.4120585073414746
Worm,3,piecewise,22,44,0.7193286711505669,0.8577834860091078,1.8917492885887357,0.02712549555067957,1.421551134370633
Worm,4,piecewise,22,44,0.7073002071991175,0.8599247138387333,1.8955504892447073,0.027193207119989127,1.3834244649809988
Worm,5,piecewise,22,44,0.7224523277734171,0.857177085712489,1.9713833692842508,0.0271063194895684,1.382098244225746
Worm,6,piecewise,22,44,0.7054858089830172,0.8533973419188591,2.2133343049044982,0.02698679349597084,1.3799737254879776
Zshape,0,piecewise,22,44,1.44869028115651,1.7332678438171758,3.9910149651433833,0.05481074181591271,2.5762138692517644
Zshape,1,piecewise,22,44,1.566379493015018,1.9161898875391459,4.706675298330118,0.06059524474005601,2.588437147654786
Zshape,2,piecewise,22,44,1.495731959400499,1.8124812646978086,4.657377136891632,0.0573156901282761,2.652787046121007
Zshape,3,piecewise,22,44,1.5551371277792205,1.8910207097144291,4.930988561875513,0.05979932545245693,2.497940380306502
Zshape,4,piecewise,22,44,1.575549607118002,1.9594809936093167,5.281560268773646,0.061964229716152806,2.605333764719403
Zshape,5,piecewise,22,44,1.6816309618209893,2.029819942299211,5.179050712400552,0.06418854257697064,2.5292243265107435
Zshape,6,piecewise,22,44,1.6298435403027538,2.009071174142083,6.013981827530077,0.06353240891677765,2.5696570130815797
heee,0,piecewise,22,44,1.4244061965501578,1.781399105322942,4.7582491910876055,0.05633278594606677,2.6326540759106036
heee,1,piecewise,22,44,1.5280177564192459,1.88052001618406,4.714974788522255,0.059467264366783325,2.574029562326127
heee,2,piecewise,22,44,1.516283994906682,1.8556392732215452,4.539774178603167,0.0586804661903958,2.666524537777314
heee,3,piecewise,22,44,1.602403641506177,1.9659839633457181,4.510474362019207,0.062169871675374536,2.7257562833567093
heee,4,piecewise,22,44,1.6286246112641685,2.008602099824879,4.842247935013986,0.06351757548443512,2.6828283129350847
heee,5,piecewise,22,44,1.6156319043248268,2.004227053400511,4.985170980398245,0.06337922436873533,2.677811921063812
heee,6,piecewise,22,44,1.6993550002282083,2.1031333161667085,5.083263239164255,0.06650691502069823,2.689281484882254
Angle,0,bernstein,3,6,3.5610936222581593,4.029445794285511,10.980696384485027,0.12742226418128502,6.0531574236932055
Angle,1,bernstein,3,6,3.22871512487875,3.696410284191963,11.0413610772028,0.11689075664516894,5.412210663658683
Angle,2,bernstein,3,6,4.985611585649736,5.588722329265781,14.753923678147478,0.17673091770721366,8.317028440434182
Angle,3,bernstein,3,6,3.717491188996043,4.31110591970603,13.402771447786428,0.13632913940506033,5.890483650061988
Angle,4,bernstein,3,6,3.895259789922307,4.479484057178811,13.316052170456262,0.1416537236309697,6.167004682027955
Angle,5,bernstein,3,6,4.384992215187761,5.0070302329914655,13.73404010263874,0.15833619849576588,7.0974705245572745
Angle,6,bernstein,3,6,5.26177366493884,5.924853375209188,14.346995268386316,0.18736031468197234,8.33098528909767
BendedLine,0,bernstein,3,6,5.366139428707601,5.6031924852330794,12.748692175566264,0.1771885042167591,12.50245676484805
BendedLine,1,bernstein,3,6,6.963761881781138,7.546656183890533,16.427575254628938,0.23864622259288587,15.620098287675027
BendedLine,2,bernstein,3,6,6.8564302598297076,7.366392021992889,16.966387245797094,0.23294576927190686,14.569662429788687
BendedLine,3,bernstein,3,6,6.017600441666827,6.31544555191739,14.189438327721895,0.19971192382838127,12.450087277211985
BendedLine,4,bernstein,3,6,7.13882669470303,7.605206435330202,17.31831813910673,0.2404977441141349,13.965574024185704
BendedLine,5,bernstein,3,6,7.627511591184986,8.176145388106992,18.456666384427063,0.25855241907099463,14.063020185980347
BendedLine,6,bernstein,3,6,7.551602938750328,8.179276517953072,18.1632764877199,0.2586514340906281,14.613945904060202
CShape,0,bernstein,3,6,6.183206215256653,6.479273852613832,15.92873832260733,0.20489262958233828,11.590545947550673
CShape,1,bernstein,3,6,7.223024384750481,7.6066149935875425,18.529820420269683,0.24054228663723726,11.824571572039666
CShape,2,bernstein,3,6,6.214836158634402,6.543215232102191,15.843032240191844,0.20691463354150216,9.77312666630297
CShape,3,bernstein,3,6,5.562510577644887,5.900526244759498,13.878167343048545,0.1865910232704018,9.624756632132888
CShape,4,bernstein,3,6,6.9695566106948235,7.345745229307272,16.98324624773221,0.23229286035926835,10.17895966935774
CShape,5,bernstein,3,6,6.776068208692853,7.093830631026902,16.78066388029862,0.22432662129514533,10.659282197997777
CShape,6,bernstein,3,6,7.760770998216151,8.114921658915506,17.02831867524287,0.2566163547600503,11.744333053725672
DoubleBendedLine,0,bernstein,3,6,8.972876868226825,9.720228735873155,14.549929570526766,0.30738062183178405,20.098645764146788
DoubleBendedLine,1,bernstein,3,6,9.856257737762276,10.652182567193606,17.637000153305728,0.3368515896427139,20.15731521401649
DoubleBendedLine,2,bernstein,3,6,9.471661175397589,10.300222461131469,18.91051202355868,0.32572163383600605,19.23309054160611
DoubleBendedLine,3,bernstein,3,6,10.304159107238673,11.141258747940606,18.2369643710251,0.35231753644768105,19.617045544668198
DoubleBendedLine,4,bernstein,3,6,9.48872913040548,10.38870854272067,21.47136191391918,0.32851980942645975,18.62075174554037
DoubleBendedLine,5,bernstein,3,6,10.544173040976936,11.384407579982012,19.094945409799543,0.3600065776442868,19.281003514136845
DoubleBendedLine,6,bernstein,3,6,10.822319546847226,11.64831832486628,19.409353039415883,0.36835216817254585,19.85415814314791
GShape,0,bernstein,3,6,10.76835932988772,11.243111786534135,18.193912369186002,0.3555384123333269,22.001979059356582
GShape,1,bernstein,3,6,12.452779366927679,13.001858358929262,24.067475325137032,0.4111548622911551,21.225157314535277
GShape,2,bernstein,3,6,13.97997580909116,14.686035967045711,24.84862353393934,0.4644132345501797,20.981780290381362
GShape,3,bernstein,3,6,13.806986522896254,14.447640820504034,23.98001362712099,0.45687451808816665,21.02953527219475
GShape,4,bernstein,3,6,12.788030338892929,13.45411581382353,21.04002322617307,0.4254564987537226,21.686791872919045
GShape,5,bernstein,3,6,14.283808453140859,15.005604246616475,23.970051872710638,0.47451887086403044,22.982454511772055
GShape,6,bernstein,3,6,13.327308065943523,13.987501031414249,23.037645024657607,0.44232362033223444,22.07053639843113
JShape,0,bernstein,3,6,4.006125405046352,4.339200186414158,11.914075870711237,0.13721755812495956,8.25824258248803
JShape,1,bernstein,3,6,4.509365744559467,4.870562356979932,12.69831474036332,0.15402070533934686,8.464039480115066
JShape,2,bernstein,3,6,5.217205876447539,5.464728483664701,14.163800199784808,0.17280988802778707,9.98452936335474
JShape,3,bernstein,3,6,4.937456647489028,5.2930562878985965,14.325759616834134,0.167381136532355,9.024242724003072
JShape,4,bernstein,3,6,4.149215801740508,4.541640980942586,11.971378482118824,0.14361929814539942,7.248817477685202
JShape,5,bernstein,3,6,4.6553763034580316,4.970769326644312,13.06416369517485,0.15718952795497526,7.924705190744744
JShape,6,bernstein,3,6,4.616356183705038,4.867647043381853,13.378197549696383,0.15392851502871094,8.234418584231074
JShape_2,0,bernstein,3,6,5.294147591760135,5.719763833234083,13.685535301249114,0.18087481391275198,11.925379065322474
JShape_2,1,bernstein,3,6,5.019995398768319,5.494017943304718,13.727767353641667,0.1737361020667674,10.849891856332459
JShape_2,2,bernstein,3,6,5.35722769807087,5.9468835482816855,15.869120037248406,0.18805696992354037,10.177774686699431
JShape_2,3,bernstein,3,6,5.4034828381401905,5.992411516936586,16.77121400296156,0.18949669070544276,9.8609762067188
JShape_2,4,bernstein,3,6,5.7996775564852445,6.493959911033274,16.90786016102463,0.20535704352689557,10.55365664813788
JShape_2,5,bernstein,3,6,7.2069215668084965,7.556861181902369,17.592896661715418,0.23896893296523478,13.240512520248679
JShape_2,6,bernstein,3,6,7.071415216929336,7.69113937794654,19.928256134923686,0.24321518236121667,11.89528981559489
Khamesh,0,bernstein,3,6,2.928550353958037,3.2709061537451745,5.364838593590285,0.10343513458495643,5.319172039263277
Khamesh,1,bernstein,3,6,3.663313131263728,4.063077572734798,7.544554580518925,0.12848579439790414,6.401513258068055
Khamesh,2,bernstein,3,6,3.3438933057192446,3.6946625491863276,8.610578131755952,0.11683548841152681,5.61551864354554
Khamesh,3,bernstein,3,6,3.4858278634916258,3.9203815566333375,6.938537510864682,0.12397335015877739,5.568909186555186
Khamesh,4,bernstein,3,6,4.12994185150389,4.6979508892792925,8.799153159636232,0.1485622514573608,6.672974096561693
Khamesh,5,bernstein,3,6,3.5136986707906384,3.9425037920092034,6.994041847539837,0.12467291666599825,6.062097962832472
Khamesh,6,bernstein,3,6,4.140018529133807,4.54737037692372,9.350563686511327,0.1438004775545734,6.70004835018797
LShape,0,bernstein,3,6,3.3090904718926764,3.744928676624634,10.716005061997338,0.11842504293014014,5.825465251814768
LShape,1,bernstein,3,6,3.8031231858556493,4.2143072318677515,11.803196865576744,0.1332680961242143,6.653580470105348
LShape,2,bernstein,3,6,3.563764283941676,4.022626290500338,9.68143026025315,0.12720661253655216,5.933060812961581
LShape,3,bernstein,3,6,3.1370941112962965,3.5710809552083322,10.70341774155891,0.11292749527308066,5.483288890995568
LShape,4,bernstein,3,6,3.8599225671837902,4.372008252653998,12.311009149300896,0.1382550402743953,6.451891787533197
LShape,5,bernstein,3,6,3.582694405322945,4.10586162252869,11.028129520373463,0.1298387448466517,5.80592545522609
LShape,6,bernstein,3,6,3.8586097549387004,4.337269762774709,12.227297284848895,0.1371565127694627,6.261187530728726
Leaf_1,0,bernstein,3,6,3.450060705116017,3.9445094601884625,11.239846218143494,0.12473634146276807,7.454529593067926
Leaf_1,1,bernstein,3,6,3.8880439152033794,4.440194091557792,13.329569347037959,0.14041126582544836,7.345116111690234
Leaf_1,2,bernstein,3,6,4.674842855328066,5.239492960044002,13.93843045370513,0.16568731538156645,8.809257309617303
Leaf_1,3,bernstein,3,6,4.975784134917692,5.629723943080467,15.415144844600123,0.178027502581184,9.56025314926616
Leaf_1,4,bernstein,3,6,5.919470457271098,6.561159961197034,18.280057939916535,0.2074820957008461,10.354689751985774
Leaf_1,5,bernstein,3,6,4.60060231275276,5.215905191670782,14.58714143940138,0.16494140465176785,8.913626909347894
Leaf_1,6,bernstein,3,6,5.02572590080744,5.778350161718218,15.900458142653289,0.1827274762903186,8.835901130187148
Leaf_2,0,bernstein,3,6,5.63826371838756,6.133089863906498,14.209631414798809,0.19394533064436648,10.055958410391662
Leaf_2,1,bernstein,3,6,5.444417758709051,5.922253705858406,14.74564067702403,0.18727810591885433,9.287232449918179
Leaf_2,2,bernstein,3,6,5.5405941092833455,6.048411315723374,15.211293784105159,0.19126755983221663,9.193264680927282
Leaf_2,3,bernstein,3,6,5.503193061353949,5.976997868888989,13.995400867344365,0.1890092683566166,9.63692113575426
Leaf_2,4,bernstein,3,6,5.811385821343235,6.301543141507141,14.809471338191068,0.199272291009753,9.859906322662724
Leaf_2,5,bernstein,3,6,5.23649896757292,5.7708815581410375,15.536174140137405,0.1824912983078709,9.103828514065407
Leaf_2,6,bernstein,3,6,5.649726804225708,6.131238095691228,15.2640892248591,0.19388677259177686,9.582255902185572
Line,0,bernstein,3,6,0.9037419026929666,1.2160443018826488,5.323862985800698,0.03845469729618553,1.7657188952869516
Line,1,bernstein,3,6,1.0522398444509253,1.2566019501961168,5.269624084070189,0.03973724274829198,1.9568868677697193
Line,2,bernstein,3,6,0.5946119878471932,0.814738376518682,4.219474039098135,0.02576428966946882,1.089822023292803
Line,3,bernstein,3,6,0.6272537897820136,1.0471822048400707,5.450773409592807,0.03311480892491623,1.1848281020007982
Line,4,bernstein,3,6,0.6224267605057185,0.8778866415059237,5.105015629177061,0.027761213145944288,1.1440765655480047
Line,5,bernstein,3,6,0.6740077915882497,1.0479572499839984,5.437686182124028,0.033139318004358875,1.2314916280619304
Line,6,bernstein,3,6,0.6671858652123381,0.9572981923691652,5.338270077130586,0.03027242687848583,1.3615449194320839
Multi_Models_1,0,bernstein,3,6,2.0783945811367173,2.242811621194775,4.171009852638787,0.07092393085670261,7.162165077412295
Multi_Models_1,1,bernstein,3,6,2.525960837043607,2.750268022511914,5.777363856492393,0.08697111127064891,8.109312346730142
Multi_Models_1,2,bernstein,3,6,2.1615307254547163,2.3720028972937097,4.795219023948139,0.07500931771966571,7.239593824059655
Multi_Models_1,3,bernstein,3,6,1.1057287742453807,1.1556081631474309,2.837498537166664,0.03654353878229336,5.145229336081078
Multi_Models_1,4,bernstein,3,6,1.1481816533026163,1.2371055189050761,3.2693526202811216,0.039120711457045335,5.033741114578064
Multi_Models_1,5,bernstein,3,6,0.3091039240461578,0.3653957987754278,1.320607583468438,0.01155482971586916,2.253799337201478
Multi_Models_1,6,bernstein,3,6,0.2542798115435589,0.3280821089718582,1.5065720117002044,0.010374867239026348,1.904399352439635
Multi_Models_2,0,bernstein,3,6,2.3953772983214674,2.6398929749035807,5.010966801603456,0.08348074579773036,7.226471742905152
Multi_Models_2,1,bernstein,3,6,2.5083874727942246,2.700612433060161,6.142743152912293,0.0854008636583912,7.1077133598034195
Multi_Models_2,2,bernstein,3,6,2.69170912481277,2.9358321858844922,6.077219971423628,0.09283916535425832,8.12591775559397
Multi_Models_2,3,bernstein,3,6,2.2976581404376457,2.5329369080810666,6.323055528456303,0.08009849799040725,6.568682457064815
Multi_Models_2,4,bernstein,3,6,1.5556606963196222,1.78106546422739,5.087773109654149,0.05632223528823699,6.642827988606026
Multi_Models_2,5,bernstein,3,6,1.5202291850925758,1.728101996356486,3.9967231943733577,0.05464738337570493,6.502578001775397
Multi_Models_2,6,bernstein,3,6,1.6487630826417572,1.8113181791569017,4.751223149233045,0.057278910134047366,6.529166291243819
Multi_Models_3,0,bernstein,3,6,4.11182592582213,4.713657645219024,8.763621408991588,0.1490589426915801,12.57899574082917
Multi_Models_3,1,bernstein,3,6,4.5706035620591425,5.204243534369335,9.111485164981087,0.16457263066811875,13.178302202415749
Multi_Models_3,2,bernstein,3,6,4.657187051891785,5.278516167118926,9.86516613488963,0.16692133754117797,12.435140641555734
Multi_Models_3,3,bernstein,3,6,4.533313880835934,5.086802570165283,9.09455184963252,0.1608588212932077,12.61587737940918
Multi_Models_3,4,bernstein,3,6,4.337467802938198,5.0615696527801015,9.416957685007352,0.16006088638372734,14.636389269651522
Multi_Models_3,5,bernstein,3,6,5.011418398976019,5.7864063931911085,11.475921230014448,0.1829822366984373,14.937688133000732
Multi_Models_3,6,bernstein,3,6,4.790883028927611,5.511637037789433,10.598320141122553,0.17429326675558146,14.883965876792164
Multi_Models_4,0,bernstein,3,6,3.93244531601858,4.302536643524813,11.375050908085187,0.13605815509874356,9.362285861436716
Multi_Models_4,1,bernstein,3,6,4.514497944511822,4.837335635021802,12.164022736444807,0.15296998413365864,10.578687408152447
Multi_Models_4,2,bernstein,3,6,4.456509415051801,4.904156402898612,12.92587399966652,0.15508304234857997,9.610524398508744
Multi_Models_4,3,bernstein,3,6,3.5266619576210925,4.0948994777233505,12.60764895491856,0.12949209139039716,7.552437363816967
Multi_Models_4,4,bernstein,3,6,1.9591609741289244,2.1371782552471386,4.6364212927405095,0.06758351052365662,7.585927758072632
Multi_Models_4,5,bernstein,3,6,1.8528093342921579,2.082141932529105,4.784217295210441,0.06584310918536607,7.1362467516832115
Multi_Models_4,6,bernstein,3,6,1.732192263478562,1.9041679630460826,4.230753797024466,0.06021507810748954,6.197752135382012
NShape,0,bernstein,3,6,12.937076711988492,14.368025929551262,21.991950737682675,0.4543568741773997,21.245587631753658
NShape,1,bernstein,3,6,12.39553865014356,14.128921666254387,23.550892166148266,0.4467957334746524,19.652707221316454
NShape,2,bernstein,3,6,13.450135549175437,15.086562140790972,23.72546459557091,0.47707898426565326,21.034318181399385
NShape,3,bernstein,3,6,13.92746545602085,15.539815121989355,23.29157882330035,0.491412102034137,20.771356838641285
NShape,4,bernstein,3,6,13.609627773007993,15.2973511339477,24.735363177939043,0.48374471750634235,21.339210001942057
NShape,5,bernstein,3,6,13.86757967933947,15.508851958266677,24.652737768444496,0.4904329608248533,21.141651455924176
NShape,6,bernstein,3,6,14.16165580769954,15.988932763365762,26.537693196345774,0.5056144488752582,20.67254905355907
PShape,0,bernstein,3,6,7.045817798521835,7.471936152968146,14.249428498050813,0.2362833677473563,12.52670230006106
PShape,1,bernstein,3,6,8.370701763868183,8.852719965090417,15.650721191289216,0.27994758577332024,13.33281493427508
PShape,2,bernstein,3,6,7.820696524155179,8.345322498634577,15.775200125135015,0.26390226904332686,12.273199115445223
PShape,3,bernstein,3,6,7.4718960996132795,8.001277146897644,15.007421858181113,0.25302259974450214,11.688277144120807
PShape,4,bernstein,3,6,7.191131232202795,7.651717666750601,14.310699322704272,0.24196855839481143,12.258748354729658
PShape,5,bernstein,3,6,7.7984298892143284,8.242349877580457,15.599241209327182,0.2606459888516426,12.417959231145328
PShape,6,bernstein,3,6,8.247918232226604,8.793610960902278,16.54335258577284,0.27807839493873066,12.70491979986829
RShape,0,bernstein,3,6,4.278236587821839,4.79059489217558,10.716053179886034,0.15149191206443582,6.860708196893798
RShape,1,bernstein,3,6,4.63810613874279,5.247195294135656,13.130704801806335,0.1659308845718583,7.348744034273284
RShape,2,bernstein,3,6,4.436582662396668,4.933107508665667,11.098664529864356,0.15599855669862328,7.063524340699677
RShape,3,bernstein,3,6,4.014688301409035,4.619592263728203,11.636790970752818,0.14608433414674366,6.593608553807454
RShape,4,bernstein,3,6,3.775979137007193,4.221739599962131,9.972844237618439,0.13350312824008437,6.037639161477723
RShape,5,bernstein,3,6,5.134297697125649,5.485035916640736,10.896056503311577,0.17345206544414188,7.840269950694966
RShape,6,bernstein,3,6,4.188090040014213,4.65228040608559,11.142684635014326,0.14711802397003537,6.565417792065093
Saeghe,0,bernstein,3,6,3.886911270104558,4.581372083559803,8.788748380962444,0.14487570592760224,7.252256593347315
Saeghe,1,bernstein,3,6,4.401931716380767,5.224715697780537,9.811741634357332,0.16522001731822436,8.174577123076674
Saeghe,2,bernstein,3,6,4.2558275665562455,5.058231288574992,9.199584581407278,0.15995531803825408,7.761862524957142
Saeghe,3,bernstein,3,6,4.393662033359211,5.24370361158108,9.552842634318038,0.16582046787447097,8.146565770075345
Saeghe,4,bernstein,3,6,4.384397833253091,5.102755217946837,9.24752677788223,0.16136328831020913,7.900270230071688
Saeghe,5,bernstein,3,6,4.263409726585787,5.108367513262776,10.031206650126057,0.16154076467120773,7.498977512480873
Saeghe,6,bernstein,3,6,3.929414176026251,4.631442063225171,8.769091177375651,0.14645905770901108,6.735530120803326
Sharpc,0,bernstein,3,6,5.653306612947603,6.2014726452665005,11.400109373419607,0.19610778406271562,10.54091831933994
Sharpc,1,bernstein,3,6,5.862589151691427,6.384916290136713,12.412480399082131,0.20190878146344493,11.041563387775224
Sharpc,2,bernstein,3,6,5.612422792993636,6.140100563625255,11.740732772893123,0.1941670284353942,9.420385923058756
Sharpc,3,bernstein,3,6,5.387417213117197,6.002183592522118,11.368770354190675,0.18980571086861883,9.166592059521918
Sharpc,4,bernstein,3,6,6.62986719088221,7.238324156356131,13.859900199685004,0.22889590776702126,11.317821745366462
Sharpc,5,bernstein,3,6,6.793194704683405,7.40932364680434,13.327952376053386,0.23430338645246673,11.652958787157447
Sharpc,6,bernstein,3,6,7.1335226926429085,7.815783572446474,14.1183779656245,0.24715677787858492,11.494209755796101
Sine,0,bernstein,3,6,5.513741960212028,6.213101375979291,10.068749241107145,0.19647551681620729,11.027140404925817
Sine,1,bernstein,3,6,5.767342737813875,6.434233236923949,10.592885497319662,0.2034683202543748,11.171718718910588
Sine,2,bernstein,3,6,6.273010420787261,7.006593305404471,11.603556422440361,0.22156793483565884,11.905322495833595
Sine,3,bernstein,3,6,6.614487788195151,7.385059612779294,11.940725723014346,0.23353609032503703,11.713926550771037
Sine,4,bernstein,3,6,5.861242973032893,6.503268881036025,10.805393032253795,0.20565141900568434,11.360922631198576
Sine,5,bernstein,3,6,6.2566474729492905,6.97033244117194,11.666611165794661,0.22042126562664946,11.930531822729987
Sine,6,bernstein,3,6,6.134472053149058,6.863881717309641,11.9085114974836,0.2170549981668645,11.295375440599267
Snake,0,bernstein,3,6,7.374924883578826,7.997098714117567,16.611098865224275,0.2528904660981526,12.986061001083185
Snake,1,bernstein,3,6,7.814201200997139,8.493712551826953,16.72419411605093,0.2685947745453413,13.6506162442275
Snake,2,bernstein,3,6,8.274640619743872,9.048438190837148,16.02520372813864,0.28613673950298696,13.937120362018629
Snake,3,bernstein,3,6,7.5242989929177435,8.32090294442251,17.762714043500374,0.26313005493576597,13.048699546344006
Snake,4,bernstein,3,6,7.8608974976199955,8.607902980988824,15.875100835127466,0.2722057929767775,13.143313585024838
Snake,5,bernstein,3,6,8.47206693284467,9.225495944341755,17.171906648015337,0.29173579728765914,14.689818369760946
Snake,6,bernstein,3,6,8.567941819075367,9.39524542255282,16.79709574706965,0.29710374711538,14.263964733713184
Spoon,0,bernstein,3,6,3.8044720930680724,4.0845619892606395,7.01453513190232,0.12916519130211837,7.487975059912621
Spoon,1,bernstein,3,6,4.397960088280987,4.6828670297907555,9.659763468061092,0.14808525793846358,8.251178970745991
Spoon,2,bernstein,3,6,4.601448927208682,4.885186358207727,9.149857604771155,0.15448315686319614,8.732233494759086
Spoon,3,bernstein,3,6,4.63425682113366,4.958925242804102,10.235716742034075,0.15681498513764466,8.540519598821332
Spoon,4,bernstein,3,6,4.4463888494299715,4.738599938522583,7.975135154591965,0.1498476872606522,8.505843595812363
Spoon,5,bernstein,3,6,4.518286424949041,4.803862985385556,8.761280739406324,0.1519114860119452,8.560625162421665
Spoon,6,bernstein,3,6,4.458248738821694,4.69001440143755,9.283423487091458,0.1483112776753394,8.495977264452494
Sshape,0,bernstein,3,6,12.944551011970518,14.345985122885406,22.889407805993134,0.45365988267208446,22.08654761211139
Sshape,1,bernstein,3,6,12.661806563404191,14.171843556852398,23.300021396863887,0.4481530428323552,21.23047649560407
Sshape,2,bernstein,3,6,13.760037117105597,15.238050892651252,24.953669523603992,0.4818694792233988,21.358299888326673
Sshape,3,bernstein,3,6,13.637539463101488,15.052227540669199,25.337633360115536,0.47599322887629436,20.719689380022658
Sshape,4,bernstein,3,6,13.831488297749642,15.460222988006144,26.536343873173934,0.4888951777619346,20.982136589245595
Sshape,5,bernstein,3,6,13.626517321737396,15.15958239826709,25.078256398537622,0.479388087555218,20.80546919099579
Sshape,6,bernstein,3,6,14.25034549401244,15.841253403276053,25.066507269605943,0.5009444174624618,21.370958216502014
Trapezoid,0,bernstein,3,6,1.7887105674496233,2.055289137638298,4.779998184561073,0.06499394925140323,3.648301004497619
Trapezoid,1,bernstein,3,6,3.0513961067306656,3.3219817433384216,8.42842753547939,0.10505028654446297,5.557958505580839
Trapezoid,2,bernstein,3,6,2.656825911001565,2.940400052125593,7.33670789370384,0.09298361396794702,5.277799188069658
Trapezoid,3,bernstein,3,6,2.7072015492989756,3.004312131014255,8.007374029938847,0.09500469136079237,4.905685725274269
Trapezoid,4,bernstein,3,6,3.6616513664709083,4.066316886839365,9.06393832748628,0.12858823050417556,6.692554982179845
Trapezoid,5,bernstein,3,6,3.2402425793190814,3.585531240837596,7.174731270707093,0.11338445342736539,5.792838458783022
Trapezoid,6,bernstein,3,6,3.0151489915053977,3.3129749743010573,7.990771974832083,0.10476546749929141,5.530844032776811
WShape,0,bernstein,3,6,5.843516225864968,6.724295466384645,12.989268364692094,0.2126408933371968,11.865477300222135
WShape,1,bernstein,3,6,6.289254284512145,7.163514386691572,13.397301269891907,0.22653021513329546,11.948490816193008
WShape,2,bernstein,3,6,6.721146414712806,7.644685883638935,13.660985937246137,0.2417461938883597,13.083738608345998
WShape,3,bernstein,3,6,7.2372748430273255,8.155293318324317,13.727025302580921,0.2578930187265744,13.374971685192335
WShape,4,bernstein,3,6,7.219151818625774,8.174665651451786,14.88661165668788,0.25850562568931773,12.730991002944473
WShape,5,bernstein,3,6,7.174123103808581,8.147540776540463,15.805317467231472,0.2576478618296484,13.215511884004716
WShape,6,bernstein,3,6,7.083318148660652,8.11183528310606,15.24312777760025,0.25651875498731935,13.53858641161054
Worm,0,bernstein,3,6,2.594401149583133,2.8193801215126695,4.7636899840421085,0.08915662773782325,5.262116832165518
Worm,1,bernstein,3,6,2.5901940823469323,2.864087189670456,5.909567740974547,0.09057038936669318,5.222233431543037
Worm,2,bernstein,3,6,2.7671763379196017,3.061796135988805,6.068990746383356,0.09682249520827264,5.542162891451867
Worm,3,bernstein,3,6,2.87998759561262,3.1516743157841223,6.646367301702998,0.09966469280930591,5.691486795553465
Worm,4,bernstein,3,6,2.6509699353224514,2.967405227462863,6.7046213675421455,0.0938375925947268,5.185092026166667
Worm,5,bernstein,3,6,2.6447606424982304,2.9729732938544093,6.2965534358527275,0.09401367031433001,5.0595989518917825
Worm,6,bernstein,3,6,2.5835300336818863,2.8841281537363423,6.1153637404911745,0.09120414029623107,5.0535439835840785
Zshape,0,bernstein,3,6,11.076108483907927,12.621589724445395,22.740244341962196,0.3991297122142444,19.69670444037306
Zshape,1,bernstein,3,6,12.739230822960126,14.195944015911772,25.280268441303473,0.44891516626518785,21.05153855865929
Zshape,2,bernstein,3,6,11.916958447891496,13.446815751650162,26.13473472169243,0.4252256505184358,21.13557365746177
Zshape,3,bernstein,3,6,12.380167343036213,13.930226210493847,27.804457313778084,0.44051243146536717,19.88565469161145
Zshape,4,bernstein,3,6,13.05004773013891,14.45593582189237,27.410259325060792,0.4571368290639807,21.579599797383132
Zshape,5,bernstein,3,6,13.5409652518367,15.063659720322718,26.17343696399634,0.47635474613954787,20.366025303373192
Zshape,6,bernstein,3,6,13.502241446391077,15.00101184458504,25.81735453819202,0.47437364636052526,21.288012356446544
heee,0,bernstein,3,6,11.3704505829047,12.271813796320206,19.68349707146511,0.388068826178495,21.015397956372254
heee,1,bernstein,3,6,11.811024995289694,12.528447660719216,20.859176301396726,0.39618430154081175,19.89631820149283
heee,2,bernstein,3,6,11.937228125912386,12.68999122528318,20.093654783185013,0.40129275759445754,20.992711007775217
heee,3,bernstein,3,6,12.286719099241884,13.037369205541557,23.664797769667075,0.4122778138605124,20.900228206619655
heee,4,bernstein,3,6,12.782567442861144,13.576606411472266,21.740326555799847,0.42932999155897533,21.05668403297117
heee,5,bernstein,3,6,11.753898504959048,12.53533420662355,23.224879355899947,0.3964020732435017,19.481374099694296
heee,6,bernstein,3,6,12.852394646521807,13.725371326017138,25.232940957467605,0.43403435121779643,20.339309299498513
Angle,0,bernstein,7,14,0.5090781997610625,0.5509330886484491,1.56800020591261,0.017422033984805563,0.8653326227828825
Angle,1,bernstein,7,14,0.45284774426967,0.5215042200829825,1.0696587821528978,0.016491411448519497,0.7590968220344707
Angle,2,bernstein,7,14,0.44017273145332886,0.4786825610080629,0.9599334436004897,0.015137271689879843,0.7342989046195088
Angle,3,bernstein,7,14,0.5908572328484164,0.6440798747401532,1.3780002590415048,0.020367593992548342,0.9362321772050798
Angle,4,bernstein,7,14,0.38299182727838377,0.44323216941420635,1.1340430857695059,0.014016231876065112,0.6063555499211888
Angle,5,bernstein,7,14,0.5001923702562124,0.5634770731669875,1.211461064945854,0.01781870960493028,0.8096024873672197
Angle,6,bernstein,7,14,0.624442198719754,0.725139699738128,1.4325763441045893,0.022930930729830885,0.9886815934502085
BendedLine,0,bernstein,7,14,0.8695302483251508,0.9520494644689552,2.162194668371255,0.03010644752865446,2.0259004596962282
BendedLine,1,bernstein,7,14,0.9417912872305689,1.059202683713787,2.57765823287824,0.033494929842985015,2.1124893014370034
BendedLine,2,bernstein,7,14,1.0272155895126494,1.1283594014870073,2.809783578782023,0.035681857279633265,2.182795392742374
BendedLine,3,bernstein,7,14,0.8732660407838303,0.9729994219819266,2.410156405850048,0.03076894335490192,1.8067398341543135
BendedLine,4,bernstein,7,14,0.8578016394976753,0.9720569399014715,2.805779015986689,0.0307391394546206,1.6781038126841643
BendedLine,5,bernstein,7,14,1.0659709842498803,1.1862426543024842,3.6268587333631928,0.03751228645239588,1.9653554491480607
BendedLine,6,bernstein,7,14,0.9331091574807541,1.0024519682800037,2.8425324147037467,0.031700314646836765,1.8057632082366268
CShape,0,bernstein,7,14,0.4722448519746015,0.5420904835311623,1.3935435283302564,0.017142406258604696,0.8852325904641832
CShape,1,bernstein,7,14,0.5749279696437314,0.6485634100911543,1.607680493524947,0.020509375829338802,0.9411953447329524
CShape,2,bernstein,7,14,0.3900946709560395,0.45005108739319927,1.293869890421813,0.014231864995980009,0.6134425001383895
CShape,3,bernstein,7,14,0.4734899652297247,0.5257798654519533,1.7640625873473263,0.01662661922685048,0.8192749693651187
CShape,4,bernstein,7,14,0.5715267038163135,0.6759397619059283,1.758548497261574,0.021375092086946504,0.834708374300334
CShape,5,bernstein,7,14,0.37959184527700357,0.45431827113215467,2.242303792316849,0.014366805194075336,0.5971274896075499
CShape,6,bernstein,7,14,0.6292527231724193,0.719199250130995,2.221692123146524,0.022743077218990958,0.9522447650625685
DoubleBendedLine,0,bernstein,7,14,0.7165182298377354,0.7795412401260954,2.5815740799875524,0.024651258488307057,1.6049530486767973
DoubleBendedLine,1,bernstein,7,14,0.6292617082380338,0.6932010012499465,1.2517001575797297,0.021920940402590586,1.28692115633984
DoubleBendedLine,2,bernstein,7,14,0.4181124899691928,0.4991217473891296,1.2045395221435218,0.015783615514728497,0.8490163686430962
DoubleBendedLine,3,bernstein,7,14,0.5100677979373798,0.5745727043960711,1.7378726843542611,0.018169584272542255,0.9710664517958543
DoubleBendedLine,4,bernstein,7,14,0.6937181672123804,0.7535254550038455,1.373702885253931,0.02382856712726874,1.3613576270862522
DoubleBendedLine,5,bernstein,7,14,0.5716620370885942,0.6654667819564496,1.4458119509510508,0.021043907381650226,1.045337334959232
DoubleBendedLine,6,bernstein,7,14,0.6639577301973904,0.7285658838298928,2.201536228670865,0.023039276183961004,1.2180680600532456
GShape,0,bernstein,7,14,0.8167418227316903,0.8954957883104836,1.9774738991308403,0.028318063261491142,1.668771994891328
GShape,1,bernstein,7,14,0.6843347699716061,0.7628269770507606,2.301399335794414,0.024122707081013973,1.1664153616203716
GShape,2,bernstein,7,14,0.8130027995394173,0.89014974252653,2.8120128147226278,0.028149006449962807,1.2201913900529113
GShape,3,bernstein,7,14,0.9329993456159482,1.0341463829285014,3.7295879317328104,0.03270258004078734,1.4210590134949632
GShape,4,bernstein,7,14,0.8550415124220107,0.9783328492839451,2.771995056303111,0.03093760113499498,1.4500362316318496
GShape,5,bernstein,7,14,0.8455520620149527,0.9208025808516662,2.9729227684445707,0.02911833430852612,1.3604818257220912
GShape,6,bernstein,7,14,0.8635819181697295,1.009013691468681,2.997234840472005,0.03190781455335439,1.430124978254011
JShape,0,bernstein,7,14,0.6124480964839211,0.6630132419489221,1.2458455690161159,0.020966319634108888,1.2625029020749627
JShape,1,bernstein,7,14,0.511440636808217,0.5759994742465698,1.2240233033876544,0.018214702696786596,0.9599695360489855
JShape,2,bernstein,7,14,0.5203653749742111,0.5880694085350638,1.9610729745119724,0.018596387532388643,0.9958593716912821
JShape,3,bernstein,7,14,0.5180146851169708,0.5902816401970578,1.6778217192872902,0.01866634444002705,0.9467810224664771
JShape,4,bernstein,7,14,0.3718160709413208,0.4321893598239298,1.2656690869610563,0.013667027575336865,0.6495749949648552
JShape,5,bernstein,7,14,0.5654801061472692,0.5997277865537504,1.8877670698310685,0.018965057816011547,0.9625995494970951
JShape,6,bernstein,7,14,0.38685403401335283,0.43212783410606553,0.8315152517352815,0.013665081961305585,0.6900503168080176
JShape_2,0,bernstein,7,14,0.7065125634169889,0.7689671361843865,2.4330949474497334,0.024316875961595416,1.5914611346071463
JShape_2,1,bernstein,7,14,0.9998623405008163,1.099823073653757,4.101754077707664,0.03477945935952998,2.161037491850098
JShape_2,2,bernstein,7,14,1.1399937146971613,1.2908364059448794,4.939385274601258,0.04081983129451533,2.1657842127224307
JShape_2,3,bernstein,7,14,0.8322790906876139,0.9708084810401775,4.123635181450858,0.03069965971895351,1.518850814643263
JShape_2,4,bernstein,7,14,1.3050789596657237,1.4621865344861846,4.92704546682696,0.046238398130046834,2.3748484471554043
JShape_2,5,bernstein,7,14,1.1499461961390607,1.2631976493962407,3.377136269373123,0.03994581707062941,2.112674165584708
JShape_2,6,bernstein,7,14,1.0107184811404744,1.2814001526334282,5.353535666934488,0.04052143076409042,1.7001956307643538
Khamesh,0,bernstein,7,14,0.6712785674608547,0.7654659958880108,2.6072827827075757,0.02420616018415197,1.2192538133307607
Khamesh,1,bernstein,7,14,0.7983125749484414,0.9018146152921012,3.2935591285164576,0.028517882115515526,1.3950236710591992
Khamesh,2,bernstein,7,14,0.7774844169735348,0.8878769078631054,3.2047185769205293,0.028077133107148763,1.3056571605061817
Khamesh,3,bernstein,7,14,0.6415658384266572,0.7197096608240314,1.9975965376813998,0.02275921782231196,1.0249564899098107
Khamesh,4,bernstein,7,14,1.2564317566138996,1.3534127946290488,3.3312399800201846,0.04279867045441496,2.030085862571898
Khamesh,5,bernstein,7,14,0.6633008224669663,0.732576889146113,2.5218644951451723,0.02316611530902401,1.144376607490167
Khamesh,6,bernstein,7,14,1.1127952699460557,1.256705011013426,4.352835680418845,0.03974050181749414,1.8009054935459379
LShape,0,bernstein,7,14,0.7596895915564005,0.8482789089810661,2.2043446978862766,0.02682493443462831,1.3373902452554938
LShape,1,bernstein,7,14,0.8781217812755335,0.9936255268921541,2.3955056609788428,0.031421198062640945,1.5362778560522738
LShape,2,bernstein,7,14,0.5023606775367545,0.5658447249908007,1.9305915240269411,0.017893581329625294,0.836345002753534
LShape,3,bernstein,7,14,0.6258128575501735,0.693266101527783,2.0606664562796233,0.021922999054133318,1.0938507318892972
LShape,4,bernstein,7,14,0.7478747362942658,0.8297195218374083,2.233975184062927,0.02623803508112026,1.2500786700291278
LShape,5,bernstein,7,14,1.0859037573694807,1.2178825854789008,2.9236686140458046,0.03851282892768035,1.759758314153177
LShape,6,bernstein,7,14,0.918598655156008,1.0239418709884183,2.692909136803858,0.03237988503937688,1.4905675387477337
Leaf_1,0,bernstein,7,14,1.0284307542460789,1.1353350557828465,3.501502364039534,0.035902446837081166,2.2221253905996874
Leaf_1,1,bernstein,7,14,1.1162180151765615,1.2514903489988585,3.54860386380028,0.03957559972555418,2.1087084164283127
Leaf_1,2,bernstein,7,14,1.2531715949576872,1.3946017595054574,3.6739497584568426,0.044101179889156225,2.3614721124804654
Leaf_1,3,bernstein,7,14,1.0774172625781644,1.2165055019394635,3.899223331566256,0.03846928172255086,2.070102218734416
Leaf_1,4,bernstein,7,14,0.9797990967137261,1.1029597102992978,3.6407886733621986,0.034878648519452576,1.7139228481636288
Leaf_1,5,bernstein,7,14,0.9362995045031931,1.082190139853124,3.8071580531279277,0.03422185703312028,1.8140721347320838
Leaf_1,6,bernstein,7,14,0.9059326472246223,1.0492330681210205,3.73143039634416,0.033179662916290306,1.5927512680704343
Leaf_2,0,bernstein,7,14,2.226307785166375,2.4489686920388785,4.465039688774912,0.07744318985286319,3.970665370502872
Leaf_2,1,bernstein,7,14,1.9558706819341332,2.111860861819595,4.405731228498271,0.06678290424716046,3.33637616915888
Leaf_2,2,bernstein,7,14,1.9837644779263464,2.1510871484149985,5.391929883535687,0.06802334834508053,3.2915733494430888
Leaf_2,3,bernstein,7,14,1.9572284013103718,2.17129522251592,4.824690071520073,0.06866238375792424,3.4274021532230083
Leaf_2,4,bernstein,7,14,1.7582216861542215,1.9314630925398326,4.669056444743029,0.06107822588978443,2.9830924417865843
Leaf_2,5,bernstein,7,14,1.5131966759844058,1.6679476555268882,3.6450827707713347,0.05274513609402901,2.6307430081669345
Leaf_2,6,bernstein,7,14,1.9103849581598575,2.080790612664778,3.8578022577726085,0.06580037669917903,3.240120836830912
Line,0,bernstein,7,14,0.2879331968459908,0.32678977639990797,0.8225207551871441,0.010334000094808489,0.562560045889637
Line,1,bernstein,7,14,0.2839065180584757,0.32688919497794855,0.6808844089662154,0.010337143986291923,0.5279907806121562
Line,2,bernstein,7,14,0.3055750351798741,0.3578485246027395,0.7522348423475597,0.01131616395075458,0.5600667492648701
Line,3,bernstein,7,14,0.2588296001153333,0.28855294541448656,0.7063632856314477,0.009124845330600167,0.4889067054546628
Line,4,bernstein,7,14,0.23032036854891863,0.2819886271272825,0.7492108208153997,0.008917263359861564,0.4233496259240232
Line,5,bernstein,7,14,0.21515567673326522,0.2620853749914483,0.6773453870375712,0.008287867263923094,0.3931147650424794
Line,6,bernstein,7,14,0.3472023574573024,0.39099053281290225,0.8371459430580869,0.012364206272515724,0.7085455949525865
Multi_Models_1,0,bernstein,7,14,0.44570942836994754,0.5141730915827821,1.5213581584811309,0.01625958080971942,1.5359184110260382
Multi_Models_1,1,bernstein,7,14,0.3456915802309746,0.3765676172101962,0.7540667159345724,0.011908113634466411,1.1098038253865854
Multi_Models_1,2,bernstein,7,14,0.3450561718231237,0.3808755945298851,0.7247481025419279,0.012044343838852056,1.1556932784098368
Multi_Models_1,3,bernstein,7,14,0.13988787945926584,0.16385081647152383,0.35578325393186616,0.00518141776528249,0.6509328850985131
Multi_Models_1,4,bernstein,7,14,0.1390747534083575,0.1648796180745214,0.31732667270472503,0.005213951328541535,0.6097173754847871
Multi_Models_1,5,bernstein,7,14,0.09228782255788266,0.1067071237746727,0.28293255907671905,0.003374375536934696,0.6729071264771898
Multi_Models_1,6,bernstein,7,14,0.11458754031223069,0.13775209467690716,0.350248765774281,0.0043561037163818315,0.8581901812951473
Multi_Models_2,0,bernstein,7,14,0.5414941178538812,0.6003182990180873,1.1972957226090324,0.01898373145975179,1.6336014975020754
Multi_Models_2,1,bernstein,7,14,0.44000383512042346,0.5047541997392178,1.2347668536153906,0.015961729297114962,1.246785503105059
Multi_Models_2,2,bernstein,7,14,0.3143079114160591,0.3437122482877571,0.871526254519195,0.010869135642866217,0.9488544711446361
Multi_Models_2,3,bernstein,7,14,0.4481096740300712,0.49786058868661176,1.0849288959791583,0.015743734174819505,1.2810827262935212
Multi_Models_2,4,bernstein,7,14,0.38822526955188924,0.429136862320455,1.1455903706457493,0.013570499128707284,1.6577610352724061
Multi_Models_2,5,bernstein,7,14,0.5272875874261324,0.601378129626791,1.3831328296628984,0.01901724624632645,2.2554024749877395
Multi_Models_2,6,bernstein,7,14,0.3115949976404618,0.36548738615748866,0.8870636678175392,0.011557725963191602,1.233928377298794
Multi_Models_3,0,bernstein,7,14,0.9964445542800077,1.0954216825854362,3.682694144377278,0.034640275153039815,3.0483468975536705
Multi_Models_3,1,bernstein,7,14,1.110706379377192,1.2282621713623265,4.008499409435258,0.038841060253289914,3.2024707736825304
Multi_Models_3,2,bernstein,7,14,1.3709058300817603,1.5128825105099404,5.283490053491268,0.047841545654450375,3.6604513869526905
Multi_Models_3,3,bernstein,7,14,1.1866960408272333,1.3269164200878036,4.8429877643139365,0.041960781521542624,3.302487348382342
Multi_Models_3,4,bernstein,7,14,0.581115080384196,0.6496557481405777,2.1413237669895167,0.02054391859144924,1.9609198069911569
Multi_Models_3,5,bernstein,7,14,0.5677402357190152,0.6353845275991578,1.707684266688883,0.020092622972434554,1.6922806891278195
Multi_Models_3,6,bernstein,7,14,0.49420070487600115,0.5793052946538508,1.66171227113252,0.018319241917011328,1.5353466956398483
Multi_Models_4,0,bernstein,7,14,0.5511115929535721,0.6299205451078145,2.588245215471095,0.019919836674755297,1.3120752763593462
Multi_Models_4,1,bernstein,7,14,0.6426167916591585,0.7407698930413812,2.8244849565870336,0.023425200840900797,1.5058246223051885
Multi_Models_4,2,bernstein,7,14,0.8338903467482284,0.9980257042244851,3.0556301988705714,0.03156034388742904,1.7982961050272146
Multi_Models_4,3,bernstein,7,14,0.6037696749329512,0.7421671281022026,2.8450887871118002,0.023469385293089194,1.29298830080645
Multi_Models_4,4,bernstein,7,14,0.4526059044674925,0.48510474890055644,1.2489996493466788,0.015340359102898209,1.7525031069456065
Multi_Models_4,5,bernstein,7,14,0.5478812068939903,0.6214502900174861,1.7418531302730071,0.019651983690274568,2.110209297115405
Multi_Models_4,6,bernstein,7,14,0.4529489360801618,0.4959302212764029,1.0280887092719055,0.0156826905974473,1.6206429823051665
NShape,0,bernstein,7,14,1.2110235414547315,1.3439746813740816,3.1348941228225877,0.042500211107411735,1.9887728384767762
NShape,1,bernstein,7,14,1.246332315426786,1.4175077201125745,4.663140683538031,0.04482552996428207,1.9760177259633953
NShape,2,bernstein,7,14,1.1985145596540774,1.3227170893213402,4.247386900528946,0.041827987022838166,1.8743258386231756
NShape,3,bernstein,7,14,1.4908173785308259,1.7076911447851484,4.093879755868122,0.05400193557621441,2.2233980653906267
NShape,4,bernstein,7,14,1.327528959930406,1.550885275113719,5.224102053719978,0.049043298589762044,2.0814984606558067
NShape,5,bernstein,7,14,1.39332148152964,1.5487287663178828,4.264753382051347,0.04897510379387175,2.124171471135519
NShape,6,bernstein,7,14,1.5492019937816075,1.806036895444848,5.949391894814936,0.05711190127905098,2.2614554855167173
PShape,0,bernstein,7,14,0.558239389848629,0.6173788365234544,1.1926830264903054,0.019523233025988657,0.9924892821197516
PShape,1,bernstein,7,14,0.6684271672636704,0.7410526491005384,1.8166424661347944,0.023434142372592295,1.0646676909021688
PShape,2,bernstein,7,14,0.5604807690647388,0.6429595160636871,1.695481239033879,0.0203321651404087,0.8795753751424965
PShape,3,bernstein,7,14,0.5580968157718541,0.6397406811615969,1.9683743691793474,0.020230376643382196,0.8730301076229341
PShape,4,bernstein,7,14,0.5818517973982695,0.6487558165630493,1.872574715342254,0.02051546025621626,0.9918849390636988
PShape,5,bernstein,7,14,0.7827472094677941,0.8891060957568547,2.8571960314260485,0.028116003441314298,1.246420506890409
PShape,6,bernstein,7,14,0.6775404035550389,0.7596585450101128,1.5063752007553541,0.02402251246241495,1.0436689896734495
RShape,0,bernstein,7,14,0.5469190552972534,0.6124215444675155,1.8975569307559101,0.0193664696867544,0.8770557608703092
RShape,1,bernstein,7,14,0.8242216469430034,0.8752156316246011,2.456607284327695,0.027676748397166342,1.3059196425662463
RShape,2,bernstein,7,14,0.5394408171115628,0.621549832262543,2.017199969979033,0.019655131492452432,0.8588487202841999
RShape,3,bernstein,7,14,0.7264993221741906,0.8241967559700565,2.102425862618643,0.026063389889873584,1.1931815835719612
RShape,4,bernstein,7,14,0.4876739378102253,0.5541571404167275,1.68830042979912,0.017523987453626093,0.7797710628477603
RShape,5,bernstein,7,14,0.6383162661644516,0.7629339443332455,2.3622140443864748,0.02412608968349168,0.9747334759047349
RShape,6,bernstein,7,14,0.5128355987835032,0.579014523317489,1.5929534247630948,0.018310046919999386,0.8039416374739977
Saeghe,0,bernstein,7,14,0.8331612851576655,0.9814322805636772,2.27275806704071,0.03103561375794622,1.5545246607710355
Saeghe,1,bernstein,7,14,0.8724008654951386,0.9824986848296701,2.0684853804264764,0.031069336421816786,1.6200860478345445
Saeghe,2,bernstein,7,14,0.7903758951560345,0.8745716961703599,1.8116292775806369,0.027656385370150964,1.4415031965698886
Saeghe,3,bernstein,7,14,0.9935738540174761,1.130358479074868,2.291552102729004,0.03574507366360361,1.842247921602679
Saeghe,4,bernstein,7,14,0.6640598583198194,0.7363031120391934,1.762705498237772,0.023283948823139968,1.1965730595613242
Saeghe,5,bernstein,7,14,0.7607254102807088,0.8757313722515722,2.696608940625486,0.027693057547797453,1.3380517263669647
Saeghe,6,bernstein,7,14,1.08409083461336,1.2134727956220248,3.230443304430123,0.03837337912817598,1.8582735601593965
Sharpc,0,bernstein,7,14,0.9665291620061273,1.042432662758023,2.849095856868345,0.032964615216695345,1.8021497236030237
Sharpc,1,bernstein,7,14,1.196456846177644,1.2587035575415602,3.7886737629612215,0.0398037014078814,2.253399268819072
Sharpc,2,bernstein,7,14,0.6467695945876591,0.7788965216144718,2.735861461567791,0.02463087069884301,1.0855951892865376
Sharpc,3,bernstein,7,14,0.8659505323731593,0.9572350260544342,2.2175984485756124,0.03027042938422634,1.473399025912401
Sharpc,4,bernstein,7,14,1.3410843649917403,1.4679712963087985,5.112557896973794,0.0464213283608573,2.289360156316313
Sharpc,5,bernstein,7,14,1.5788416557195237,1.685265618949852,4.272071798962368,0.05329277818254954,2.7083246609820937
Sharpc,6,bernstein,7,14,1.596000391118945,1.7236901097873423,5.143336307353464,0.05450786727233694,2.5716275192862947
Sine,0,bernstein,7,14,0.9026792421016677,0.994284211961445,3.1958176343038374,0.03144202751343799,1.8053022457518737
Sine,1,bernstein,7,14,1.0377977188707754,1.1558897591700006,4.099911673629857,0.03655244363040701,2.0102818107782645
Sine,2,bernstein,7,14,0.7684847728088521,0.8195540836323196,2.095554512193431,0.025916575699702515,1.4584798110822508
Sine,3,bernstein,7,14,1.0342452834256364,1.115715075096743,3.3767924960357854,0.03528200857091516,1.8315965912207137
Sine,4,bernstein,7,14,0.9917566546194405,1.0738221188024584,2.018001011289629,0.033957236972836896,1.9223346778059873
Sine,5,bernstein,7,14,1.1826996536992578,1.2875575786269622,3.4636379491072926,0.04071614567072533,2.2552390743120094
Sine,6,bernstein,7,14,0.9444432318686048,1.0671851622947772,2.9593765788296054,0.033747357979879405,1.7389990196161427
Snake,0,bernstein,7,14,2.6278715222660547,2.913314305906612,9.877234931806905,0.09212708746617426,4.627260674497359
Snake,1,bernstein,7,14,2.6928876988944834,3.0002638621298106,8.848680933672066,0.09487667385823602,4.704201443100635
Snake,2,bernstein,7,14,2.567567470870182,2.9508815368861327,9.439718880295347,0.0933150676189835,4.324598314727671
Snake,3,bernstein,7,14,2.3213769223957006,2.5909682747083074,8.917894029322403,0.08193361093315091,4.025750441691594
Snake,4,bernstein,7,14,2.886762741529041,3.2305813350264674,9.662089476500116,0.10215995185111137,4.82662799877108
Snake,5,bernstein,7,14,2.4200552464229625,2.751510264091535,8.747348379529416,0.08701039439860658,4.196162789616168
Snake,6,bernstein,7,14,2.473087559900304,2.842379415862599,8.25001354813146,0.08988392928504743,4.117212100958178
Spoon,0,bernstein,7,14,0.5689028987442846,0.6280590294663506,1.356855036133398,0.01986097038148474,1.1197166421777658
Spoon,1,bernstein,7,14,0.5721277183867739,0.6297026722232569,1.9010568652573923,0.019912946929199368,1.0733904136858607
Spoon,2,bernstein,7,14,0.8377196430044732,0.8958884706601178,2.5530147423938736,0.028330480967709046,1.5897521936201928
Spoon,3,bernstein,7,14,0.8178624404302197,0.8565433630967759,2.243891830236151,0.027086279420864272,1.5072471102120382
Spoon,4,bernstein,7,14,0.5936240442446501,0.6407640684898218,1.8973033465834366,0.020262738992239647,1.1355896764867768
Spoon,5,bernstein,7,14,0.9723149706280372,1.1213337704402218,3.1546864724062225,0.03545968731855491,1.8422081339058833
Spoon,6,bernstein,7,14,0.5355223065040081,0.5706955067918466,1.756488393539754,0.018046976518863278,1.020531963828405
Sshape,0,bernstein,7,14,2.4182735282045695,2.6990503882897015,6.370180739557578,0.08535146746557314,4.126161917119143
Sshape,1,bernstein,7,14,1.6789530614367247,1.9195086774566439,5.943694695537397,0.06070019409220496,2.815157010144021
Sshape,2,bernstein,7,14,1.5381876059279893,1.7100922449227496,5.36254918791413,0.05407786502946404,2.387571479082452
Sshape,3,bernstein,7,14,1.1910665949523065,1.3821412126315262,4.767088797419725,0.04370714279902709,1.809602820589792
Sshape,4,bernstein,7,14,1.7433107643982308,1.9632547770416835,5.614482770397302,0.062083567226577686,2.644573294549731
Sshape,5,bernstein,7,14,1.546455231024121,1.7280156273536516,4.786084789117589,0.054644652148023,2.3611848797932113
Sshape,6,bernstein,7,14,1.7499515447493197,2.0245479820046715,5.614068053882705,0.06402182855432346,2.624367343195604
Trapezoid,0,bernstein,7,14,0.4743688510530015,0.5311073753146345,1.4819067005429654,0.016795089881081318,0.9675351548163691
Trapezoid,1,bernstein,7,14,0.6337523367740648,0.7064699835518494,1.6592098147230814,0.022340542465655356,1.154346753879519
Trapezoid,2,bernstein,7,14,0.532386541858767,0.5924335122580979,1.6046125022066893,0.01873439260948873,1.0575887741557632
Trapezoid,3,bernstein,7,14,0.8450543357218696,0.920870716662679,2.359280196071895,0.029120488952056347,1.531312285524287
Trapezoid,4,bernstein,7,14,0.788336218834755,0.8698549994153542,2.9509810615579175,0.027507230322369534,1.440875430497454
Trapezoid,5,bernstein,7,14,0.7264355901158781,0.8026569215101941,2.348604736499527,0.025382240516712107,1.298706476826902
Trapezoid,6,bernstein,7,14,0.9215348713576011,1.0266174590820314,2.228631761095194,0.03246449456393932,1.6904191662181116
WShape,0,bernstein,7,14,2.1428231823859205,2.347912869384426,7.215443042380355,0.07424752414876208,4.351082267291274
WShape,1,bernstein,7,14,1.8019072447114584,1.9488917267107255,6.1115190426775055,0.061629367694643056,3.423310807783086
WShape,2,bernstein,7,14,1.9556338949296797,2.192710379375673,7.553248647157578,0.06933959047919022,3.806940232528001
WShape,3,bernstein,7,14,1.6233393693477465,1.8128714706559028,7.301562019532561,0.05732802952411758,3.000040563804537
WShape,4,bernstein,7,14,2.2876136800940214,2.5567782639635857,9.47289122472516,0.08085242786136138,4.034212039196815
WShape,5,bernstein,7,14,2.913917317553662,3.279984832066326,10.610066842930268,0.10372222760134475,5.367751344926608
WShape,6,bernstein,7,14,2.169612649944341,2.430449256279371,7.431799716619277,0.07685755387305107,4.146854302534592
Worm,0,bernstein,7,14,0.9971584943477046,1.1044445106212575,2.895759123874594,0.03492560202833201,2.0224954411105593
Worm,1,bernstein,7,14,0.7025134048561603,0.8205426209407275,3.0732887419253996,0.025947835994168732,1.416376098590585
Worm,2,bernstein,7,14,0.5909952077037106,0.7051606224225272,3.269926478432595,0.022299136831171875,1.1836584695660828
Worm,3,bernstein,7,14,0.7382776559606316,0.8146897215005267,2.034008908853013,0.02576275106269914,1.4589984820605755
Worm,4,bernstein,7,14,0.5501441430654598,0.6476543274244816,1.8678529276304996,0.020480628111258153,1.0760393663627268
Worm,5,bernstein,7,14,0.5251919869821416,0.588810942018126,2.246373326590984,0.01861983688006619,1.0047263953409291
Worm,6,bernstein,7,14,0.5495241615874311,0.6263009893792341,2.2290368467525936,0.019805376272553053,1.0749031303756806
Zshape,0,bernstein,7,14,0.9342536699761468,1.134895453348948,3.9497487970534038,0.03588854538752043,1.6613884232525515
Zshape,1,bernstein,7,14,0.6610636029697872,0.741776645534623,2.6839867251579275,0.02345703715008777,1.0924055087033153
Zshape,2,bernstein,7,14,0.7628031929851823,0.8758125651465625,2.34285818161699,0.02769562509257738,1.35288573355208
Zshape,3,bernstein,7,14,0.4752063283006463,0.5465164485759618,1.1298006992359053,0.017282367562463246,0.7633005831032373
Zshape,4,bernstein,7,14,0.618859500330244,0.7075836829925158,2.1240085023694077,0.022375760734268977,1.0233480079228034
Zshape,5,bernstein,7,14,0.750320306381109,0.8233033533206687,2.4024784278015496,0.026035138017476648,1.1285046568832797
Zshape,6,bernstein,7,14,1.106504980375952,1.2697260866206315,4.059794528817681,0.040152264382534435,1.7445467693816747
heee,0,bernstein,7,14,2.842282548238115,3.106145858358708,9.04050224562738,0.09822495657112276,5.253239387494591
heee,1,bernstein,7,14,1.9567685870516962,2.110496308487365,5.357665068072153,0.06673975328197426,3.296283808576527
heee,2,bernstein,7,14,1.9137307707407771,2.0497073931941197,6.869974692208026,0.06481743899379729,3.3654711624083546
heee,3,bernstein,7,14,1.533577607101651,1.6710101484790443,5.344031433514588,0.05284198062449928,2.6086802914672216
heee,4,bernstein,7,14,2.0173626804204883,2.1176096354414917,6.0865488631381925,0.06696469643113936,3.3231953386051436
heee,5,bernstein,7,14,2.36870997006286,2.6529491580524773,8.116172505453969,0.08389361856071861,3.925993153760947
heee,6,bernstein,7,14,2.136993326080825,2.3290052805953865,7.320068130174627,0.07364961369240978,3.381857577948304
Angle,0,bernstein,12,24,0.16848000246391656,0.19430392356340193,0.483856943660285,0.006144429567676102,0.28638280422731716
Angle,1,bernstein,12,24,0.2139332801480561,0.24314988452585876,0.6845482257941202,0.007689074479086442,0.3586107585667755
Angle,2,bernstein,12,24,0.17926257246309862,0.20149659604013992,0.4598783835522791,0.006371881842577067,0.29904694496707024
Angle,3,bernstein,12,24,0.22389956975653935,0.25680674606774356,0.7043590619468553,0.008120942360705593,0.3547760271256994
Angle,4,bernstein,12,24,0.23623921301156428,0.2790564242173838,0.5882091481492374,0.008824538962291031,0.37401570403343365
Angle,5,bernstein,12,24,0.2504834071104769,0.28702560223674456,0.6010637638271641,0.009076546498496324,0.4054279943074348
Angle,6,bernstein,12,24,0.2515687259980845,0.28203178594569556,0.8869888961185759,0.008918628161534634,0.398309674445384
BendedLine,0,bernstein,12,24,0.2232553906196794,0.24597236572948072,0.6725449141224771,0.0077783291716510316,0.5201580961182843
BendedLine,1,bernstein,12,24,0.3660578014127454,0.4200081602952142,1.1767981919962163,0.013281824223899756,0.8210876440213432
BendedLine,2,bernstein,12,24,0.307956155935046,0.3731388423792518,0.9643477638015379,0.011799686253969982,0.654395518530429
BendedLine,3,bernstein,12,24,0.28396486246477914,0.3265008613892599,0.8785606729485849,0.01032486379996989,0.5875078207034835
BendedLine,4,bernstein,12,24,0.3745542152861176,0.4086265902174523,1.062551827816541,0.012921907375954281,0.7327345015295492
BendedLine,5,bernstein,12,24,0.28779900357665494,0.316644773741617,0.6355551716350508,0.010013186942121863,0.5306217038701018
BendedLine,6,bernstein,12,24,0.26409375844233973,0.32194232293077635,0.8060595064513733,0.010180710156667083,0.5110771753731763
CShape,0,bernstein,12,24,0.23541347435631743,0.2664543315744788,0.582739789753681,0.008426025801930723,0.44128735096475863
CShape,1,bernstein,12,24,0.22003430613265026,0.2512615077667923,0.5852161900415104,0.00794558652871151,0.3602108012625087
CShape,2,bernstein,12,24,0.1738197035015509,0.19428009888570083,0.4400217745837047,0.006143676165215554,0.2733397850013724
CShape,3,bernstein,12,24,0.208380182119088,0.24822288512149523,0.6700780970408448,0.007849496843622464,0.36055815298870075
CShape,4,bernstein,12,24,0.28229904272855005,0.3334808870226856,0.8797248909048856,0.010545591591249738,0.41229460224525477
CShape,5,bernstein,12,24,0.18777608217113098,0.21922028767482063,0.5310848120529256,0.006932354183697708,0.2953863786862054
CShape,6,bernstein,12,24,0.30303705757666266,0.3531472373504195,0.8956911517250963,0.01116749619423412,0.4585843510418506
DoubleBendedLine,0,bernstein,12,24,0.34325166482481145,0.37315017675125106,1.0808402935425556,0.011800044678283633,0.7688608370072122
DoubleBendedLine,1,bernstein,12,24,0.4090574811446643,0.4343654288286478,1.2079805662709244,0.01373584091934291,0.8365751796945834
DoubleBendedLine,2,bernstein,12,24,0.30586659180243425,0.3478265578301828,0.7963705993427428,0.01099924153439652,0.6210906138691934
DoubleBendedLine,3,bernstein,12,24,0.26864961734298115,0.30475093156936445,0.8086854003066705,0.009637070628173037,0.5114548139374799
DoubleBendedLine,4,bernstein,12,24,0.23980057844659428,0.26842557006452117,0.6998491262098081,0.008488361836329974,0.47058641661322226
DoubleBendedLine,5,bernstein,12,24,0.34692615995236226,0.37539854561276065,1.2865918677140202,0.011871144344509333,0.6343868298815155
DoubleBendedLine,6,bernstein,12,24,0.31657472572248074,0.3486054770268961,0.6164265877506128,0.011023873122144947,0.5807742639098896
GShape,0,bernstein,12,24,0.34059575806009834,0.38578488396759303,0.9197210032888591,0.012199589202013698,0.6959073807785072
GShape,1,bernstein,12,24,0.31956015583282577,0.357864744478401,1.1412865066260138,0.011316676868259127,0.5446747572692722
GShape,2,bernstein,12,24,0.4167469641115068,0.47181363923389896,1.147567486768467,0.014920057311121017,0.6254727016040191
GShape,3,bernstein,12,24,0.28014125121841077,0.31285096604202906,0.8184072659343657,0.009893216208768048,0.42668545478224673
GShape,4,bernstein,12,24,0.5054062040278844,0.5992492602408055,1.791500074991136,0.018949925485319267,0.8571014352929398
GShape,5,bernstein,12,24,0.4019420007977069,0.44758190310196155,1.2959594589574124,0.014153782532749811,0.6467192401808421
GShape,6,bernstein,12,24,0.3980621167626804,0.48782023222163173,1.4030681140646095,0.01542623022532617,0.6592062247962529
JShape,0,bernstein,12,24,0.1557930794907215,0.18019286532516265,0.5018527109865488,0.0056981987253949115,0.32115246354659055
JShape,1,bernstein,12,24,0.21629320979230326,0.2624180724379007,0.5944915205582652,0.008298388080948208,0.40598043509147935
JShape,2,bernstein,12,24,0.25897332904973036,0.33834144466940785,0.8650179217233428,0.010699295919871642,0.4956152525810264
JShape,3,bernstein,12,24,0.2808814145843338,0.3179171356381702,0.9374171364368111,0.010053422558133062,0.5133699884047432
JShape,4,bernstein,12,24,0.2161590633960029,0.2777640314685569,0.6408355788937868,0.008783669915113241,0.3776370455467102
JShape,5,bernstein,12,24,0.17573842867752631,0.19952827891838865,0.4601979634320821,0.006309638189954658,0.29915417082817414
JShape,6,bernstein,12,24,0.22545905913440728,0.24890639342237908,0.6486666199607031,0.00787111127392671,0.40216226665369426
JShape_2,0,bernstein,12,24,0.2841380145325215,0.31264073757268446,0.7607606281359727,0.00988656820084665,0.6400376021707911
JShape_2,1,bernstein,12,24,0.2514744906837728,0.29039902585800637,1.1012687108502737,0.00918322352005433,0.5435206233883528
JShape_2,2,bernstein,12,24,0.28490424741347065,0.32638323355574606,0.7693608812938901,0.010321144081268543,0.5412671256258432
JShape_2,3,bernstein,12,24,0.24275929401425084,0.2775907737559159,0.8013694366249475,0.008778191025171876,0.4430186407436267
JShape_2,4,bernstein,12,24,0.32847260767732694,0.38326549087006156,1.4287878574466104,0.012119918996918637,0.5977206639477124
JShape_2,5,bernstein,12,24,0.33736361781407015,0.3870872305627861,1.3061718647788947,0.012240773017451453,0.6198023891526389
JShape_2,6,bernstein,12,24,0.3512631770858443,0.4044606067532032,1.0956242020478204,0.012790167411538026,0.5908827532824682
Khamesh,0,bernstein,12,24,0.20954321948422955,0.23569194614392058,0.5278251877019164,0.007453233759725288,0.3805966431792119
Khamesh,1,bernstein,12,24,0.20180857834635094,0.24972155828568154,0.9064488026570292,0.007896889050292465,0.35265352526126353
Khamesh,2,bernstein,12,24,0.29468549032771973,0.3369504977327862,0.9324511407083135,0.01065531031563006,0.49487579704990986
Khamesh,3,bernstein,12,24,0.3268236383035176,0.3681886949870555,0.9992936126382879,0.01164314884884115,0.5221288121521784
Khamesh,4,bernstein,12,24,0.27292603959415357,0.3129945904972354,1.066790226405442,0.009897758012829575,0.4409816065148156
Khamesh,5,bernstein,12,24,0.23524111899437977,0.27329135378229213,0.675615685203047,0.008642231427829156,0.40585572123331093
Khamesh,6,bernstein,12,24,0.3186773631521916,0.3870733546437219,0.8779905224480544,0.012240334222362743,0.5157353104109946
LShape,0,bernstein,12,24,0.264182421805872,0.30179966867702407,0.657849773178685,0.009543743501035717,0.46507810271205335
LShape,1,bernstein,12,24,0.20224272246745376,0.24070577843269136,0.6514493154592771,0.007611785058111396,0.3538245180789843
LShape,2,bernstein,12,24,0.2065530630873397,0.2274364410197071,0.5554907288425671,0.007192171765448231,0.34387568502292465
LShape,3,bernstein,12,24,0.25875134863367866,0.29906603638175094,0.9517678086661608,0.009457298457651147,0.45226835573220897
LShape,4,bernstein,12,24,0.1762536118220914,0.19662862794801897,0.4698521106007472,0.006217943175095802,0.29460933758256636
LShape,5,bernstein,12,24,0.25709870479803826,0.3012537034154942,0.7405973106191407,0.009526478563538077,0.4166405910799519
LShape,6,bernstein,12,24,0.21988839099642354,0.24743425300669677,0.6128902109871179,0.007824558106435278,0.356802718931778
Leaf_1,0,bernstein,12,24,0.2530483959981392,0.27615732696879397,0.8826992277090311,0.008732861457652317,0.5467604537071664
Leaf_1,1,bernstein,12,24,0.3214593309239494,0.3564073911022658,0.7766688440780556,0.011270591308015896,0.6072863790426487
Leaf_1,2,bernstein,12,24,0.2750792124706806,0.3136193258158022,0.6623081540140822,0.009917513878243796,0.5183582931390447
Leaf_1,3,bernstein,12,24,0.33732589591574297,0.38113661802301285,0.7018399563829217,0.012052598126463025,0.6481231643725348
Leaf_1,4,bernstein,12,24,0.22477190241884773,0.25598907099858914,0.5323005002206658,0.008095085204660955,0.3931843787904891
Leaf_1,5,bernstein,12,24,0.27438922699860063,0.31193227269436014,0.7816312282162343,0.009864164574269259,0.5316267373578859
Leaf_1,6,bernstein,12,24,0.45638077583396963,0.5373873479443946,1.455490246111179,0.016993680052616904,0.8023786996300748
Leaf_2,0,bernstein,12,24,0.9251282426144264,1.011805914518231,3.5022403213094586,0.03199611239907239,1.6499851012059261
Leaf_2,1,bernstein,12,24,0.4893176878871186,0.5208936628570673,1.7788819665692344,0.016472103933761837,0.8346911112753639
Leaf_2,2,bernstein,12,24,0.6777885792303614,0.735692662690245,2.128420292088184,0.023264644719751527,1.1246248477458554
Leaf_2,3,bernstein,12,24,0.6828946854990174,0.733945750363733,2.379506598433925,0.02320940250150751,1.1958516001182444
Leaf_2,4,bernstein,12,24,0.597486133950002,0.651621413824161,2.074059903184708,0.02060607839823479,1.0137267582889995
Leaf_2,5,bernstein,12,24,0.4822602965234727,0.5475899598708914,1.2604324460599128,0.017316314970322193,0.8384256477237417
Leaf_2,6,bernstein,12,24,0.4929705740103601,0.5313172648540168,2.371591632075851,0.016801727171096237,0.8361059492082773
Line,0,bernstein,12,24,0.10317268714438027,0.12355930340498592,0.31435758254916296,0.003907288248635538,0.20157742229891093
Line,1,bernstein,12,24,0.15333446930784253,0.18309323960908439,0.4216646914702339,0.005789916613436638,0.2851614210841171
Line,2,bernstein,12,24,0.0914679212205527,0.10235657987059021,0.22394792922628504,0.0032367992589600785,0.16764504754079526
Line,3,bernstein,12,24,0.07100126121124131,0.08081129988368259,0.20009534725976735,0.00255547768311337,0.1341152352221152
Line,4,bernstein,12,24,0.15018885925914713,0.17802135781407016,0.45348255364747947,0.005629529628482757,0.27606067924388195
Line,5,bernstein,12,24,0.155611503834529,0.1842657336301854,0.45920690569104083,0.0058269941299327254,0.28432054732005013
Line,6,bernstein,12,24,0.16208161898958673,0.1952199014679316,0.6440205627870481,0.006173395332323124,0.33076450862514095
Multi_Models_1,0,bernstein,12,24,0.22475427372584134,0.27652414946323417,0.9392863623610443,0.008744461403446474,0.7745051035487165
Multi_Models_1,1,bernstein,12,24,0.13423015588359663,0.15072435041469712,0.3633284031070143,0.004766322461597873,0.43093077471635016
Multi_Models_1,2,bernstein,12,24,0.10580858938973219,0.11788914649269516,0.2774607591442871,0.003727982143301674,0.35438367877802207
Multi_Models_1,3,bernstein,12,24,0.08042461956882618,0.09092108638139029,0.2445273750824071,0.0028751772030211,0.37423563679175326
Multi_Models_1,4,bernstein,12,24,0.09706505278085927,0.10793423501104714,0.2719712118139711,0.003413180201427981,0.42554272276193994
Multi_Models_1,5,bernstein,12,24,0.04517771939903523,0.06314677442000481,0.2068432871583246,0.0019968763406007332,0.3294086749368319
Multi_Models_1,6,bernstein,12,24,0.05112319831470528,0.06552146952497293,0.17752955228653347,0.002071970793402252,0.38288130376598883
Multi_Models_2,0,bernstein,12,24,0.17923668176722934,0.20622271541976323,0.5867328195220348,0.006521334859911784,0.5407285177957545
Multi_Models_2,1,bernstein,12,24,0.15381371173026112,0.17463384092336162,0.5052991743724939,0.00552240693861345,0.4358432601197314
Multi_Models_2,2,bernstein,12,24,0.1172029258339331,0.13443075107737962,0.31480950694462406,0.004251073609716539,0.3538203022244338
Multi_Models_2,3,bernstein,12,24,0.16748083444589046,0.18763050757478825,0.5410855164032673,0.0059333976246980676,0.4788042223329841
Multi_Models_2,4,bernstein,12,24,0.09804347750261849,0.11299270516189931,0.5399976290439296,0.0035731430729546653,0.4186555320163773
Multi_Models_2,5,bernstein,12,24,0.1734776074641938,0.2087552045936805,0.5401626429215112,0.006601419199304753,0.7420273766343988
Multi_Models_2,6,bernstein,12,24,0.1415497798341754,0.16514898360705818,0.5557197444666473,0.00522246941460114,0.5605426642289107
Multi_Models_3,0,bernstein,12,24,0.3160979700530374,0.3417969794500784,0.8804307235980133,0.010808569524280135,0.9670144336635293
Multi_Models_3,1,bernstein,12,24,0.41508051660515216,0.46443993244938403,1.5066025518420187,0.014686880228747985,1.196790842147154
Multi_Models_3,2,bernstein,12,24,0.34295823799130526,0.3813499439754712,1.2403433531412817,0.012059344085400957,0.9157317230515051
Multi_Models_3,3,bernstein,12,24,0.3109434970382499,0.3411098039815948,1.0729731342814386,0.01078683912795412,0.8653327639946877
Multi_Models_3,4,bernstein,12,24,0.20600463658195234,0.23068579737950395,0.7142361673023081,0.007294925435713346,0.6951438464451721
Multi_Models_3,5,bernstein,12,24,0.12153764510053945,0.138379599619444,0.44249325030324194,0.004375947164996125,0.3622709768759561
Multi_Models_3,6,bernstein,12,24,0.10176505655844446,0.12075511079941538,0.45375064202406473,0.003818611892321486,0.3161562534756258
Multi_Models_4,0,bernstein,12,24,0.26031575660943956,0.29090949247814707,0.6025937799155489,0.009199365891945656,0.6197544610947725
Multi_Models_4,1,bernstein,12,24,0.3091231009518112,0.35407598175230837,0.7545662578511402,0.011196865670975116,0.7243588757379708
Multi_Models_4,2,bernstein,12,24,0.4385628174557876,0.5855564828781757,2.1926889721051506,0.018516921845724232,0.9457668019733313
Multi_Models_4,3,bernstein,12,24,0.1741161602934505,0.1916003384384875,0.5480012577510552,0.006058934699247299,0.3728742392796936
Multi_Models_4,4,bernstein,12,24,0.12125381483206053,0.13926859685353507,0.329959785914576,0.004404059725929302,0.4694982657643512
Multi_Models_4,5,bernstein,12,24,0.17979843967186748,0.19744341400460066,0.5582297093673311,0.006243708972541253,0.6925084018730189
Multi_Models_4,6,bernstein,12,24,0.22265401276910063,0.24114986125176666,0.62197111362288,0.007625828189891659,0.7966519722931125
NShape,0,bernstein,12,24,0.39071399345246666,0.4561555089690591,1.064890749623552,0.014424903755755922,0.6416401921119094
NShape,1,bernstein,12,24,0.38379691231516966,0.42365841103531154,1.2631799327190685,0.013397255287593985,0.6084970216351135
NShape,2,bernstein,12,24,0.31127779784270665,0.37506850325846025,0.9674493193595911,0.0118607074888702,0.4867992756422595
NShape,3,bernstein,12,24,0.35592733339644783,0.41510598942688637,0.8590600400189837,0.013126803969667342,0.5308283602604539
NShape,4,bernstein,12,24,0.27863137245753045,0.3313966329990965,0.9304413493567971,0.01047968169188062,0.43687994037521305
NShape,5,bernstein,12,24,0.44913649518093984,0.4965663979176208,1.4948637887376113,0.015702808269251745,0.684725630341796
NShape,6,bernstein,12,24,0.5881570016867966,0.6432326359141108,1.7889946651060082,0.020340801948424133,0.8585651730042734
PShape,0,bernstein,12,24,0.1493970040471115,0.1759496355726316,0.4279812182922152,0.0055640160188610045,0.2656117214117858
PShape,1,bernstein,12,24,0.1989454978906667,0.22770054461987216,0.4912844734159772,0.007200523454595949,0.3168794660482235
PShape,2,bernstein,12,24,0.2898532817963468,0.35840362106767837,0.9578178169208033,0.011333717642257725,0.4548734285704949
PShape,3,bernstein,12,24,0.3460057863986169,0.3824814080670501,0.9938864685315927,0.012095124121601785,0.5412563920831038
PShape,4,bernstein,12,24,0.2811392738265269,0.3043772346124401,0.56954191169886,0.009625253292787489,0.47925917344371954
PShape,5,bernstein,12,24,0.3081502923499241,0.3449448485475073,0.9552354784140544,0.010908113885519473,0.4906882310706253
PShape,6,bernstein,12,24,0.2433931546842911,0.28858304431652365,0.8472120835668815,0.009125797141455243,0.3749176971733947
RShape,0,bernstein,12,24,0.18922605164752676,0.22094102595226392,0.4913544824165752,0.006986768705835263,0.30344855805765425
RShape,1,bernstein,12,24,0.221300868721583,0.2621150464975794,0.6193371323470566,0.008288805559332913,0.3506352356218503
RShape,2,bernstein,12,24,0.25550225989992337,0.3064751795464039,0.7220158550082305,0.009691596136756861,0.40678751400339047
RShape,3,bernstein,12,24,0.27997515200796097,0.3080402021681578,0.74815354481757,0.009741086497501166,0.459823134086232
RShape,4,bernstein,12,24,0.25932943991396307,0.2900017219953965,1.1154145913000986,0.009170659668764031,0.4146573710652483
RShape,5,bernstein,12,24,0.3146834670166739,0.40165406381599333,1.273675844974151,0.012701416731211604,0.4805337508599397
RShape,6,bernstein,12,24,0.2257268642133975,0.2546786001914239,0.6139701936359522,0.00805364447908294,0.3538584787562666
Saeghe,0,bernstein,12,24,0.2792564549751703,0.318580166726012,0.9432866246421477,0.010074389442103853,0.5210408280747808
Saeghe,1,bernstein,12,24,0.26426916645914195,0.32079010116430856,1.3344580459571758,0.010144273705150475,0.4907592442727882
Saeghe,2,bernstein,12,24,0.19331239477633722,0.2186784683699683,0.8820159530360272,0.006915220352861883,0.3525669706205523
Saeghe,3,bernstein,12,24,0.3177833198623593,0.35957318501499896,1.4013856403650364,0.011370702501685226,0.5892220876880416
Saeghe,4,bernstein,12,24,0.20643169880061743,0.22957132513279785,0.7505612732456848,0.007259682728826982,0.37197039744169147
Saeghe,5,bernstein,12,24,0.22579122915073593,0.2489381698818192,0.6425554471476248,0.007872116133804776,0.39714769597636845
Saeghe,6,bernstein,12,24,0.20781191963551704,0.23246472545890376,0.7515062907416391,0.007351180080958668,0.35621682557843815
Sharpc,0,bernstein,12,24,0.30140254637307645,0.33987674252738515,0.6726626204003633,0.010747846301051502,0.5619825422670939
Sharpc,1,bernstein,12,24,0.15114967713724944,0.17643512185067675,0.40757891107007443,0.00557936844297481,0.28467434745468956
Sharpc,2,bernstein,12,24,0.33547243665519416,0.3781900983742254,0.9580619899230194,0.011959420993856947,0.5630865557359651
Sharpc,3,bernstein,12,24,0.2883725111478869,0.31593766197927176,0.5266545162031427,0.009990826104828798,0.4906605644791209
Sharpc,4,bernstein,12,24,0.2464833088202944,0.2742796092616019,0.5234609484923105,0.008673482810076757,0.42077074428771427
Sharpc,5,bernstein,12,24,0.33285173938355384,0.40053432704078806,0.9758919292123949,0.012666007545316597,0.5709695908754304
Sharpc,6,bernstein,12,24,0.2831895955077466,0.31975334046252873,0.7848333963684442,0.010111488453088685,0.456301991550703
Sine,0,bernstein,12,24,0.2962630315770432,0.3247869533231219,0.8776650598818159,0.010270665268078584,0.5925076054635313
Sine,1,bernstein,12,24,0.2522489636625218,0.2854412644535134,0.6831622341775964,0.0090264453387156,0.48862268071874326
Sine,2,bernstein,12,24,0.2057685025479476,0.23460734528272786,0.5083530179559339,0.007418935668989798,0.3905206938920773
Sine,3,bernstein,12,24,0.2388020341620857,0.26970362004053894,0.8508285608270918,0.008528777325207371,0.4229064408194591
Sine,4,bernstein,12,24,0.39031821434451514,0.4380801154325794,1.2148688229861824,0.013853309623964307,0.756558814421757
Sine,5,bernstein,12,24,0.32098224312108337,0.36007309639908935,1.3287757328139227,0.011386511087704955,0.6120672265209429
Sine,6,bernstein,12,24,0.30108728056376005,0.34620647766441104,1.2120309693916007,0.0109480101012375,0.5543906378399602
Snake,0,bernstein,12,24,0.4135576428971763,0.48639036393305907,1.5323239419116104,0.015381013819866807,0.7282087428558017
Snake,1,bernstein,12,24,0.41467192524264895,0.46302258031808463,1.347881263674669,0.014642059618933981,0.7243897582289126
Snake,2,bernstein,12,24,0.40694946217172595,0.4454961468382064,1.1652932231453221,0.01408782512837552,0.6854320200943844
Snake,3,bernstein,12,24,0.40009174231845746,0.4453653489282654,1.0810563944858647,0.014083688935289489,0.6938423023062756
Snake,4,bernstein,12,24,0.478480360166922,0.5234380135446856,1.3982662052975732,0.016552563367152728,0.8000126473921735
Snake,5,bernstein,12,24,0.5396195454661845,0.6078256394015851,1.1926467808828254,0.019221134407571935,0.9356527957705341
Snake,6,bernstein,12,24,0.5087159425037633,0.6024823327178153,1.5176366648686563,0.0190521642139968,0.8469135781473394
Spoon,0,bernstein,12,24,0.19204044248349486,0.22034983276118547,0.5116331132973049,0.006968073535625353,0.37797465946223835
Spoon,1,bernstein,12,24,0.12866708306673888,0.14747471921994887,0.4255354323545517,0.0046635601002884865,0.24139717248831793
Spoon,2,bernstein,12,24,0.19821881625467563,0.23140544967895813,0.48877389000502824,0.007317682839609873,0.3761625987752872
Spoon,3,bernstein,12,24,0.127607545162374,0.1564759339335325,0.366587149182154,0.004948203502319931,0.23516925851988743
Spoon,4,bernstein,12,24,0.12919910923934003,0.1454087166286343,0.5020651048539081,0.004598227361884847,0.24715504044343486
Spoon,5,bernstein,12,24,0.4133034201799934,0.5593691806566414,2.151924521981457,0.01768880663777187,0.783070245164391
Spoon,6,bernstein,12,24,0.11373090379034127,0.12942074736435036,0.2802783484304799,0.004092643381525808,0.21673424464956004
Sshape,0,bernstein,12,24,0.39011232202656493,0.43435337146822434,1.4354276079617203,0.013735459632127831,0.6656263601992193
Sshape,1,bernstein,12,24,0.42734436198596726,0.4671652295030805,1.4573355538986656,0.014773061688650252,0.7165426503114061
Sshape,2,bernstein,12,24,0.23304550314564482,0.26952245832414073,1.0632248843060164,0.008523048488720932,0.3617327265507885
Sshape,3,bernstein,12,24,0.35192614890114327,0.4168068799900815,0.9644100316645513,0.013180590851971175,0.5346859314078178
Sshape,4,bernstein,12,24,0.2206292881982252,0.2485979567119822,0.9819253011068475,0.007861357648738071,0.33469094293463464
Sshape,5,bernstein,12,24,0.2661031988652543,0.3046234353974846,0.8391367711068036,0.00963303884521211,0.4062961778784556
Sshape,6,bernstein,12,24,0.3939487039659107,0.44334265342627716,1.5867274350814884,0.014019725687296885,0.5907969947421998
Trapezoid,0,bernstein,12,24,0.21032962898549948,0.2351973835211173,0.5034274109240449,0.0074375943163888375,0.42899382978292855
Trapezoid,1,bernstein,12,24,0.1556962907020142,0.1810435104689192,0.4250824523099071,0.005725098486743232,0.2835926549443644
Trapezoid,2,bernstein,12,24,0.21546264791371394,0.23517342604288688,0.5522750379352512,0.007436836714406818,0.4280177272848302
Trapezoid,3,bernstein,12,24,0.22708483549125133,0.26372212073798723,0.6250266049282149,0.00833962570901965,0.41149756145203054
Trapezoid,4,bernstein,12,24,0.18670794018692471,0.21318481909834583,0.5368934819831336,0.006741495909217362,0.34125399450982036
Trapezoid,5,bernstein,12,24,0.21893243321153136,0.25305110627263355,0.8001101623687655,0.008002178602468435,0.3914028619577049
Trapezoid,6,bernstein,12,24,0.23630392860125723,0.26413531419572345,0.7780019238736969,0.008352692033426921,0.43346454092586806
WShape,0,bernstein,12,24,0.40457903028444764,0.46198108474648236,1.0946172974268304,0.014609124637141561,0.8215127868966283
WShape,1,bernstein,12,24,0.39822022702002685,0.4368840098022263,0.8009138063685761,0.013815485442823634,0.756549268025052
WShape,2,bernstein,12,24,0.45132077554829836,0.4843642881813106,1.3361552333560525,0.015316943678991175,0.8785648595399997
WShape,3,bernstein,12,24,0.4013721049016736,0.4261887835510142,1.4901590526649742,0.013477272692377092,0.7417627013927764
WShape,4,bernstein,12,24,0.47699182039216864,0.5290087823629598,1.2589535796874496,0.01672872654499264,0.8411761833603841
WShape,5,bernstein,12,24,0.48624970468973905,0.5475515019957927,1.0916796558725639,0.017315098825529368,0.8957246283534764
WShape,6,bernstein,12,24,0.46337774881358673,0.5311576787767357,2.0967414270029003,0.016796680616225638,0.8856696200659189
Worm,0,bernstein,12,24,0.11512733081278641,0.13790983064381812,0.32229274675865,0.004361091765625507,0.2335080160635887
Worm,1,bernstein,12,24,0.14432862484416342,0.16027553907486233,0.33388381937903694,0.005068357566878813,0.2909889165938067
Worm,2,bernstein,12,24,0.1292605016600395,0.14616095629051737,0.423696042327237,0.0046220152686635005,0.2588858345649591
Worm,3,bernstein,12,24,0.13937028793843273,0.15961836716922873,0.3316240672861557,0.005047575966518059,0.2754262395791128
Worm,4,bernstein,12,24,0.20538423664866687,0.2345560946821281,0.5741824102441938,0.007417314982696329,0.40171567151997767
Worm,5,bernstein,12,24,0.16399344685896605,0.182717177235296,0.5473465304790955,0.0057780244770020295,0.3137301192825432
Worm,6,bernstein,12,24,0.2185576384741712,0.24986870106351564,0.6913393457625067,0.007901542113484464,0.42751221181022636
Zshape,0,bernstein,12,24,0.4924083984780403,0.560084545931667,1.6915517205099855,0.01771142847405261,0.8756525545836311
Zshape,1,bernstein,12,24,0.19839698523386612,0.2273377164209747,0.5555308135389749,0.007189049819517424,0.32785038929077287
Zshape,2,bernstein,12,24,0.3786388846565882,0.4589759208222147,1.1869009969771807,0.014514093009713007,0.6715430007775551
Zshape,3,bernstein,12,24,0.3259483988506578,0.37573010203292,1.0337669255527961,0.011881629079114886,0.5235549025493382
Zshape,4,bernstein,12,24,0.380000467514299,0.44227880991354335,0.8951788710795172,0.013986084001554553,0.6283699631870829
Zshape,5,bernstein,12,24,0.21930353941085576,0.2733216315970345,0.7097400905242348,0.008643188896400741,0.32983922118513465
Zshape,6,bernstein,12,24,0.5078587388933381,0.6288058145218993,1.8360668472447805,0.01988458579846584,0.8007043239313737
heee,0,bernstein,12,24,0.31027547665372546,0.34173731186600975,0.9667847345694712,0.010806682669598772,0.573465630973736
heee,1,bernstein,12,24,0.48001776889203834,0.5435742767658007,1.2177902889706291,0.017189327920586753,0.8086162103674719
heee,2,bernstein,12,24,0.33680163624442433,0.40856269863280265,0.9580755144872288,0.012919886946646178,0.5922965819240075
heee,3,bernstein,12,24,0.4168437191293147,0.4731298742436782,1.0493951961030037,0.014961680316790583,0.7090687746606253
heee,4,bernstein,12,24,0.4289287951736598,0.48984521469265085,1.2283675659823,0.015490265793629533,0.7065730850228283
heee,5,bernstein,12,24,0.5256640985837321,0.5893875332342668,1.3460617515545863,0.0186380702952847,0.871256370894105
heee,6,bernstein,12,24,0.4420679911605515,0.5188074904181372,1.259977968619352,0.016406133368772956,0.6995861744764995
Angle,0,bernstein,17,34,0.08006030511577725,0.09415334365705547,0.20608054165693324,0.0029773901527686266,0.1360867423495046
Angle,1,bernstein,17,34,0.09205730813885173,0.10563548289124274,0.2235163490227673,0.003340487276680759,0.1543132563593752
Angle,2,bernstein,17,34,0.11568419556917493,0.1332886719540546,0.3328415731090847,0.0042149578967381855,0.19298509884463622
Angle,3,bernstein,17,34,0.11320989707561324,0.12655908834060653,0.3717838869502531,0.004002149777507764,0.17938470162970171
Angle,4,bernstein,17,34,0.19938733585214138,0.23331894446735674,0.6224579846297262,0.007378192857831889,0.31567153413450805
Angle,5,bernstein,17,34,0.1736181413842776,0.2006966733434566,0.41802089997057473,0.006346586065841235,0.2810152402860227
Angle,6,bernstein,17,34,0.15736636855476593,0.1769793186070366,0.39625562096205735,0.00559657745542854,0.24915874093260068
BendedLine,0,bernstein,17,34,0.08396501846407768,0.0963806308417409,0.2286405477837842,0.003047823157837727,0.19562835201239434
BendedLine,1,bernstein,17,34,0.11913407502940337,0.13843938153577517,0.38864072124989013,0.004377837635181086,0.26722423784176963
BendedLine,2,bernstein,17,34,0.14430478456626367,0.16794502198705474,0.4094164358301169,0.005310887911661504,0.3066423661379239
BendedLine,3,bernstein,17,34,0.12724188226521765,0.15443107559869854,0.35578558279641914,0.004883539404015385,0.2632565180881116
BendedLine,4,bernstein,17,34,0.0952152838911174,0.11001206310941052,0.2874688889324534,0.0034788868951992277,0.1862681575393774
BendedLine,5,bernstein,17,34,0.11154586383335678,0.12890545800504447,0.26844750562391123,0.004076348501231252,0.20565969857902344
BendedLine,6,bernstein,17,34,0.17051933003841088,0.20127393006969724,0.47811014647475086,0.006364840526336961,0.3299909019303265
CShape,0,bernstein,17,34,0.18423400501121745,0.2072510635569655,0.4029058161620983,0.006553854083323288,0.3453503936056517
CShape,1,bernstein,17,34,0.14550414694241595,0.1669711139335167,0.34968428849843175,0.005280090234853891,0.2381999710788197
CShape,2,bernstein,17,34,0.09613462804290561,0.11377308916876473,0.2890491494334457,0.003597820982067297,0.15117629377500502
CShape,3,bernstein,17,34,0.1094099614504866,0.13418615369972053,0.39109398848421967,0.004243338761485466,0.18931096622522262
CShape,4,bernstein,17,34,0.146596797077982,0.17205122791090682,0.45683696879525526,0.0054407375442719905,0.2141029865262886
CShape,5,bernstein,17,34,0.14975519333899598,0.18357147494722012,0.47729699691302696,0.005805039742697534,0.23557656405646019
CShape,6,bernstein,17,34,0.19032775133609062,0.2193718624728003,0.5389977000312787,0.006937147399672663,0.2880219634842359
DoubleBendedLine,0,bernstein,17,34,0.09999197059682903,0.1158793267085631,0.24182917076935023,0.0036644260612584212,0.22397534545481793
DoubleBendedLine,1,bernstein,17,34,0.08487414425500939,0.09768553964835468,0.26497419612737627,0.003089087997514845,0.17357854520315655
DoubleBendedLine,2,bernstein,17,34,0.14162584424315497,0.16301419979380852,0.39099680271688486,0.005154961622981855,0.28758447276759386
DoubleBendedLine,3,bernstein,17,34,0.13414163527794756,0.16163371801419735,0.3878565983663304,0.005111306956062516,0.2553786816854531
DoubleBendedLine,4,bernstein,17,34,0.08712524249236128,0.10852699441445872,0.2883669419041318,0.003431924899620613,0.17097521585073824
DoubleBendedLine,5,bernstein,17,34,0.11393744054052614,0.13579604141159415,0.3139204425063887,0.004294247880951843,0.2083452332313111
DoubleBendedLine,6,bernstein,17,34,0.127933229357065,0.13932948157287925,0.34287046641017277,0.004405985069807578,0.23470075490043538
GShape,0,bernstein,17,34,0.26568845283731884,0.316972480538541,0.812912300644588,0.010023549940951846,0.542856306755552
GShape,1,bernstein,17,34,0.2095386334013839,0.2489387262981748,0.560681042311651,0.007872133729234888,0.3571484185473354
GShape,2,bernstein,17,34,0.3184995316434886,0.35680658464524956,0.8601016027641502,0.011283214916246505,0.4780185092442936
GShape,3,bernstein,17,34,0.16999441936808268,0.21218114432121593,0.524135606547477,0.006709756925959438,0.2589199049516754
GShape,4,bernstein,17,34,0.33089684708554545,0.3762364247091872,0.8131632816256318,0.01189764040799485,0.5611568681006572
GShape,5,bernstein,17,34,0.23093361921299538,0.26251695560440597,0.6699014855672437,0.008301515041232272,0.37156906830646486
GShape,6,bernstein,17,34,0.2897107794440163,0.353143361746516,0.9061934362721438,0.011167373636877682,0.4797722294029029
JShape,0,bernstein,17,34,0.0910502419948889,0.10458215517691792,0.23254238425761078,0.0033071781296823036,0.187691325049604
JShape,1,bernstein,17,34,0.17352634085033938,0.2009748599101022,0.38249365549962266,0.006355383097491859,0.3257074016604659
JShape,2,bernstein,17,34,0.2131847904483495,0.24614763635083492,0.5396361566910619,0.0077838717153549545,0.4079865449936067
JShape,3,bernstein,17,34,0.19756163631726195,0.21685089923371414,0.46821214382687054,0.006857427542341986,0.36108553175547736
JShape,4,bernstein,17,34,0.1748152698450533,0.1985161078527072,0.49556873319725864,0.006277630530461926,0.3054080684083754
JShape,5,bernstein,17,34,0.14204909538838809,0.16136598080894532,0.3917234895682611,0.005102840362232872,0.24180584558304816
JShape,6,bernstein,17,34,0.10690912400764149,0.12843961241935617,0.3022521600958411,0.004061617170344151,0.19069899343118724
JShape_2,0,bernstein,17,34,0.13351976434033816,0.15144054134822232,0.38415330906458234,0.004788970407492893,0.3007611281841273
JShape_2,1,bernstein,17,34,0.10808430189565484,0.1277498398577158,0.3174147292631624,0.0040398046467214265,0.23360638681516976
JShape_2,2,bernstein,17,34,0.14199647717198838,0.16361990618423286,0.385333008293881,0.005174115740852457,0.26976791587222887
JShape_2,3,bernstein,17,34,0.1940826056014316,0.21556797874932307,0.4549874206130552,0.006816858034466363,0.3541871073347253
JShape_2,4,bernstein,17,34,0.17492756956982305,0.21876406754490446,0.5699347816899835,0.006917927236448178,0.31831519762142857
JShape_2,5,bernstein,17,34,0.12335888321002955,0.14177495413637525,0.31921588574509324,0.0044833177023685606,0.22663419082408504
JShape_2,6,bernstein,17,34,0.19963371569403174,0.22640212668595164,0.8319371401753372,0.007159463874335962,0.3358169238117179
Khamesh,0,bernstein,17,34,0.11495402172672115,0.13267321752630717,0.3835776546102169,0.00419549551886101,0.20879279652584043
Khamesh,1,bernstein,17,34,0.08865760854321976,0.10750982156148246,0.23335557549799854,0.0033997590697256476,0.1549261109225038
Khamesh,2,bernstein,17,34,0.14064868019254867,0.1605578764784375,0.3454777327453776,0.0050772858595183705,0.23619631776542235
Khamesh,3,bernstein,17,34,0.11037954402991591,0.1330843885680327,0.36462006185914597,0.004208497888858579,0.17634079502143155
Khamesh,4,bernstein,17,34,0.16082621460043253,0.18382708322950292,0.4802339331348718,0.005813122786305704,0.2598557564886691
Khamesh,5,bernstein,17,34,0.13920706045971842,0.15849408771148402,0.35096196293851406,0.005012023128387935,0.24017052020993812
Khamesh,6,bernstein,17,34,0.21392319544210614,0.24018569806440204,0.49624723231282797,0.007595338672810061,0.34620515405970953
LShape,0,bernstein,17,34,0.10269637420980762,0.11741916849254441,0.30949540664428954,0.0037131201339952002,0.18079111602664086
LShape,1,bernstein,17,34,0.1543282338595193,0.18557751497830724,0.4464164225708403,0.005868476298454638,0.2699979129291667
LShape,2,bernstein,17,34,0.08901144749772871,0.104937007387613,0.23916495621159703,0.003318399541867728,0.1481889061612259
LShape,3,bernstein,17,34,0.08954976748696356,0.1026686153293016,0.2622757118507897,0.003246666686562713,0.15652295654260853
LShape,4,bernstein,17,34,0.09899465032267243,0.11191327603104037,0.2520668320402074,0.003539008526692163,0.16547035861721188
LShape,5,bernstein,17,34,0.15896236586236603,0.18309996487971408,0.42014496542522883,0.005790129285167347,0.25760601993071225
LShape,6,bernstein,17,34,0.1256390436373852,0.15197491907220684,0.41672371763610333,0.004805868914879371,0.20386866341905457
Leaf_1,0,bernstein,17,34,0.07244835216914089,0.08188176696596441,0.25968553051663024,0.0025893288245158242,0.1565388065239004
Leaf_1,1,bernstein,17,34,0.12083515560749572,0.1316178209161449,0.3182022187706353,0.0041621209476316754,0.22827629205540662
Leaf_1,2,bernstein,17,34,0.20068983711267402,0.21712912915530075,0.42214918121761213,0.006866225944996223,0.37817921783953995
Leaf_1,3,bernstein,17,34,0.17252948426724032,0.19107107268241044,0.7349898952786705,0.006042197846479954,0.33149057527079295
Leaf_1,4,bernstein,17,34,0.1518658502315193,0.16885844745674844,0.3587806393148742,0.005339772961231917,0.2656527766157414
Leaf_1,5,bernstein,17,34,0.12624692425847875,0.14838144013196125,0.37871247614871023,0.004692233133129129,0.24460231613009167
Leaf_1,6,bernstein,17,34,0.22918133519200928,0.2558947530109853,0.740021376520855,0.008092102608009438,0.4029315682169478
Leaf_2,0,bernstein,17,34,0.13079694916030046,0.14701424158354912,0.34472772485336356,0.0046489985188625455,0.2332790282002351
Leaf_2,1,bernstein,17,34,0.13766490837629672,0.16599821806198875,0.3878915584366182,0.005249324566051862,0.23483245793219817
Leaf_2,2,bernstein,17,34,0.18641953313692247,0.21690198454357992,0.5985966427167647,0.006859043001683498,0.3093177511327024
Leaf_2,3,bernstein,17,34,0.12766351950661417,0.14860878734663652,0.4217230425007223,0.00469942248330982,0.2235580790428203
Leaf_2,4,bernstein,17,34,0.2152105556188727,0.25528359993724276,0.6117999949363626,0.008072776250889046,0.36513767684414644
Leaf_2,5,bernstein,17,34,0.20893859740191204,0.25601508090807723,0.6352846729702339,0.008095907710218127,0.3632467365114345
Leaf_2,6,bernstein,17,34,0.15489175213119222,0.18207265012738258,0.4658176048348053,0.0057576427402547545,0.26270516389374193
Line,0,bernstein,17,34,0.07716285002888901,0.08993714014020976,0.2087466937322302,0.0028440620908481815,0.15075974888871663
Line,1,bernstein,17,34,0.05351829436580747,0.06697985435975874,0.1678650247393698,0.0021180889712319666,0.09952982486092048
Line,2,bernstein,17,34,0.07385600834820101,0.08612750834704845,0.2171384952932923,0.0027235909557183696,0.1353654250089747
Line,3,bernstein,17,34,0.05122142062874208,0.061667057262806885,0.16805229666893107,0.0019500835755049842,0.09675282887717238
Line,4,bernstein,17,34,0.11652918067402984,0.13997535431632738,0.42771832820019373,0.004426409359286757,0.21419115190893553
Line,5,bernstein,17,34,0.08009159686262014,0.09918883109562676,0.26673227317962356,0.003136626247119152,0.14633678162979175
Line,6,bernstein,17,34,0.09844018787639013,0.11978676380952442,0.29811148371565527,0.003787990071787252,0.20088965408219828
Multi_Models_1,0,bernstein,17,34,0.12714741722561607,0.175808806552677,0.6041333103280908,0.005559562614223946,0.43815106120918773
Multi_Models_1,1,bernstein,17,34,0.046065822680081144,0.056273663122476156,0.1306721971589551,0.0017795294774804753,0.14788912763155976
Multi_Models_1,2,bernstein,17,34,0.0529743878262374,0.059717251532407846,0.15548658903956836,0.0018884253044758924,0.17742660163180912
Multi_Models_1,3,bernstein,17,34,0.04296151501937482,0.04957938442918145,0.10670264181757506,0.001567837797853005,0.1999105499909157
Multi_Models_1,4,bernstein,17,34,0.055125668505553324,0.06213825946719594,0.1325548853370677,0.0019649842975486007,0.24167634383186723
Multi_Models_1,5,bernstein,17,34,0.03998628851868048,0.05928608020347885,0.20981310352980695,0.0018747904698641195,0.29155589285593014
Multi_Models_1,6,bernstein,17,34,0.04285510260335767,0.05683010900118233,0.15408872084366,0.0017971258411937283,0.32095835352067603
Multi_Models_2,0,bernstein,17,34,0.07544952013806527,0.08889058846816178,0.18971706510357944,0.0028109672211208895,0.22761918369834605
Multi_Models_2,1,bernstein,17,34,0.06587843547141019,0.07315934782358355,0.20251599991699307,0.0023135017125500645,0.18667173273732185
Multi_Models_2,2,bernstein,17,34,0.08655016388367279,0.09796776826048025,0.27044790658121887,0.0030980128498666955,0.26128362346760814
Multi_Models_2,3,bernstein,17,34,0.06701881362178154,0.07593402368042329,0.1681500787465803,0.0024012446673129925,0.1915973910926719
Multi_Models_2,4,bernstein,17,34,0.04796289281770164,0.05828682185713322,0.16563327464558025,0.001843191146410264,0.20480638713679938
Multi_Models_2,5,bernstein,17,34,0.11201169235797954,0.12719951623225073,0.3466013118435144,0.004022401885654716,0.4791151056768303
Multi_Models_2,6,bernstein,17,34,0.08891164510594521,0.1005925050670396,0.23877477964594757,0.003181014315538738,0.352093592000268
Multi_Models_3,0,bernstein,17,34,0.15567698160691162,0.1689605944941042,0.43024704524844687,0.005343003134174742,0.4762507275127272
Multi_Models_3,1,bernstein,17,34,0.1365008892150135,0.1551162524561912,0.4106354209339018,0.004905206598712519,0.3935694585079054
Multi_Models_3,2,bernstein,17,34,0.127174939063866,0.15138693218898738,0.3586432824782491,0.004787275137026601,0.3395694086837379
Multi_Models_3,3,bernstein,17,34,0.10240726965310873,0.11945583709808148,0.25827626546340116,0.003777525250319762,0.28499186040598545
Multi_Models_3,4,bernstein,17,34,0.08199577037978262,0.0962180757484547,0.2372607182573929,0.0030426827144372725,0.27668724432501807
Multi_Models_3,5,bernstein,17,34,0.06898929579934741,0.08019131877630042,0.17529082514759867,0.002535872159057359,0.20563850453527466
Multi_Models_3,6,bernstein,17,34,0.07127694295899922,0.08376118973291445,0.20809394330007938,0.0026487613908152043,0.22143800639634348
Multi_Models_4,0,bernstein,17,34,0.11792448017081236,0.13786662737050798,0.3786691545810966,0.004359725558165158,0.2807522049761809
Multi_Models_4,1,bernstein,17,34,0.16677069676170275,0.18750279275006682,0.37230895515234597,0.005929358927327179,0.390788763571496
Multi_Models_4,2,bernstein,17,34,0.3052985411175621,0.45369962827983346,1.7021167646503184,0.014347241989360153,0.6583805406827241
Multi_Models_4,3,bernstein,17,34,0.0988133669925876,0.11187335954627092,0.25374979254677815,0.0035377462566115745,0.21161136901898608
Multi_Models_4,4,bernstein,17,34,0.07694440043676948,0.09206993125254088,0.21197654478873612,0.002911506867731485,0.2979309361554968
Multi_Models_4,5,bernstein,17,34,0.07399630970026579,0.0831154918831436,0.20352309998973056,0.002628342631959713,0.2850028413402848
Multi_Models_4,6,bernstein,17,34,0.07730484189024141,0.08897321625689882,0.32589896613717073,0.0028135801412252125,0.27659530584581793
NShape,0,bernstein,17,34,0.24252587403329795,0.27131550678592886,0.663354938349533,0.008579749659664048,0.39828199402785325
NShape,1,bernstein,17,34,0.19562058778747227,0.22636486407884232,0.45101858346228924,0.007158285527235747,0.3101498246068153
NShape,2,bernstein,17,34,0.21617271757082812,0.24655606051850318,0.5697734303359858,0.0077967872215678555,0.3380669069763644
NShape,3,bernstein,17,34,0.26439061673999475,0.29478225338590297,0.5703303048386134,0.009321833344963355,0.39431092918064214
NShape,4,bernstein,17,34,0.1658627619049564,0.19433242034319606,0.5444324687836753,0.006145330714977399,0.2600644460542588
NShape,5,bernstein,17,34,0.2634508953398176,0.30715868184461365,0.7207096780795649,0.009713210377239883,0.40164088714944945
NShape,6,bernstein,17,34,0.34102492199667894,0.3891512541449979,0.8626468900861638,0.012306043174092344,0.49781286342445713
PShape,0,bernstein,17,34,0.09631077149203084,0.11508416673838996,0.3072505710355701,0.003639280895159035,0.1712301392498376
PShape,1,bernstein,17,34,0.13541493119585502,0.16505722080603516,0.4447969658272743,0.005219567620044044,0.21568827416180772
PShape,2,bernstein,17,34,0.1586798356781318,0.2038393339289405,0.6199354779099644,0.006445965719470908,0.24901991950061222
PShape,3,bernstein,17,34,0.1110011622347391,0.13168779527212765,0.3355263141110823,0.004164333731058764,0.17363897064712885
PShape,4,bernstein,17,34,0.17298978632347337,0.19882577982046384,0.5031991592903197,0.006287423217918096,0.2948963368908396
PShape,5,bernstein,17,34,0.16591658057940337,0.18676629310279746,0.3882790338219426,0.005906068763514361,0.26420002009066523
PShape,6,bernstein,17,34,0.14668579837110798,0.18208189971142424,0.52679986535627,0.005757935237784562,0.2259517191626513
RShape,0,bernstein,17,34,0.13123166167975892,0.15180842695319569,0.3198652548814163,0.00480060397179394,0.21044701911557986
RShape,1,bernstein,17,34,0.16499388678930368,0.1937562505139125,0.4317854315599775,0.006127110625181335,0.2614208914078706
RShape,2,bernstein,17,34,0.17695217092011994,0.20431072276931192,0.5135781233093499,0.006460872343462501,0.28172718994459356
RShape,3,bernstein,17,34,0.12492217610738916,0.15265708319909393,0.4352328230617235,0.004827440838669604,0.20516858772145088
RShape,4,bernstein,17,34,0.1119960925110832,0.1262162106373684,0.428264808224939,0.0039913070324965666,0.17907725904792512
RShape,5,bernstein,17,34,0.2114810658527949,0.2666452310664423,0.8440338967136702,0.008432062573918462,0.3229397170863025
RShape,6,bernstein,17,34,0.14954621933773837,0.17419463168667645,0.3949524360560232,0.005508517923040359,0.2344346467710432
Saeghe,0,bernstein,17,34,0.10210921889828858,0.12230273128422937,0.347612833273556,0.003867551949176949,0.19051689234386296
Saeghe,1,bernstein,17,34,0.08354727924278421,0.09435883008130473,0.22913818921403198,0.00298388820405734,0.15515090228498357
Saeghe,2,bernstein,17,34,0.11316285262216542,0.1309427542197344,0.2845126971346852,0.004140773464299849,0.20638864973939383
Saeghe,3,bernstein,17,34,0.13735862239825983,0.16949050303551771,0.5220095048276209,0.0053597603135991856,0.25468528142544145
Saeghe,4,bernstein,17,34,0.11667005148541784,0.13114746360068186,0.27710413164610337,0.0041472469433218185,0.21022839841321733
Saeghe,5,bernstein,17,34,0.11325096052378947,0.13360562856179575,0.3400227499525812,0.004224980944737211,0.19919887148985407
Saeghe,6,bernstein,17,34,0.07803163470285361,0.08712263795484333,0.19367433026969463,0.002755059716995388,0.13375643349668653
Sharpc,0,bernstein,17,34,0.14152910008743633,0.16033625747778088,0.33232631986153854,0.005070277651369918,0.26388922200232706
Sharpc,1,bernstein,17,34,0.09296905491266358,0.11216991777505343,0.260335281453257,0.0035471242512297545,0.17509733095036448
Sharpc,2,bernstein,17,34,0.16949765088281765,0.19519684794749234,0.45412997335171107,0.00617266631599639,0.28449982178130495
Sharpc,3,bernstein,17,34,0.13172334611358166,0.15212844297182265,0.414799940949774,0.00481072376685994,0.22412486925989786
Sharpc,4,bernstein,17,34,0.11857692245710888,0.14161347984628217,0.32055572720246883,0.00447821143696603,0.20242222549033
Sharpc,5,bernstein,17,34,0.2424259395638141,0.28018271066492323,0.6289654230487118,0.008860155267011073,0.4158543373896576
Sharpc,6,bernstein,17,34,0.20351214507537038,0.2490797687603588,0.7277985708223631,0.007876593883507886,0.32791811060765774
Sine,0,bernstein,17,34,0.09675544845573526,0.11162028574274437,0.2473080579429125,0.0035297433602589153,0.19350486888253418
Sine,1,bernstein,17,34,0.14436640751854354,0.16781409242182627,0.3266751098037504,0.005306747555269728,0.2796471391724728
Sine,2,bernstein,17,34,0.14899535173966988,0.18043608086731092,0.37136447327517114,0.005705889876150324,0.28277295809406844
Sine,3,bernstein,17,34,0.12029095975724687,0.1388519701124612,0.27537703256028245,0.0043908848315700345,0.2130292643117314
Sine,4,bernstein,17,34,0.17585764037883592,0.2031849003100517,0.4713848343508977,0.006425270711340158,0.340867125905085
Sine,5,bernstein,17,34,0.1143109687862275,0.13441945593007207,0.26443348003109773,0.004250716425796549,0.21797466721395936
Sine,6,bernstein,17,34,0.14475728611360542,0.18109079140500906,0.45672759233217286,0.00572659364122272,0.2665409313546497
Snake,0,bernstein,17,34,0.18877133641147506,0.22640806941100955,0.597386313385455,0.007159651799802873,0.33239607570156326
Snake,1,bernstein,17,34,0.16228027190849928,0.19772062016499567,0.41087984577117576,0.006252475001024034,0.28348716124037604
Snake,2,bernstein,17,34,0.13765137287170778,0.17782503821422285,0.56534214335732,0.005623321457634252,0.2318485889444562
Snake,3,bernstein,17,34,0.2055572512169647,0.2336357105644865,0.5465636665433343,0.00738820988135641,0.3564790305684561
Snake,4,bernstein,17,34,0.13446254951666062,0.15973410813771424,0.3497938588889281,0.005051236017308139,0.2248195520008335
Snake,5,bernstein,17,34,0.18838508035813237,0.2137173524770416,0.6748713168872246,0.006758336093284799,0.32664314812071404
Snake,6,bernstein,17,34,0.18812563752280617,0.21595204326486897,0.5537330433366218,0.006829003220842105,0.31319277322336037
Spoon,0,bernstein,17,34,0.0853197169060345,0.09289998589047993,0.24393565046199592,0.002937755500114223,0.16792656029078157
Spoon,1,bernstein,17,34,0.07917448439091594,0.08883561869303597,0.16945997820697484,0.002809228924202241,0.1485422394729663
Spoon,2,bernstein,17,34,0.07941774383430739,0.090075948058123,0.2045448517909811,0.002848451582626897,0.15071215474922622
Spoon,3,bernstein,17,34,0.09012837486260193,0.10396552028366128,0.23528531190978458,0.003287678422208046,0.1660985097791081
Spoon,4,bernstein,17,34,0.086410741767823,0.09950477946172429,0.20880023504686304,0.0031466174117179206,0.16530183916988278
Spoon,5,bernstein,17,34,0.24180887718519717,0.3512458456030988,1.3574627872738059,0.01110736890777631,0.4581460677433427
Spoon,6,bernstein,17,34,0.07262825912418729,0.08515179295657091,0.20000757458122628,0.0026927361258984733,0.13840592448391387
Sshape,0,bernstein,17,34,0.19809471162340364,0.21842200448914886,0.6741240246585307,0.006907110252852329,0.33799768535283864
Sshape,1,bernstein,17,34,0.1924962924454209,0.23266527630777126,0.6407305197614985,0.007357522055649684,0.3227650013281108
Sshape,2,bernstein,17,34,0.135211557361995,0.16281167239984215,0.4357396153531022,0.005148557144446736,0.20987508724922949
Sshape,3,bernstein,17,34,0.23770271408008098,0.2845656695051612,0.7860626439894949,0.008998756595270295,0.3611447955001943
Sshape,4,bernstein,17,34,0.13587338528137638,0.16541823386425974,0.3429936135497622,0.00523098385533457,0.20611765469091778
Sshape,5,bernstein,17,34,0.13571619956580422,0.15527593670788412,0.3249689694695974,0.0049102562581306115,0.20721649869266512
Sshape,6,bernstein,17,34,0.23282683291645592,0.2681068024455377,0.6125224005138131,0.00847828151912701,0.349165746193924
Trapezoid,0,bernstein,17,34,0.11447943283733306,0.1398125325526953,0.33276187835293347,0.004421260483029527,0.23349525485851003
Trapezoid,1,bernstein,17,34,0.10813790455896875,0.1292920930889698,0.3610569776670475,0.004088574976116597,0.19696754056069177
Trapezoid,2,bernstein,17,34,0.05532453636621018,0.061898097277599325,0.13227165068029784,0.0019573897022788153,0.10990249376325902
Trapezoid,3,bernstein,17,34,0.11586092569823,0.13803277053828222,0.3588617915335219,0.004364979466443579,0.20995011969539165
Trapezoid,4,bernstein,17,34,0.12020475268320226,0.13840968892081906,0.2827555270444126,0.00437689867225161,0.21970330758906043
Trapezoid,5,bernstein,17,34,0.112553271318353,0.1383025546173657,0.4007570406944899,0.004373510788107128,0.20122040334764377
Trapezoid,6,bernstein,17,34,0.15936810733511414,0.17925352947352763,0.395158811175192,0.005668494317604706,0.2923371773509828
WShape,0,bernstein,17,34,0.14099928169247453,0.16013086192899467,0.5045679143271662,0.005063782473815671,0.2863042920740823
WShape,1,bernstein,17,34,0.21393631087199771,0.24205753523228318,0.5739998574857194,0.007654531361404696,0.4064418339705534
WShape,2,bernstein,17,34,0.12125089954798861,0.14248010580482193,0.4239486884512688,0.004505616556050154,0.23603340528931005
WShape,3,bernstein,17,34,0.11807050499270724,0.1366838912782253,0.38531740401465797,0.004322324158940154,0.21820225090045775
WShape,4,bernstein,17,34,0.14971181203509268,0.1742927207758298,0.44611294958991704,0.005511619772393717,0.264017128319113
WShape,5,bernstein,17,34,0.20166768509491753,0.23045920823390986,0.5427817964402316,0.007287760057781857,0.3714937213130256
WShape,6,bernstein,17,34,0.20340603583250635,0.23187608964068443,0.49568483189463236,0.00733256578197937,0.38877686064154054
Worm,0,bernstein,17,34,0.08166319550520527,0.09307423743684179,0.20007927710265058,0.002943265817837322,0.16563409082107886
Worm,1,bernstein,17,34,0.06843720971165373,0.07869539320022327,0.16886543398960305,0.0024885668387523265,0.1379800405512046
Worm,2,bernstein,17,34,0.08556507896228487,0.10084547233496739,0.2509927248012087,0.0031890138429399575,0.1713716610432732
Worm,3,bernstein,17,34,0.07470988424561886,0.08493074359360415,0.1900572209904595,0.002685745931275431,0.14764310802207414
Worm,4,bernstein,17,34,0.0921325998175451,0.1072718428068883,0.2312860075862433,0.0033922335207331694,0.1802042347967445
Worm,5,bernstein,17,34,0.06851256641325054,0.07654208743020055,0.1994061318609524,0.002420473331431781,0.1310689911388193
Worm,6,bernstein,17,34,0.1069840726929054,0.12642096989662888,0.2754663892764892,0.003997782088809287,0.2092674402263692
Zshape,0,bernstein,17,34,0.1593646667523466,0.18590287855317575,0.38334980494057286,0.00587876519809703,0.28339906058341674
Zshape,1,bernstein,17,34,0.15172035071481477,0.17939267885347895,0.4032448524847568,0.0056728946073611695,0.25071739868703297
Zshape,2,bernstein,17,34,0.22332469828950172,0.28766244044346073,0.7174601289692834,0.009096685090838727,0.39608224119161306
Zshape,3,bernstein,17,34,0.13572734784591906,0.15449148742513213,0.5287354484186332,0.004885449793706795,0.2180121719429237
Zshape,4,bernstein,17,34,0.22042453594980901,0.24038733409501278,0.5868472253706079,0.007601714963960915,0.36449470298375203
Zshape,5,bernstein,17,34,0.1754109158749367,0.20492385254318027,0.4985032032351972,0.006480261209329382,0.26382337483011137
Zshape,6,bernstein,17,34,0.4712741806890466,0.5656092126694573,1.3996823478367593,0.01788613377610051,0.7430240839356463
heee,0,bernstein,17,34,0.17164935124034061,0.19773441085486496,0.4750480055687271,0.0062529111009289534,0.3172503498403456
heee,1,bernstein,17,34,0.15873379226181603,0.1880684450667965,0.52840918939441,0.005947246424173347,0.26739576297825696
heee,2,bernstein,17,34,0.20106967591129593,0.22667916959171994,0.4740912927594681,0.007168224740254156,0.3535994750464935
heee,3,bernstein,17,34,0.17360312158377614,0.20002969430017903,0.6309738280293413,0.006325494336557664,0.295306243202576
heee,4,bernstein,17,34,0.20453347273066824,0.2408216514211864,0.5834540947728729,0.007615449283740744,0.33692736054064654
heee,5,bernstein,17,34,0.18065125345616187,0.22106254321639798,0.5807168995974618,0.006990611419132223,0.29941849920461294
heee,6,bernstein,17,34,0.2798709122098962,0.3665661390447265,0.9039127912027616,0.011591839124753147,0.44290431502664607
Angle,0,bernstein,22,44,0.06381722880118092,0.07728867590111593,0.16503039077965184,0.0024440825318609314,0.1084767134070568
Angle,1,bernstein,22,44,0.07006098813160784,0.0813350136914221,0.18459083116761635,0.0025720389678587337,0.1174414008069517
Angle,2,bernstein,22,44,0.08080270682540697,0.10199055354245344,0.2680036647365975,0.003225224490155075,0.1347955810808301
Angle,3,bernstein,22,44,0.08721514471176574,0.0997449320461902,0.22568562457449864,0.0031542117032468033,0.13819518536671727
Angle,4,bernstein,22,44,0.13790788098996323,0.16455486595787713,0.44695044967734787,0.00520368176490597,0.21833679744647289
Angle,5,bernstein,22,44,0.12604351239502318,0.14360912990176444,0.3839923609363191,0.004541319432845685,0.20401179070212805
Angle,6,bernstein,22,44,0.111222603918547,0.12501743257875167,0.26906130816234325,0.003953398341753929,0.17609915136312163
BendedLine,0,bernstein,22,44,0.06439657453954929,0.07522390086225966,0.17837191129208196,0.0023787886120744464,0.1500362410782413
BendedLine,1,bernstein,22,44,0.07327583854892698,0.0857109295933053,0.2161114417748379,0.002710417578851742,0.1643617084668747
BendedLine,2,bernstein,22,44,0.0703819080229174,0.08850838909543884,0.22778696464684448,0.0027988810157399684,0.14955896905510294
BendedLine,3,bernstein,22,44,0.08873570396389996,0.10233875922452419,0.2233336996399816,0.003236235720650635,0.1835893342645043
BendedLine,4,bernstein,22,44,0.07348108000734713,0.08402730001770681,0.19305815065415305,0.002657176536902603,0.14374987741068954
BendedLine,5,bernstein,22,44,0.08550202820540104,0.10151015855779649,0.22376486109664578,0.003210033066874698,0.15764207424927848
BendedLine,6,bernstein,22,44,0.11589097872139388,0.14311407487844946,0.3123007822137888,0.004525664418437854,0.22427350955018704
CShape,0,bernstein,22,44,0.12140037430600904,0.14297959646181543,0.33099612256949457,0.004521411837510889,0.22756747348515244
CShape,1,bernstein,22,44,0.09452066505380023,0.11268686637320494,0.24577395176714448,0.0035634716012636534,0.15473661854514964
CShape,2,bernstein,22,44,0.0865554653503169,0.10233277637854048,0.25280336013859694,0.00323604652644865,0.13611260296125327
CShape,3,bernstein,22,44,0.09484088408519366,0.11359723283964196,0.32510792078648876,0.003592259916657456,0.1641022368145848
CShape,4,bernstein,22,44,0.11722572303993055,0.1371659558396604,0.3506832499640746,0.004337568378874006,0.17120686059192433
CShape,5,bernstein,22,44,0.12399695752853458,0.14540798565748597,0.384836685190457,0.00459820424654752,0.19505685617128157
CShape,6,bernstein,22,44,0.157441072406358,0.18140088876416172,0.40029741892751863,0.005736399780735977,0.2382547289568288
DoubleBendedLine,0,bernstein,22,44,0.06689960139952028,0.07811436065417579,0.17333240605828315,0.002470192976350359,0.14985064545494964
DoubleBendedLine,1,bernstein,22,44,0.05494778728768421,0.06657745502099795,0.1582617735997756,0.002105363986837669,0.11237529477613312
DoubleBendedLine,2,bernstein,22,44,0.07836445717501915,0.09859263744552424,0.2768846445475129,0.0031177729485106177,0.15912633192642586
DoubleBendedLine,3,bernstein,22,44,0.08654541307583459,0.10217390330758536,0.23171791949968687,0.003231022518817812,0.16476505189036625
DoubleBendedLine,4,bernstein,22,44,0.06273002235754464,0.07670071848732987,0.2015230046493207,0.0024254896859134713,0.12310185666161182
DoubleBendedLine,5,bernstein,22,44,0.08122901632353037,0.09454107119604609,0.22404715873778386,0.0029896511741164472,0.14853482991007128
DoubleBendedLine,6,bernstein,22,44,0.08426280447731346,0.09417468202544382,0.20284477349692645,0.0029780649312252166,0.1545848871340252
GShape,0,bernstein,22,44,0.1435144332886881,0.1787573442526723,0.4783524943315313,0.0056528035632125405,0.2932295867179301
GShape,1,bernstein,22,44,0.14580411528496387,0.17247529273374285,0.429645811033877,0.005454147651429165,0.2485160294615833
GShape,2,bernstein,22,44,0.11879749263829524,0.14054281439309393,0.3359550406172611,0.004444354022524719,0.1782966525567222
GShape,3,bernstein,22,44,0.16437359517747271,0.19919392351186885,0.46238355029652745,0.006299064943628717,0.25035878117718485
GShape,4,bernstein,22,44,0.19474952048209082,0.22364756694905633,0.5434542017532354,0.007072357047140128,0.3302691818927542
GShape,5,bernstein,22,44,0.1358100758240875,0.16202565442520947,0.43678098704405643,0.005123701073630019,0.21851657421106588
GShape,6,bernstein,22,44,0.19506655604795617,0.23873525143694369,0.6653995859162708,0.007549471523137281,0.3230377435616237
JShape,0,bernstein,22,44,0.07305832105214077,0.08561817208604147,0.18773243659314537,0.002707484328921409,0.15060270883130028
JShape,1,bernstein,22,44,0.09711535794019101,0.1176272350099173,0.2896344272873611,0.003719699774992373,0.18228466491612674
JShape,2,bernstein,22,44,0.11476599240444005,0.13217766266050454,0.31190572489841656,0.004179824698045857,0.21963565330048387
JShape,3,bernstein,22,44,0.09520763576133162,0.1064159384743872,0.23479493862174614,0.003365167449234074,0.1740120219031535
JShape,4,bernstein,22,44,0.10741912345097841,0.12662256754108903,0.2956078875052267,0.004004157166083476,0.18766476768512372
JShape,5,bernstein,22,44,0.08801506594404981,0.10737688513779185,0.3037183450992705,0.0033955552508970525,0.1498253641563737
JShape,6,bernstein,22,44,0.08931111294807946,0.11323378060372916,0.3236318630469865,0.003580766547795802,0.15930856696759083
JShape_2,0,bernstein,22,44,0.09028808973508175,0.10065802422001362,0.21848641182475548,0.0031830862130763676,0.20337923650835094
JShape_2,1,bernstein,22,44,0.08205409190986591,0.10071197387483484,0.28680284799877886,0.003184792250958517,0.17734638239111603
JShape_2,2,bernstein,22,44,0.09204116241579732,0.10953458234631851,0.23631194088714763,0.003463787627696368,0.17486175047351898
JShape_2,3,bernstein,22,44,0.12212496067345796,0.14128261380426113,0.3466309312985917,0.004467748534034117,0.2228694654024168
JShape_2,4,bernstein,22,44,0.15637268251450526,0.18386637758302365,0.438193632989858,0.0058143653828687985,0.28455092275965926
JShape_2,5,bernstein,22,44,0.09896428155741747,0.1164970521344863,0.2586605484765756,0.0036839602544035707,0.18181657686593494
JShape_2,6,bernstein,22,44,0.13592512621989464,0.1546655893159517,0.35536867748187895,0.004890955378906114,0.2286485406395165
Khamesh,0,bernstein,22,44,0.06418132690322007,0.07825314881083514,0.2154739928576776,0.002474581843223358,0.11657355286550619
Khamesh,1,bernstein,22,44,0.0754070512249097,0.08761320470371398,0.28531628775605034,0.0027705727997031386,0.13177121935016065
Khamesh,2,bernstein,22,44,0.07678388023230223,0.09112919888937765,0.2043215927116006,0.0028817582983692,0.1289458937672407
Khamesh,3,bernstein,22,44,0.08013913501901629,0.09459219051884867,0.24804343332976483,0.002991267709041463,0.12802914621347836
Khamesh,4,bernstein,22,44,0.09030160815209096,0.10897429463066036,0.28833818333075567,0.003446069774431442,0.1459052726995034
Khamesh,5,bernstein,22,44,0.09145658795368798,0.10792485056358662,0.2604364719127734,0.0034128834391424067,0.15778780352753116
Khamesh,6,bernstein,22,44,0.12266956381588033,0.13691360379940176,0.3506251670798991,0.004329588306679927,0.19852375125355456
LShape,0,bernstein,22,44,0.07116347107660266,0.08221243670486925,0.1737058775728219,0.0025997855197981493,0.12527923653841985
LShape,1,bernstein,22,44,0.1250024613136357,0.14690053907813802,0.3353633674354005,0.004645402929934879,0.21869234696492798
LShape,2,bernstein,22,44,0.06850886162470282,0.07528003547964095,0.1451173076941179,0.002380563744539515,0.1140555911842075
LShape,3,bernstein,22,44,0.0534148009100852,0.06309222201994541,0.15484901639514154,0.0019951512422405684,0.09336308508895319
LShape,4,bernstein,22,44,0.07548608303071508,0.08930681528392272,0.2576284637054847,0.002824129468731328,0.12617559826705452
LShape,5,bernstein,22,44,0.10989852133305371,0.1379019347159656,0.3542200214331452,0.004360842074462963,0.17809574312318968
LShape,6,bernstein,22,44,0.11422238725370497,0.1414880716030278,0.39742171667997356,0.004474245680105588,0.18534338329695296
Leaf_1,0,bernstein,22,44,0.04327128412142244,0.04832909476660109,0.1346272238745051,0.0015283001671658318,0.09349605574616889
Leaf_1,1,bernstein,22,44,0.08763401244545435,0.09481275335300955,0.23157194730657343,0.0029982425182727666,0.1655541991766569
Leaf_1,2,bernstein,22,44,0.1067546289539223,0.12286826923100518,0.3190907978116491,0.0038854358293276153,0.20116804447789863
Leaf_1,3,bernstein,22,44,0.07592106858584466,0.08624752337349036,0.16920831780477064,0.0027273861640883866,0.14587140747324237
Leaf_1,4,bernstein,22,44,0.08703952218579014,0.1014894898094473,0.23424566656767348,0.0032093794636630156,0.15225470840687796
Leaf_1,5,bernstein,22,44,0.09689637486414994,0.12150011556175869,0.34872079812663337,0.0038421710114882593,0.18773588232418983
Leaf_1,6,bernstein,22,44,0.1103181687760075,0.1275635704412681,0.2687136607372367,0.004033914290577376,0.19395415735097987
Leaf_2,0,bernstein,22,44,0.10278195840667885,0.1147703075870277,0.2407321989751982,0.0036293557973311116,0.18331372044650487
Leaf_2,1,bernstein,22,44,0.10940112320014543,0.1262568329476239,0.29256465589953,0.003992591622738821,0.18661934231931596
Leaf_2,2,bernstein,22,44,0.09947765325703696,0.11940877749903951,0.2645058954294856,0.003776037095132293,0.1650589049100619
Leaf_2,3,bernstein,22,44,0.09393871800693082,0.1054734467655235,0.2554007875458396,0.0033353632444757374,0.1645008646678162
Leaf_2,4,bernstein,22,44,0.11662318611899289,0.1341915894014115,0.3182460573894381,0.004243510653465713,0.19786910137003175
Leaf_2,5,bernstein,22,44,0.15805155308416968,0.18472842745182957,0.4190852689048711,0.005841625793289558,0.2747779087841384
Leaf_2,6,bernstein,22,44,0.11735862958656046,0.13875573670904046,0.35261364658757677,0.0043878416641520415,0.19904686721968848
Line,0,bernstein,22,44,0.05029139144077942,0.05787825892779727,0.151411634311135,0.0018302712521681436,0.09825865091864106
Line,1,bernstein,22,44,0.04426682972174285,0.052669366112557923,0.12283963385049261,0.001665551598329714,0.08232455577224336
Line,2,bernstein,22,44,0.06796219186696642,0.07961256982036456,0.18930987165332633,0.0025175705101153417,0.12456306795298773
Line,3,bernstein,22,44,0.04431941036042947,0.05165459434875421,0.13630270398320232,0.0016334616975412525,0.08371552904828364
Line,4,bernstein,22,44,0.06335930827185697,0.08209708128418972,0.20073978052397148,0.002596137661100207,0.11646012736384818
Line,5,bernstein,22,44,0.06726272528303606,0.08535179726080007,0.20487628369062413,0.0026990608173304872,0.12289692211346318
Line,6,bernstein,22,44,0.06930937582926339,0.08739072249237234,0.26307257001985584,0.0027635372944360337,0.14144158839352658
Multi_Models_1,0,bernstein,22,44,0.10532905388290933,0.14290424278603983,0.49003695731076374,0.00451902894505572,0.36296479898656336
Multi_Models_1,1,bernstein,22,44,0.04012007142112684,0.04893592991998981,0.11508153949523336,0.0015474899796554915,0.12880096387710638
Multi_Models_1,2,bernstein,22,44,0.04656462953816384,0.05082509498748267,0.09073434564509732,0.0016072306245485234,0.1559584605734438
Multi_Models_1,3,bernstein,22,44,0.0348193487060823,0.041170105047966345,0.0903164620433116,0.001301913034599694,0.16202303729324313
Multi_Models_1,4,bernstein,22,44,0.045823625171856584,0.053628842020903685,0.12571603946308754,0.0016958928906340297,0.20089527243629854
Multi_Models_1,5,bernstein,22,44,0.04112574796607315,0.05727239626801207,0.1954691685852451,0.0018111121926264542,0.2998641437305391
Multi_Models_1,6,bernstein,22,44,0.036766780232216044,0.05283836715393181,0.13930281513410572,0.0016708958805065324,0.27536056457053104
Multi_Models_2,0,bernstein,22,44,0.055464555026792796,0.06168669100159664,0.16433725243019118,0.0019507044488405888,0.1673277274168003
Multi_Models_2,1,bernstein,22,44,0.03948312612107668,0.045411311940974676,0.09758676230325831,0.0014360317726988176,0.11187854590302442
Multi_Models_2,2,bernstein,22,44,0.05417498445014391,0.06375187746708454,0.16068152132542007,0.0020160113790795332,0.16354719163166365
Multi_Models_2,3,bernstein,22,44,0.04907597455185198,0.056520344615316895,0.1176425855773746,0.0017873302312203477,0.1403013300493463
Multi_Models_2,4,bernstein,22,44,0.041650861456997305,0.04917412346226073,0.14453842915780876,0.0015550223208306883,0.17785337695466708
Multi_Models_2,5,bernstein,22,44,0.05149475500884033,0.06263083607106441,0.18108947842325668,0.001980560937451949,0.220261960769361
Multi_Models_2,6,bernstein,22,44,0.05976236126373979,0.07056677979943439,0.16482929329210694,0.0022315175130977263,0.23666128794146918
Multi_Models_3,0,bernstein,22,44,0.082197734252261,0.09441379087451554,0.2017153508580357,0.0029856262169428967,0.25146126507246663
Multi_Models_3,1,bernstein,22,44,0.08930803134204379,0.10351176122761725,0.23371431904858253,0.0032733293009477747,0.2574995206099306
Multi_Models_3,2,bernstein,22,44,0.09289272463195745,0.1082023324413789,0.26561368947245134,0.0034216581865748478,0.2480325747076178
Multi_Models_3,3,bernstein,22,44,0.08598647224596744,0.10130104570347115,0.22660529087919365,0.003203420337797828,0.2392939952225549
Multi_Models_3,4,bernstein,22,44,0.06720305682554673,0.07660914321616229,0.15979259697792983,0.002422593821571099,0.22677058239900172
Multi_Models_3,5,bernstein,22,44,0.061270900316295146,0.06982019251437847,0.14021123689460174,0.0022079083501687457,0.18263204699491953
Multi_Models_3,6,bernstein,22,44,0.0543821604205126,0.0637749631658963,0.1532921434769626,0.0020167414129757515,0.16895052855972723
Multi_Models_4,0,bernstein,22,44,0.08926832006668226,0.11539419264499416,0.32834712728101856,0.003649084775144314,0.21252820158238608
Multi_Models_4,1,bernstein,22,44,0.09678957747558624,0.11232443362354302,0.28631889101497854,0.0035520104713879608,0.22680410913158597
Multi_Models_4,2,bernstein,22,44,0.268151504836207,0.38694409239552,1.3990033979061391,0.012236246591164823,0.578272441436152
Multi_Models_4,3,bernstein,22,44,0.07473442790058116,0.08335887088089003,0.1749807992068868,0.0026360389516349894,0.16004570112542577
Multi_Models_4,4,bernstein,22,44,0.06883720171671538,0.0834748895270859,0.1867985947576945,0.0026397077833652713,0.2665396290486301
Multi_Models_4,5,bernstein,22,44,0.04679681508155621,0.0524867717126567,0.11686475713099269,0.001659777456412919,0.1802417622979313
Multi_Models_4,6,bernstein,22,44,0.05392396864459635,0.059306774420168934,0.11023311185872092,0.001875444878455457,0.19293897037974847
NShape,0,bernstein,22,44,0.10837010140454312,0.12541929494079637,0.2638658615184406,0.003966106345453495,0.17796806321158182
NShape,1,bernstein,22,44,0.15245173351471375,0.17039013066480474,0.3665630798375257,0.005388209037144831,0.24170706644621104
NShape,2,bernstein,22,44,0.1506205450899103,0.17455650591526137,0.37757095417829994,0.005519961390928806,0.23555156440569947
NShape,3,bernstein,22,44,0.18764700817049762,0.21831858605698115,0.4776951410026227,0.006903839874875393,0.2798558703104069
NShape,4,bernstein,22,44,0.12188013622965892,0.1587710793368682,0.4443646319832732,0.0050207823726779975,0.19110190707994393
NShape,5,bernstein,22,44,0.1734439379918891,0.20669158592389333,0.674313352164073,0.006536161847119009,0.2644218651673256
NShape,6,bernstein,22,44,0.24944373953839014,0.27669714634691145,0.5518230698501826,0.008749932045251785,0.36412676679424544
PShape,0,bernstein,22,44,0.06660711966605959,0.08141155838872696,0.21100127554798032,0.002574459523721649,0.11842025765927637
PShape,1,bernstein,22,44,0.10457201766373046,0.12929797223149564,0.3068594852523838,0.004088760890927302,0.16656182458111748
PShape,2,bernstein,22,44,0.13954202966851653,0.17914948674559578,0.5129164880259425,0.005665204197662288,0.21898651990975607
PShape,3,bernstein,22,44,0.060326751594374846,0.0694399488679162,0.1857964433386693,0.0021958839902824594,0.09436905739040984
PShape,4,bernstein,22,44,0.09435557604921416,0.10902133253336838,0.2750071734604761,0.0034475572435205895,0.16084830401552236
PShape,5,bernstein,22,44,0.10150751298804186,0.11521563402793547,0.25622160863749,0.0036434382558867607,0.1616371725908345
PShape,6,bernstein,22,44,0.13184242511608715,0.17018513595667695,0.509757963785728,0.005381726535285178,0.2030872991411595
RShape,0,bernstein,22,44,0.057201303203512924,0.06542874690068312,0.16524226793048688,0.002069038646568413,0.09172972127779186
RShape,1,bernstein,22,44,0.11085295472544007,0.12951607078486999,0.33165450327937296,0.004095657772757809,0.17563849669489423
RShape,2,bernstein,22,44,0.07919598980567559,0.09448656598952465,0.2867172263325811,0.002987927568146992,0.1260886687448759
RShape,3,bernstein,22,44,0.11271362151610172,0.13815610573735068,0.3673529833566184,0.004368879667890844,0.18511760893077228
RShape,4,bernstein,22,44,0.08393435141581139,0.09693643220887194,0.20188246975884727,0.0030653991403054226,0.13420766077192725
RShape,5,bernstein,22,44,0.14085962239127656,0.1798764922477927,0.5617922385488793,0.005688194130246455,0.21509805816652056
RShape,6,bernstein,22,44,0.11339074701047692,0.13051015220973114,0.30882579850725794,0.004127093387580076,0.17775587935440149
Saeghe,0,bernstein,22,44,0.07657212468777239,0.09504792751728798,0.2687500295334971,0.003005679378332232,0.1428694038900898
Saeghe,1,bernstein,22,44,0.05786224780519831,0.06525945160897481,0.15136010524434584,0.0020636850593790043,0.10745269069895155
Saeghe,2,bernstein,22,44,0.06333625563167886,0.07247956678754115,0.15553725852140804,0.0022920051487092343,0.11551391624083945
Saeghe,3,bernstein,22,44,0.09365483229397004,0.12657793503675416,0.3903147100590722,0.0040027457623697206,0.17365132893138613
Saeghe,4,bernstein,22,44,0.07944492894601114,0.09310126226723711,0.265358905181815,0.0029441204180116125,0.14315224825677944
Saeghe,5,bernstein,22,44,0.07159426550022906,0.0820372103994675,0.21286915967101905,0.002594244377487691,0.12592826433286503
Saeghe,6,bernstein,22,44,0.06191884157154838,0.06982080736394404,0.16890009917385562,0.0022079277934192007,0.10613699746769252
Sharpc,0,bernstein,22,44,0.08654593465401911,0.09758651320939055,0.19194096039944117,0.0030859565065578212,0.16136991861888295
Sharpc,1,bernstein,22,44,0.07852889645873043,0.09318488651872076,0.1950937842506903,0.0029467648490347624,0.14790082770356605
Sharpc,2,bernstein,22,44,0.1018087847614775,0.12162901779029896,0.27034433587850676,0.003846247257864848,0.17088485279619758
Sharpc,3,bernstein,22,44,0.06979607479400132,0.08399703413340762,0.2049985509575538,0.002656219445604757,0.11875674737696847
Sharpc,4,bernstein,22,44,0.08648609611912639,0.10350944602079286,0.27077882286014004,0.0032732560876795797,0.14764009461231045
Sharpc,5,bernstein,22,44,0.15175595854243548,0.18249514705661252,0.43031115812506127,0.005771003266262689,0.2603202186125167
Sharpc,6,bernstein,22,44,0.166900792523103,0.2075698899023732,0.6144665582309679,0.006563936257618849,0.26892641971233483
Sine,0,bernstein,22,44,0.07037685059675874,0.07879376486297206,0.16080118264360985,0.002491677623867368,0.140749316596075
Sine,1,bernstein,22,44,0.10185221414744905,0.12239477389426091,0.2806680090227023,0.0038704625920718124,0.19729437612456802
Sine,2,bernstein,22,44,0.11248803596107217,0.1329221927155093,0.3286778230369205,0.004203368805648511,0.2134870269945161
Sine,3,bernstein,22,44,0.10503308616421202,0.11957742368076874,0.2555310904383516,0.003781370155661843,0.1860083344509586
Sine,4,bernstein,22,44,0.10275620873346801,0.11547248181134478,0.2521346097884856,0.0036515604959621514,0.1991736808501814
Sine,5,bernstein,22,44,0.09507992453441529,0.1107561514474804,0.22795838802325313,0.00350241703448593,0.1813038165031679
Sine,6,bernstein,22,44,0.12384951000668278,0.1467216792602987,0.33210151231135526,0.004639746885872328,0.22804353847233122
Snake,0,bernstein,22,44,0.13725580600847764,0.17028945626200562,0.4563672195677352,0.005385025432995607,0.24168548123760417
Snake,1,bernstein,22,44,0.1414807098778703,0.1765936122509667,0.4000053147354932,0.005584380349496689,0.24715243782784208
Snake,2,bernstein,22,44,0.12362800618505451,0.15611691739215366,0.45421178226939446,0.004936850402435599,0.20822878980462858
Snake,3,bernstein,22,44,0.10805601177393835,0.12792347719532138,0.29759140353815033,0.004045295541458239,0.18739160061840807
Snake,4,bernstein,22,44,0.08564620175139977,0.09753278322897102,0.20786046816342352,0.0030842574153902022,0.1431992832021745
Snake,5,bernstein,22,44,0.08995795800156253,0.1026625717122296,0.20587430057099615,0.0032464755706101784,0.15597918128272242
Snake,6,bernstein,22,44,0.10780890414178057,0.14213210440888113,0.3874484365482824,0.004494611785649244,0.17948095810302517
Spoon,0,bernstein,22,44,0.05213785384403227,0.05796697823964438,0.11355054619996954,0.0018330768031469401,0.10261790327567993
Spoon,1,bernstein,22,44,0.05642740027993116,0.06141353221732802,0.16093208185447866,0.0019420664096288743,0.10586557613477997
Spoon,2,bernstein,22,44,0.06295559192904483,0.07274231500090003,0.14582224934026716,0.0023003139767627735,0.11947170059294206
Spoon,3,bernstein,22,44,0.06369416778347158,0.07701701517893658,0.20392906487756837,0.0024354918655320017,0.11738263745000677
Spoon,4,bernstein,22,44,0.07914942494443332,0.0916596035491364,0.18093635283597076,0.0028985311664332433,0.15141110057482898
Spoon,5,bernstein,22,44,0.2032491826615842,0.29380504446652655,1.1110917323463234,0.009290931285612742,0.3850884834849793
Spoon,6,bernstein,22,44,0.06459619004947738,0.07612759228376506,0.1764282978410499,0.0024073658440135694,0.12309940386494923
Sshape,0,bernstein,22,44,0.11343474093664187,0.12964271721731926,0.2980645498278977,0.004099662684598553,0.1935472156776856
Sshape,1,bernstein,22,44,0.14100702801311263,0.17673954928047597,0.439085025742651,0.005588995283578775,0.23643122163939576
Sshape,2,bernstein,22,44,0.09368590372941805,0.11626110048010159,0.30550611761671975,0.0036764988079481644,0.14541905738570524
Sshape,3,bernstein,22,44,0.17851674165683673,0.21685409916591566,0.5592665327227581,0.006857528733083135,0.27122278518578263
Sshape,4,bernstein,22,44,0.10112763152279797,0.1217121234290614,0.2840605548986587,0.003848875288913773,0.15340892692679142
Sshape,5,bernstein,22,44,0.10993815999899272,0.12270715363899219,0.2603069093009721,0.003880340906954341,0.16785763719134755
Sshape,6,bernstein,22,44,0.210845497686571,0.24885784046029444,0.5548764686072949,0.007869575894453357,0.31620077724365014
Trapezoid,0,bernstein,22,44,0.08311107993090698,0.11184769805640066,0.297312174225386,0.003536934769050141,0.1695155392463177
Trapezoid,1,bernstein,22,44,0.08088704766533311,0.10386013837494708,0.3371786542985736,0.003284345953650917,0.1473315291879745
Trapezoid,2,bernstein,22,44,0.050399663626373284,0.05835787516085249,0.1346518854560947,0.00184543804916059,0.10011920715798084
Trapezoid,3,bernstein,22,44,0.10614497502086932,0.12638549809981076,0.3126506011599879,0.003996660372102847,0.19234396822220728
Trapezoid,4,bernstein,22,44,0.09008823813964278,0.09949580605548902,0.20345633795587642,0.003146333647697187,0.16465808091892817
Trapezoid,5,bernstein,22,44,0.08930766550372612,0.11159548309678484,0.30284174861091795,0.003528959031726607,0.1596623915431762
Trapezoid,6,bernstein,22,44,0.11373723476369181,0.12784086650751209,0.28991027190092034,0.004042683162132734,0.20863410331282595
WShape,0,bernstein,22,44,0.08403605544517498,0.09933455891129316,0.23585048295204558,0.003141234565278621,0.17063833995555236
WShape,1,bernstein,22,44,0.13446107461911155,0.1549855336896091,0.3453752147186887,0.004901072908359246,0.25545268843371643
WShape,2,bernstein,22,44,0.09180455339762335,0.10444645668347591,0.2258334761354008,0.003302886966539002,0.17871159257609642
WShape,3,bernstein,22,44,0.09917140397475614,0.1164919663697053,0.30610005907948856,0.003683799428400052,0.18327543846439023
WShape,4,bernstein,22,44,0.110077878229361,0.13347572693674606,0.3497240202783309,0.0042208730946680685,0.1941225939791886
WShape,5,bernstein,22,44,0.11919762921892936,0.14478180295602536,0.3343422920893693,0.004578402610867392,0.21957494493671006
WShape,6,bernstein,22,44,0.17634842459871325,0.1955904373496865,0.39602112586321514,0.006185112705734766,0.33706072985476543
Worm,0,bernstein,22,44,0.049080177649909185,0.05765855603961391,0.13876218624832154,0.0018233236368163765,0.09954729976077868
Worm,1,bernstein,22,44,0.05117855999791837,0.0568966911806267,0.1371949288421257,0.0017992313545799503,0.10318392309706569
Worm,2,bernstein,22,44,0.05508651556543902,0.06559432691344108,0.19023196190454358,0.002074274746321562,0.11032851004200514
Worm,3,bernstein,22,44,0.04781305299734367,0.05542023078806717,0.13446975821341456,0.0017525415774248061,0.09448907356546918
Worm,4,bernstein,22,44,0.06917672414597581,0.08056174502743135,0.20160474922708446,0.002547586065644272,0.13530431861423628
Worm,5,bernstein,22,44,0.041693064483830755,0.04733474263278798,0.1402488235395524,0.0014968559917748518,0.0797615413560767
Worm,6,bernstein,22,44,0.0836786760669611,0.09927369891093789,0.22180136160644845,0.0031393100030834083,0.163680647981405
Zshape,0,bernstein,22,44,0.12755274628341676,0.14359938301676334,0.26927601054888073,0.0045410112092787325,0.22682774800847086
Zshape,1,bernstein,22,44,0.1164806190094097,0.13432042015604884,0.2958151946787828,0.0042475846396390375,0.19248385373421736
Zshape,2,bernstein,22,44,0.19688199168512946,0.23768024585044026,0.5565894197094934,0.007516109317161754,0.3491842197221965
Zshape,3,bernstein,22,44,0.09214410864984879,0.1088594153261714,0.25094790873734235,0.003442436971849431,0.1480065556228452
Zshape,4,bernstein,22,44,0.09861198974618068,0.11491053213543465,0.36769343450046976,0.0036337900868994564,0.1630650950824972
Zshape,5,bernstein,22,44,0.12243688995247638,0.14103117975623872,0.35882823311624507,0.0044597974913034456,0.1841488219239191
Zshape,6,bernstein,22,44,0.33202603848917034,0.3866941392104048,1.1405801000948281,0.012228342377431046,0.5234815595679234
heee,0,bernstein,22,44,0.13153704704456698,0.15600218597742727,0.35276402811888524,0.00493322227653851,0.24311291531434315
heee,1,bernstein,22,44,0.11527390101910094,0.13639105947472463,0.3377602024660588,0.0043130640042361845,0.19418519695945882
heee,2,bernstein,22,44,0.1427177844329264,0.1780611319365445,0.4628748496559872,0.0056307873966722904,0.25098231956938427
heee,3,bernstein,22,44,0.12010435852784283,0.1487717009291836,0.34947162020273825,0.004704574263136086,0.20430258733565948
heee,4,bernstein,22,44,0.16543911843917247,0.20427993388624194,0.5166703919203565,0.006459898713491364,0.27252735095972314
heee,5,bernstein,22,44,0.15386647525879246,0.1807221104667964,0.4034359094003458,0.005714934926276323,0.2550243533797076
heee,6,bernstein,22,44,0.22120665784554053,0.2763992596482418,0.6664520120647252,0.008740512040727145,0.35006633057648806
Angle,0,rbf,3,6,18.7248804129275,22.96741286052482,41.54007360243191,0.7262933660070158,31.82860685572359
Angle,1,rbf,3,6,19.743312390087517,24.219889999970253,43.81415637570019,0.7659001707864146,33.0951978482738
Angle,2,rbf,3,6,18.28155640169919,23.598730042853056,45.674181052154815,0.746257368228586,30.497406770711855
Angle,3,rbf,3,6,20.56351721501701,25.294641366693202,46.112052233675485,0.7998867931586489,32.5835505142215
Angle,4,rbf,3,6,20.1815864019388,25.350922914955714,47.02797615770856,0.801666571986151,31.951639824770385
Angle,5,rbf,3,6,19.277137080782705,24.455337531502334,45.590848844947715,0.7733456754774716,31.201631728061535
Angle,6,rbf,3,6,18.66544941917091,24.57689007735064,46.99695819495765,0.7771895044801985,29.55307362642269
BendedLine,0,rbf,3,6,13.450591082249932,16.186227297707802,29.03957152594328,0.5118534498594898,31.338252705070325
BendedLine,1,rbf,3,6,13.000795358670057,17.659113827724106,38.87547356761656,0.5584302115578246,29.161494141789202
BendedLine,2,rbf,3,6,13.673143553851299,17.862576263427645,37.62258654709272,0.5648642587089121,29.05492776624588
BendedLine,3,rbf,3,6,15.613536405600351,18.615357312493288,33.75150103302354,0.588669285653496,32.30355568469857
BendedLine,4,rbf,3,6,16.061281952269646,20.017365674577757,39.57941752492981,0.6330046828813859,31.42043246324676
BendedLine,5,rbf,3,6,17.23308505410327,20.80586672947144,39.2225926159819,0.6579392755904807,31.77303896367071
BendedLine,6,rbf,3,6,15.52290213874679,20.061233790776395,41.05117283415812,0.6343919145198721,30.04009267563613
CShape,0,rbf,3,6,18.349660063762766,22.05883751574596,38.66619768049312,0.6975616908532761,34.39681140929729
CShape,1,rbf,3,6,21.29664024144278,25.145439321788707,43.103834891846894,0.7951686102241196,34.86401725440381
CShape,2,rbf,3,6,22.889012395115937,27.830926746684646,50.775169205904604,0.8800911791282349,35.99406512000474
CShape,3,rbf,3,6,19.981964349411996,24.614576444084214,45.63277782747637,0.7783812520363433,34.57459382962165
CShape,4,rbf,3,6,23.74465078764627,28.779758038598946,51.623610269960736,0.9100958591051279,34.678797552135705
CShape,5,rbf,3,6,23.200516436107073,27.80110160956759,50.175177525136434,0.8791480254800675,36.49621642156652
CShape,6,rbf,3,6,21.487753784767293,27.228586424638575,52.039149741870695,0.8610435056859856,32.517302350857584
DoubleBendedLine,0,rbf,3,6,12.276322426749891,14.945395357492902,28.76119789517321,0.4726148986138402,27.498143501266604
DoubleBendedLine,1,rbf,3,6,13.232705770964907,16.154753541025098,30.396912691449568,0.5108581622830969,27.062585867426122
DoubleBendedLine,2,rbf,3,6,13.799232462147156,16.384296378052166,29.800098258737844,0.5181169441389206,28.02062726214504
DoubleBendedLine,3,rbf,3,6,14.579305895722529,17.36387049188787,31.83831015962409,0.5490937975055393,27.756064787967162
DoubleBendedLine,4,rbf,3,6,13.671387162276577,16.571610136136385,31.22318141278461,0.5240403252652396,26.828830591251293
DoubleBendedLine,5,rbf,3,6,14.923393092698577,17.792605748519776,32.817802340695614,0.5626515967472757,27.28881568473457
DoubleBendedLine,6,rbf,3,6,14.7897328385918,17.894540185739846,33.53867837938915,0.5658750466835044,27.13260252584691
GShape,0,rbf,3,6,10.994023353962996,12.385995739460373,19.073581229677387,0.39167957625836264,22.463057203208432
GShape,1,rbf,3,6,13.612610521192977,15.32108699217655,22.944976547671583,0.48449531124856254,23.202033157446287
GShape,2,rbf,3,6,15.402526285428278,17.36796585273724,25.547451397341387,0.5492233041867823,23.11680841590021
GShape,3,rbf,3,6,15.05570278515917,17.149895215818226,27.6429783991982,0.5423273051521054,22.931465330478943
GShape,4,rbf,3,6,13.462759714107248,15.283314010093926,23.723471274375143,0.4833008246745843,22.83104279687208
GShape,5,rbf,3,6,14.843329092504831,16.96258733084448,26.799980961910865,0.5364041097498468,23.882715649042666
GShape,6,rbf,3,6,13.69102035759295,15.507363461672876,23.07644619679359,0.4903858904295952,22.672857987433673
JShape,0,rbf,3,6,13.743267559631091,15.439686090912227,24.697928801165528,0.4882457440530419,28.33042551301727
JShape,1,rbf,3,6,14.422788667285184,16.28761796495007,25.989201041079482,0.5150597042791877,27.07144632048111
JShape,2,rbf,3,6,12.644373461997606,15.135714173150001,27.459807060081694,0.47863330800446163,24.198415991684513
JShape,3,rbf,3,6,15.24030058170545,17.494993016322713,29.377100642669497,0.5532402558031912,27.85486161301648
JShape,4,rbf,3,6,15.37043128185778,17.64012410391505,28.767067732906725,0.5578297037640831,26.852652703374165
JShape,5,rbf,3,6,15.861988024311918,18.361526070843,30.95590088559407,0.5806424370042609,27.00137875823787
JShape,6,rbf,3,6,13.947258637728684,16.69110545075393,30.02796812128629,0.5278190989043383,24.87840217593761
JShape_2,0,rbf,3,6,13.710845745189273,15.924269415942904,28.21967439561595,0.503569614285388,30.88448706492994
JShape_2,1,rbf,3,6,14.986340355818106,17.033544573629687,28.082805963531488,0.5386479747867148,32.39050223486502
JShape_2,2,rbf,3,6,15.581352235364957,17.883772781955503,30.556132179142384,0.565534551479052,29.60178310560716
JShape_2,3,rbf,3,6,15.932096030285248,18.13724147272783,30.443589207785106,0.5735499352628665,29.074954910354773
JShape_2,4,rbf,3,6,17.04760833192322,19.409471054676533,32.5785265089285,0.613781367118884,31.02148408334707
JShape_2,5,rbf,3,6,13.151899174273584,16.25168757227769,28.87575235453859,0.5139234854984982,24.162589264743815
JShape_2,6,rbf,3,6,16.919109433072254,19.39676244524679,33.16016423872977,0.613379485601969,28.460740029285564
Khamesh,0,rbf,3,6,20.99581701380075,26.528461691676704,50.8238278529745,0.838903617662219,38.1350324573922
Khamesh,1,rbf,3,6,19.67545228756156,25.989183973908574,51.71570839954728,0.8218501588669714,34.38217377662746
Khamesh,2,rbf,3,6,20.892233870692166,27.29049229258079,53.87042768735192,0.8630011411182558,35.085069432546
Khamesh,3,rbf,3,6,22.76313762031922,29.14490251656424,56.98999272460431,0.9216427413591628,36.36606601728147
Khamesh,4,rbf,3,6,20.710722329035583,27.845225738769493,56.66118231324999,0.8805433529605633,33.46345265670289
Khamesh,5,rbf,3,6,20.930677511891094,27.14780997061574,53.46387955686634,0.8584891299257453,36.11118351164345
Khamesh,6,rbf,3,6,21.328486760080658,28.472428458093095,57.46063912997965,0.900377244437702,34.51721085866322
LShape,0,rbf,3,6,17.499299334762632,21.39957853197307,41.02361277406127,0.6767140912867727,30.8065195169651
LShape,1,rbf,3,6,18.497468563201416,23.16026162174763,45.41028668721195,0.7323917793010761,32.36140129150578
LShape,2,rbf,3,6,16.657274753305643,21.838521630500164,44.36189442018929,0.6905946908323459,27.73152661495987
LShape,3,rbf,3,6,18.08840242585075,22.69595943002602,44.7006197558217,0.7177092548165914,31.616500034339214
LShape,4,rbf,3,6,21.342333406411132,26.05789325651577,49.05714845251539,0.8240229371613208,35.673882891408496
LShape,5,rbf,3,6,20.627098077556226,24.73505628218844,45.55904580474115,0.7821911590417204,33.427186426505635
LShape,6,rbf,3,6,19.462901516873647,25.229361206289084,50.22530207823428,0.7978224532296673,31.581549840140912
Leaf_1,0,rbf,3,6,15.168741172595947,17.831247293255537,28.66366111925911,0.5638735496839986,32.775026188097726
Leaf_1,1,rbf,3,6,17.811619943095515,20.61755030613202,32.56578880805795,0.6519841874047901,33.64890404343349
Leaf_1,2,rbf,3,6,16.558241997144002,19.356021673925728,33.10190889151987,0.6120911492919029,31.20229253941769
Leaf_1,3,rbf,3,6,15.54538288647566,18.633510587720977,33.45635163263508,0.5892433426206102,29.86821607755208
Leaf_1,4,rbf,3,6,17.17149875640193,20.566059741889333,37.62120316596081,0.650355912794649,30.037406805662258
Leaf_1,5,rbf,3,6,16.022944421904484,19.078669932895853,33.09399984138008,0.603320517145227,31.04431525632477
Leaf_1,6,rbf,3,6,18.028837968745,21.175378805969416,37.46112778917158,0.6696242734372004,31.69711857115037
Leaf_2,0,rbf,3,6,15.280226218461276,17.822107840180426,33.75971363138665,0.5635845348011428,27.25259530750825
Leaf_2,1,rbf,3,6,15.604181831490948,18.126766628898096,33.6057831774222,0.5732186916165014,26.61802791088701
Leaf_2,2,rbf,3,6,15.93135197785892,18.478901648862585,33.748080524089566,0.5843541786864678,26.434193259541185
Leaf_2,3,rbf,3,6,14.779969059563353,17.058619293056314,29.080989384143525,0.5394409070374929,25.881955190003318
Leaf_2,4,rbf,3,6,15.548893608918924,18.17723641935816,31.727328830105883,0.5748146865253537,26.381080024308854
Leaf_2,5,rbf,3,6,15.425563305315805,17.772511381069965,31.608706327460094,0.5620161570544582,26.817857491060323
Leaf_2,6,rbf,3,6,15.602974829352041,18.11347848647282,33.37595801407384,0.5727984836571355,26.46352696884111
Line,0,rbf,3,6,12.18845834973071,17.004159722070955,37.0022504272738,0.5377187441903994,23.813647622632274
Line,1,rbf,3,6,15.550657259971493,21.201904005589462,43.024804123908446,0.6704630738991003,28.920095677526213
Line,2,rbf,3,6,15.376169404375435,20.698077484637718,41.9620593347173,0.6545306803810398,28.181887337050657
Line,3,rbf,3,6,12.497507279973554,17.90183144754077,38.52595546249838,0.5661056166265793,23.60670923234783
Line,4,rbf,3,6,11.177907722283377,16.8726543988004,36.6235122266281,0.5335601807306825,20.54600330251224
Line,5,rbf,3,6,13.895827816848334,19.28088942363839,40.62759207205469,0.6097152589254846,25.38931424088473
Line,6,rbf,3,6,10.731372832767233,15.957323817565694,34.57311828109308,0.504614886243608,21.89981371133447
Multi_Models_1,0,rbf,3,6,8.84630238496772,11.633230711141746,22.879632927517772,0.3678750559342825,30.48443186913657
Multi_Models_1,1,rbf,3,6,9.079223714722582,11.793405344702876,23.70814081376237,0.37294022258864273,29.147823627660582
Multi_Models_1,2,rbf,3,6,8.420488217725422,10.876579997887832,22.01407954742088,0.3439476594635494,28.202659244544332
Multi_Models_1,3,rbf,3,6,8.103264001492908,10.242844446211484,19.259606712280174,0.3239071816883433,37.70649062374731
Multi_Models_1,4,rbf,3,6,8.460092594413702,10.768894240806974,20.489593099126612,0.34054233682419816,37.089876678610935
Multi_Models_1,5,rbf,3,6,3.980676513885367,5.371450154672773,11.132148067466163,0.16986016826829695,29.024691667352034
Multi_Models_1,6,rbf,3,6,3.4562760219574424,4.873887581047411,10.312784875079902,0.15412585815718327,25.88538106156671
Multi_Models_2,0,rbf,3,6,8.771054370588784,10.798081114683894,21.016552126781324,0.3414653068165095,26.46087387108495
Multi_Models_2,1,rbf,3,6,8.399350323431939,10.585454522468275,19.898509591698115,0.33474146359129764,23.800220322828835
Multi_Models_2,2,rbf,3,6,9.109554084823001,10.857835118244775,19.639688624876232,0.3433548943221714,27.500552196016258
Multi_Models_2,3,rbf,3,6,8.975989774151124,11.23069831279035,21.527793478036145,0.35514586382627633,25.661096194679853
Multi_Models_2,4,rbf,3,6,8.293340582579026,9.547949653010562,14.354483705032553,0.3019326788812773,35.413400281522094
Multi_Models_2,5,rbf,3,6,7.734992389236963,9.17086332571448,15.383174932937221,0.29000816219364384,33.085400443150604
Multi_Models_2,6,rbf,3,6,8.008357111042276,9.413627105400245,15.004659493959364,0.29768502696562715,31.713407370742946
Multi_Models_3,0,rbf,3,6,12.318898452316624,15.146505235914896,29.29855173320031,0.47897455137157074,37.68626735637279
Multi_Models_3,1,rbf,3,6,13.398268415400484,16.433375404855706,31.65382240413014,0.519668959239357,38.63087834458412
Multi_Models_3,2,rbf,3,6,13.294967826379981,16.291316014660616,32.09876391649381,0.5151766468790462,35.49885218349506
Multi_Models_3,3,rbf,3,6,12.839757627919784,15.683716998628096,30.531594253324148,0.49596267893164686,35.73209622654675
Multi_Models_3,4,rbf,3,6,8.586138663166548,10.02772514024521,18.60698463926792,0.31710451193306255,28.973141359615877
Multi_Models_3,5,rbf,3,6,7.996825695350069,9.647734120724806,17.846378222905408,0.3050881408121227,23.836382991991655
Multi_Models_3,6,rbf,3,6,8.69826811389763,10.185063600208013,18.306130976379656,0.32207999090331924,27.023144796632817
Multi_Models_4,0,rbf,3,6,13.057335495837517,15.574909488068116,28.059897537140927,0.4925218833326233,31.086638891773404
Multi_Models_4,1,rbf,3,6,11.734562999020715,15.122854370598718,30.06343881379459,0.47822664534124054,27.49724894410947
Multi_Models_4,2,rbf,3,6,15.265830560760755,17.97416857151548,33.17649956285013,0.5683931173380399,32.920975454953975
Multi_Models_4,3,rbf,3,6,14.390641580154751,17.41384958755649,33.277310886620555,0.5506742752826224,30.81792938061231
Multi_Models_4,4,rbf,3,6,9.310714102388992,11.627341725822879,22.039618011250052,0.3676888298671334,36.05135335456262
Multi_Models_4,5,rbf,3,6,9.938796821269479,11.876384520631118,21.239306023444225,0.3755642545316133,38.280089169844345
Multi_Models_4,6,rbf,3,6,10.2538671908786,12.712313213167707,23.530360436787134,0.4019986408306356,36.68814866461151
NShape,0,rbf,3,6,21.326322640901846,24.571227765537166,39.81906623530751,0.7770104464586718,35.02261497069611
NShape,1,rbf,3,6,19.67157509298558,22.88315176811336,37.05977190647089,0.7236287963054743,31.188616872257438
NShape,2,rbf,3,6,20.186073749496746,23.37157533433244,37.03867179036182,0.7390741056270179,31.568477248999802
NShape,3,rbf,3,6,23.407844535473075,26.74718733990515,41.817042944944866,0.8458203299732056,34.91034985547644
NShape,4,rbf,3,6,20.163944711803474,23.172645941645737,37.78683101875634,0.7327834058825776,31.616048421699222
NShape,5,rbf,3,6,20.71060393111121,23.973406554701345,37.90222107401103,0.7581056798606626,31.57410160084272
NShape,6,rbf,3,6,21.007988273913746,24.388994774650076,39.40591707514398,0.7712477332983927,30.66651767323406
PShape,0,rbf,3,6,12.750014882514828,14.260357853731609,22.373031683600313,0.4509521106686216,22.668148016560764
PShape,1,rbf,3,6,14.28238265849133,16.3583939095407,26.00468092268462,0.5172978361637502,22.74891283645108
PShape,2,rbf,3,6,15.407150441719704,17.329093642096815,27.048371765957786,0.5479940569536866,24.178795915274634
PShape,3,rbf,3,6,15.861007820155486,18.109367663433087,27.796285753266574,0.572668488018501,24.81135346577421
PShape,4,rbf,3,6,14.073067359222232,16.00952475316177,25.422892392479792,0.5062656247683615,23.99041065518411
PShape,5,rbf,3,6,15.000343724610529,17.166339208830184,26.32871346761647,0.5428473098695623,23.886046226177818
PShape,6,rbf,3,6,15.292459759380668,17.29373108394313,26.75258892587267,0.5468757946771285,23.55618342899044
RShape,0,rbf,3,6,20.496347863603198,25.545372181985492,46.774303943637875,0.807815597717795,32.86855668395893
RShape,1,rbf,3,6,22.977746784539224,27.574842368489627,47.42970703483968,0.8719930800453928,36.406579442723896
RShape,2,rbf,3,6,21.417268931623564,26.413000751350328,47.522695143589715,0.8352524221400577,34.09863219546345
RShape,3,rbf,3,6,21.4696979625039,26.18159977854949,46.190339344848574,0.8279348808717644,35.26121419776074
RShape,4,rbf,3,6,22.399672867477534,27.353375812499653,49.00406821886073,0.8649896926205775,35.81617832140971
RShape,5,rbf,3,6,21.128108106848362,27.342665533857947,51.62729506645643,0.8646510038717491,32.26343326330578
RShape,6,rbf,3,6,23.00636128799776,28.09440922277247,50.45511024293899,0.8884232266080185,36.06569397691017
Saeghe,0,rbf,3,6,14.805997192818944,18.595850938143027,34.865989033394825,0.5880524399351089,27.62524876463532
Saeghe,1,rbf,3,6,17.04166790262415,20.638328049594854,38.15184309635887,0.6526412373446023,31.64711257502188
Saeghe,2,rbf,3,6,17.09944693641507,20.90731913282871,38.810104515291705,0.6611474822775516,31.18630966541986
Saeghe,3,rbf,3,6,16.936488031221973,20.515149655178696,37.81737202994582,0.6487459944958262,31.403010202620052
Saeghe,4,rbf,3,6,18.233222091559416,21.89103916656662,39.64423794630409,0.6922554411430464,32.854541756160266
Saeghe,5,rbf,3,6,17.243303121882935,21.309635624800887,39.78959920214789,0.6738698468263609,30.329513381169388
Saeghe,6,rbf,3,6,16.79995169205211,21.480411681472575,40.01966232213447,0.6792702599154063,28.797315727173128
Sharpc,0,rbf,3,6,23.11670055802731,27.263780952720477,48.5009741582478,0.8621564543851212,43.102429971997765
Sharpc,1,rbf,3,6,22.55630402717713,26.56778182661835,46.65814522771295,0.8401470295054269,42.48240056838196
Sharpc,2,rbf,3,6,24.568251204984946,29.546487714620064,53.159926924641844,0.934341980363825,41.23752189420523
Sharpc,3,rbf,3,6,24.297122432938473,28.910644728240037,50.302022513138894,0.914234859651782,41.341110360030434
Sharpc,4,rbf,3,6,24.388446521385,29.903072799577313,55.10273670513434,0.9456181908449206,41.63342679851008
Sharpc,5,rbf,3,6,23.851610766258336,29.1570127194233,54.16744035751523,0.9220256995987758,40.91474620547957
Sharpc,6,rbf,3,6,25.530464014412605,30.883022572019794,55.480109114981985,0.9766069235797401,41.13711011911578
Sine,0,rbf,3,6,15.811300732211228,20.333036440724303,41.34589386393561,0.6429870689989204,31.621616393505455
Sine,1,rbf,3,6,15.609402168106932,19.83081292992859,39.514696593192596,0.6271053671129143,30.236429204924338
Sine,2,rbf,3,6,16.117875252410013,20.642671452679654,41.87055703164299,0.6527785878100442,30.58953994268585
Sine,3,rbf,3,6,16.859024247380315,21.824361282234207,43.95240892878268,0.6901469013025296,29.856487467394267
Sine,4,rbf,3,6,15.496312348842352,19.324798034618095,37.516142773825116,0.611103771121386,30.036701510940258
Sine,5,rbf,3,6,16.74339127715953,21.415419213442323,42.72518849298246,0.6772150176180936,31.92725230504456
Sine,6,rbf,3,6,16.56414306002285,20.98980483706543,41.79720149937264,0.663755909275462,30.49948114421848
Snake,0,rbf,3,6,14.887489757828968,17.314129701362624,34.73458497270568,0.5475208555987685,26.214483971035516
Snake,1,rbf,3,6,14.501819461746027,17.14542787919103,34.28680495674915,0.5421860355639391,25.333206456227938
Snake,2,rbf,3,6,14.997234731431389,17.378640302786835,31.187146734856164,0.5495608599360465,25.26010193731836
Snake,3,rbf,3,6,15.609179032351392,17.911713378262384,33.018509021043734,0.5664181107141824,27.06956323106771
Snake,4,rbf,3,6,15.033863162055017,17.32452262959411,32.594490348139125,0.54784950884647,25.13641451158306
Snake,5,rbf,3,6,13.851737105676246,15.931414299598316,28.20336045927831,0.5037955553450681,24.01769294328979
Snake,6,rbf,3,6,14.127867260734329,16.333715302608045,28.735387892649396,0.5165174300898782,23.520164425141147
Spoon,0,rbf,3,6,14.381376819338339,17.33567360793566,32.80085367908047,0.5482021337434551,28.305475323796564
Spoon,1,rbf,3,6,14.297406048940926,17.238823136505236,32.24571792350125,0.5451394529216429,26.82390330043867
Spoon,2,rbf,3,6,13.859787817516203,16.79178592941752,31.075979870526584,0.5310028951892675,26.301911707577275
Spoon,3,rbf,3,6,14.249620312211684,17.303860261273933,32.64996945907495,0.5471961073890194,26.26077195316846
Spoon,4,rbf,3,6,13.651104405964011,16.590060012234478,31.23634903305697,0.5246237615754183,26.114261014782997
Spoon,5,rbf,3,6,13.185240129479869,16.165335231107353,30.684326130143255,0.5111927847046362,24.981572173408708
Spoon,6,rbf,3,6,12.941134390053572,15.601444296731726,28.647113940195993,0.49336098765916114,24.66160817738006
Sshape,0,rbf,3,6,22.40377024765465,25.784430554094023,42.98823853373924,0.8153752872137451,38.2262728006588
Sshape,1,rbf,3,6,21.30518753436869,24.854462174102782,42.411422597577555,0.7859671048866523,35.72312378315492
Sshape,2,rbf,3,6,22.044999583137113,25.525648180917976,42.83858558478514,0.8071918700383455,34.218200730676536
Sshape,3,rbf,3,6,22.43720478342096,25.87828848017902,42.76681167188888,0.8183433354426284,34.08913425521365
Sshape,4,rbf,3,6,21.830753258699175,25.260264687867927,40.35871327664799,0.7987997071238492,33.11688784746825
Sshape,5,rbf,3,6,22.512158655915112,25.938341027459668,41.46864056311439,0.8202423637296463,34.372394081302396
Sshape,6,rbf,3,6,23.674980246224937,27.37671822491138,44.120238099483984,0.8657278445136178,35.50489451860458
Trapezoid,0,rbf,3,6,17.689110236184632,21.707847367215038,40.26577266168434,0.6864624077968908,36.07917335410893
Trapezoid,1,rbf,3,6,18.99293864239232,23.99075124339956,45.50635222165672,0.7586541670765918,34.594644936661744
Trapezoid,2,rbf,3,6,17.36472701109345,21.478274119323835,39.79350220956408,0.6792026642651044,34.495125081662266
Trapezoid,3,rbf,3,6,18.649365814139745,23.316699151332013,43.20116864145596,0.7373387683512422,33.794280179668895
Trapezoid,4,rbf,3,6,19.04808534256013,24.0003874985327,45.07303129782207,0.7589588922199442,34.81499075189209
Trapezoid,5,rbf,3,6,20.914951222583475,25.36126591779704,45.4033658223667,0.8019936464543929,37.39131587833556
Trapezoid,6,rbf,3,6,19.094758682840737,23.58083855917222,43.33031049097801,0.7456915898370743,35.02650529570483
WShape,0,rbf,3,6,19.32530390356002,23.928484318148193,44.81294654465684,0.7566851140096943,39.24074922092711
WShape,1,rbf,3,6,21.89174411358728,26.50600414342021,48.76352340327233,0.8381934476306823,41.59051163439086
WShape,2,rbf,3,6,20.725298102267544,24.808672393797657,46.624805702822414,0.7845191048934232,40.34495995452953
WShape,3,rbf,3,6,21.486845325212943,26.29027505811187,49.9729339782476,0.8313714949594911,39.7091383237586
WShape,4,rbf,3,6,21.531643348647314,26.568161219666948,50.58054203365361,0.8401590269670467,37.971103065459424
WShape,5,rbf,3,6,20.308719919530834,25.028361744175214,48.817478427569874,0.7914662921421818,37.41086200528128
WShape,6,rbf,3,6,20.679098561148304,25.287036184267112,47.27579913439605,0.7996462961737735,39.524663005184195
Worm,0,rbf,3,6,15.825693663807893,19.71239197824537,37.372024529428785,0.6233605678128771,32.098601645470104
Worm,1,rbf,3,6,15.324579798672774,19.224153073781395,35.787998083733754,0.607921098008762,30.896732215705427
Worm,2,rbf,3,6,14.951887427063546,19.066230276208596,36.3109563664322,0.6029271406608043,29.945975802083098
Worm,3,rbf,3,6,15.799004635943476,19.349444116413228,35.66588175226931,0.6118831486601003,31.222296375631743
Worm,4,rbf,3,6,14.416800186930532,19.068342895615046,37.116083460842916,0.6029939475523389,28.198145401825947
Worm,5,rbf,3,6,15.865777677073817,19.91716615422882,37.51183026593825,0.6298360958337954,30.35226357196687
Worm,6,rbf,3,6,15.465104028638727,19.39966928373926,36.58437506919282,0.6134714079062337,30.250696682650716
Zshape,0,rbf,3,6,20.710548398739366,24.049488576431266,39.61631937504065,0.7605116046372323,36.82968176058196
Zshape,1,rbf,3,6,22.164899689076126,25.523465291562882,41.245091672455146,0.8071228410159232,36.627426485783666
Zshape,2,rbf,3,6,21.24947200917917,24.475960369026488,38.478761036635404,0.7739978268613907,37.68745043427106
Zshape,3,rbf,3,6,23.5192218492436,27.137921791207706,43.93255260765655,0.8581764382373277,37.777770796655496
Zshape,4,rbf,3,6,22.87963569789289,26.428904955611312,41.72909303296315,0.8357553572384303,37.83383724568138
Zshape,5,rbf,3,6,26.19725994397774,30.0516732299761,48.322390802332,0.9503173490583354,39.40147906558781
Zshape,6,rbf,3,6,24.988762648469077,28.61209738125723,44.71155213786682,0.9047939635931194,39.39798367145212
heee,0,rbf,3,6,16.60303283133441,18.755659015979663,29.005311006324153,0.5931060150796814,30.68650091648976
heee,1,rbf,3,6,14.556437222075687,16.395411903477598,26.76903258083442,0.5184684479162593,24.521115395655684
heee,2,rbf,3,6,14.445806926039,16.294769902615204,25.7108177040296,0.5152858684062416,25.404277012530986
heee,3,rbf,3,6,13.974095448334731,15.72497742714075,24.5270284935719,0.4972674482449924,23.770526655020678
heee,4,rbf,3,6,14.891001880201337,16.710348642871153,26.621457503416966,0.5284276220697645,24.529901596638524
heee,5,rbf,3,6,13.511744963649697,15.292557068387836,23.300458668011505,0.483593115842129,22.394898021746798
heee,6,rbf,3,6,14.401607392047698,16.255278218619903,25.828767517018857,0.5140370317056336,22.790986054577285
Angle,0,rbf,7,14,1.7205841988768413,1.970682939175151,3.860065659241321,0.062318466338285416,2.924654086998208
Angle,1,rbf,7,14,1.6733045225249845,1.8950262575361447,3.553456263054677,0.0599259919963904,2.8049165782930814
Angle,2,rbf,7,14,1.6615863739384216,1.9182562278936628,3.8679113306121287,0.06066058815946993,2.7718687849773143
Angle,3,rbf,7,14,1.73803231977761,1.985995032998046,3.9927985823916985,0.06280267726055085,2.7539677816140795
Angle,4,rbf,7,14,1.6267270130926301,1.9219066007858092,4.280370988199509,0.06077602308595113,2.575446477813408
Angle,5,rbf,7,14,1.8660359633728167,2.177770121942722,4.620744128938522,0.06886713805601635,3.020332670587262
Angle,6,rbf,7,14,1.4689341347503677,1.7851351459315365,4.182218705054827,0.05645092992360718,2.3257687324718805
BendedLine,0,rbf,7,14,1.4905659010631604,1.7973577505974896,3.742870021476831,0.05683744262044932,3.472838524005186
BendedLine,1,rbf,7,14,1.2138112060349522,1.5305673781465905,3.720869959661964,0.04840079027295451,2.7226448380653
BendedLine,2,rbf,7,14,1.4590137138995487,1.8359533505737398,4.755158627664361,0.05805794265630622,3.1003505448732853
BendedLine,3,rbf,7,14,1.5196854333785499,1.9655965315161783,4.916620493500187,0.062157620005180624,3.1441463192644137
BendedLine,4,rbf,7,14,1.643042932509074,2.021305294041057,5.0551437809889315,0.06391928575726114,3.2142589644172856
BendedLine,5,rbf,7,14,1.837740519867767,2.230623343171178,4.674685073614111,0.07053850366360322,3.388284857850915
BendedLine,6,rbf,7,14,1.5943796479726038,1.9878255489428713,4.463075449252616,0.06286056325733987,3.0854612080361834
CShape,0,rbf,7,14,1.719117520655593,1.8787266715990303,3.399975441048943,0.059410553831601084,3.2225207956404827
CShape,1,rbf,7,14,1.9731067919790664,2.205202959273265,4.62532301236716,0.06973464054247046,3.2301071183272803
CShape,2,rbf,7,14,1.9818025063133198,2.2420456428419993,4.250302410068066,0.07089970849437108,3.1164790876888735
CShape,3,rbf,7,14,1.914592648319313,2.150426895920446,4.776765927206119,0.06800246932794458,3.31280058393097
CShape,4,rbf,7,14,2.117268619368136,2.3560119758008864,4.279497970949686,0.07450364038164307,3.0922471958508755
CShape,5,rbf,7,14,2.0273308765904856,2.3332391357791997,4.462673228980497,0.0737834999490514,3.1891491137248864
CShape,6,rbf,7,14,2.190528184199528,2.5312820530718176,4.974060571420181,0.08004616688014159,3.314914531652268
DoubleBendedLine,0,rbf,7,14,1.5515804674396576,1.7609285705870832,3.714229416756823,0.0556854507991977,3.4754367687875702
DoubleBendedLine,1,rbf,7,14,1.7571419393308556,1.954280666151891,4.375186227782624,0.061799780922711045,3.593581345905605
DoubleBendedLine,2,rbf,7,14,1.5518214878743555,1.8049129029384534,4.244507519914505,0.05707635751511929,3.1511181225762686
DoubleBendedLine,3,rbf,7,14,1.7775012516388997,2.0227790918246127,4.551097282406529,0.06396589133532656,3.3840047155919133
DoubleBendedLine,4,rbf,7,14,1.7140277709842566,2.002617710657444,4.929945701005804,0.06332833248269579,3.3636206882739725
DoubleBendedLine,5,rbf,7,14,1.8320798802981362,2.0455476133416197,4.3620613158140555,0.0646858952048095,3.3501288790434067
DoubleBendedLine,6,rbf,7,14,1.708184548258378,1.9518700127225779,4.124183836327189,0.061723549367851786,3.1337612987673746
GShape,0,rbf,7,14,2.1087641225571514,2.2781891836059516,3.9000164755049695,0.0720426676095434,4.308640029948618
GShape,1,rbf,7,14,2.3983083851560316,2.587967300850387,4.347727414943111,0.0818387118072544,4.087800101790839
GShape,2,rbf,7,14,2.505009961372291,2.7385287109215852,4.487920628751319,0.08659988164277038,3.7596323021210587
GShape,3,rbf,7,14,2.57889168734608,2.816935777005756,4.917363017891823,0.08907933077754358,3.9279312406280193
GShape,4,rbf,7,14,2.4889834581011048,2.647585184692073,4.678849760724564,0.08372399482944515,4.220983591727223
GShape,5,rbf,7,14,2.8171045844868727,3.038491259545285,5.13686467736554,0.09608553030676936,4.5326831552153415
GShape,6,rbf,7,14,2.4510914536460056,2.685772708165639,5.224943742574946,0.08493159035322129,4.05910202389756
JShape,0,rbf,7,14,1.3970135889563897,1.542013231688758,3.1496502876195973,0.04876273994253407,2.8798092775881545
JShape,1,rbf,7,14,1.5336391357415193,1.6756612087925549,3.2728239164248745,0.05298906006575438,2.878627046126616
JShape,2,rbf,7,14,1.381253009462349,1.4866713394471993,2.8709016905048657,0.0470126756474648,2.6433998499958564
JShape,3,rbf,7,14,1.5258038808730157,1.6618650521534497,3.068808538453561,0.05255278728639412,2.7887281961708728
JShape,4,rbf,7,14,1.5901085799858168,1.7550093162959033,3.5616975034947327,0.05549826754309917,2.7779723727995314
JShape,5,rbf,7,14,1.6213627384702147,1.8142972733181746,3.7691948088975575,0.05737311736318468,2.759996372385809
JShape,6,rbf,7,14,1.6233099181630632,1.773743466515906,3.617683284809231,0.0560906933903287,2.8955766899599
JShape_2,0,rbf,7,14,1.3745093377397601,1.4936941707653222,2.856628751032627,0.04723475707334911,3.09616318723036
JShape_2,1,rbf,7,14,1.4319011609067949,1.595012771903446,3.026007333488704,0.0504387325627351,3.0948181244563404
JShape_2,2,rbf,7,14,1.467349205568012,1.6163329711447452,3.1692068619774623,0.05111293646044609,2.787701110101493
JShape_2,3,rbf,7,14,1.4991677337511855,1.6375380264766823,3.2909343623704728,0.051783499188034286,2.7358756926281256
JShape_2,4,rbf,7,14,1.675334744375673,1.8391590847212533,3.7588437382083857,0.05815931687109743,3.0486018387463227
JShape_2,5,rbf,7,14,1.6862866729912795,1.9623876152550253,3.968761165766513,0.06205614516312068,3.0980356313710957
JShape_2,6,rbf,7,14,1.62357115784955,1.7555196200641923,3.0151780214142194,0.05551440476516276,2.7311151822375512
Khamesh,0,rbf,7,14,1.65132855277916,1.891587152750081,4.447996943238236,0.059817237954030926,2.9993340062288922
Khamesh,1,rbf,7,14,1.6623045551228557,1.9177817504571644,4.765059082656969,0.06064558386549301,2.9048198358339574
Khamesh,2,rbf,7,14,1.6886474735080794,1.9620675036970734,4.925519388145062,0.06204602234683595,2.8358056023025693
Khamesh,3,rbf,7,14,1.7618011587959048,2.1000033285561246,5.460427446238567,0.06640793612172272,2.814628559505075
Khamesh,4,rbf,7,14,1.8066775860958189,2.201636048977533,6.074048179780595,0.06962184493503026,2.9191482995011
Khamesh,5,rbf,7,14,1.6576496715892035,1.999561628755502,5.157006832776524,0.06323169068743423,2.8599022394170404
Khamesh,6,rbf,7,14,1.9507027271125832,2.320219018051263,6.1851372926845505,0.07337176767481322,3.156943017651749
LShape,0,rbf,7,14,1.5830935584742374,1.8933854721619696,4.120332716475662,0.059874105807051554,2.786946018429249
LShape,1,rbf,7,14,1.4743575701858918,1.7520017495993245,3.922250226583002,0.05540315993333859,2.5793949487160166
LShape,2,rbf,7,14,1.3753628375707538,1.6833074488993545,3.8922453764136704,0.053230855408494544,2.2897449733036916
LShape,3,rbf,7,14,1.586339281996992,1.8191523540456118,3.6815136503666137,0.05752664849641156,2.7727432629458777
LShape,4,rbf,7,14,1.65623525939937,1.9038465339081325,3.6708330382861254,0.060204913625666885,2.768410630614835
LShape,5,rbf,7,14,1.839392738985942,2.116826411392269,4.557140758089006,0.0669399287120017,2.980822787891081
LShape,6,rbf,7,14,1.6358569138639003,1.9522043161828952,4.048229121864018,0.06173412097149457,2.6544293311941165
Leaf_1,0,rbf,7,14,1.7600608375904454,1.9469584048123851,3.3979027180338686,0.0615682306881527,3.8029549972735013
Leaf_1,1,rbf,7,14,1.7859456314971385,1.9581138054610971,3.211503407363903,0.061920995430769205,3.3739274346200983
Leaf_1,2,rbf,7,14,1.8405558512378586,2.0290712617830997,3.9798645629351004,0.06416486722026361,3.4683369234104786
Leaf_1,3,rbf,7,14,1.8510892106559762,2.0551060641083105,4.395208225249808,0.06498815995806277,3.556601527698537
Leaf_1,4,rbf,7,14,2.116413195981723,2.3610806740630963,4.98980500790681,0.07466392669445028,3.7021558245097195
Leaf_1,5,rbf,7,14,1.6858885133737758,1.8698541101526776,3.547455461591141,0.059129978803098365,3.2663943104391917
Leaf_1,6,rbf,7,14,1.7903481067216072,2.111789396347574,5.065638290129778,0.06678064431050398,3.147672430179352
Leaf_2,0,rbf,7,14,2.111183450953174,2.3997720897845083,5.059669995420431,0.07588745669021137,3.7653387709157466
Leaf_2,1,rbf,7,14,1.8999250995649835,2.198414136404129,4.487824319553831,0.06951995911349136,3.2409427084959463
Leaf_2,2,rbf,7,14,1.9621953185981567,2.2462199328719894,4.8951314172939036,0.07103171113546008,3.255784589837526
Leaf_2,3,rbf,7,14,1.9974172268509691,2.192899777113463,4.367184554582079,0.06934557976154124,3.4977788487078723
Leaf_2,4,rbf,7,14,1.9012028440675504,2.12803863388784,4.348944806459889,0.06729449031918754,3.2256818802220133
Leaf_2,5,rbf,7,14,1.7594868663258054,2.005950884080186,4.138257597607373,0.06343373668121784,3.058926737687245
Leaf_2,6,rbf,7,14,1.8475134677649154,2.160138284282581,4.32206499838907,0.06830957039261257,3.1334872365184974
Line,0,rbf,7,14,0.8839600803171989,1.3880314451840208,4.534075637124237,0.04389340830716659,1.7270694341432096
Line,1,rbf,7,14,1.0945919802074904,1.493180958288064,4.003490270406105,0.04721852786983157,2.035650600887305
Line,2,rbf,7,14,1.0588619642790018,1.4152291701200328,4.080395219430692,0.044753475886892144,1.9407127873023775
Line,3,rbf,7,14,0.958538922889099,1.4317920507903266,4.622004931942287,0.04527724016220919,1.8105970361618162
Line,4,rbf,7,14,0.8267273683952245,1.346130318512711,4.4097020272021865,0.0425683783390809,1.5195995228573704
Line,5,rbf,7,14,1.0212973444745903,1.515436639257249,4.721779025132134,0.04792231429723846,1.8660305491700873
Line,6,rbf,7,14,0.866796585057828,1.284414506101649,3.9870797168043266,0.04061675299041447,1.768896117412442
Multi_Models_1,0,rbf,7,14,0.8299063606522391,0.9890438489314339,2.705095687629592,0.03127631268402823,2.859864247016533
Multi_Models_1,1,rbf,7,14,0.7890815829737592,0.9050647230911253,1.8487788863127421,0.02862065954837546,2.533257416166347
Multi_Models_1,2,rbf,7,14,0.7143828809064394,0.8348411813754277,1.8256744868120938,0.026399996176520932,2.3926756310790886
Multi_Models_1,3,rbf,7,14,0.5637330185815238,0.6533114682825303,1.3455251656613543,0.02065952261281648,2.6231890970755507
Multi_Models_1,4,rbf,7,14,0.5467535114362764,0.654668724969754,1.2613181978750412,0.0207024428378277,2.3970210829795713
Multi_Models_1,5,rbf,7,14,0.2584738234182418,0.3398501476985264,0.8212129610570092,0.010747005298719742,1.8846351876690337
Multi_Models_1,6,rbf,7,14,0.2855353253679757,0.38685291719390663,1.1392449573464067,0.012233363378132587,2.138483922213634
Multi_Models_2,0,rbf,7,14,0.7555905172685697,0.8757949879851903,1.7964627091274346,0.027695069253930015,2.2794962305414748
Multi_Models_2,1,rbf,7,14,0.8089147078239282,0.9079468907572286,1.8049408807068799,0.02871180169260924,2.2921235008947427
Multi_Models_2,2,rbf,7,14,0.7888650345663314,0.8879823464699022,1.7706000782218392,0.028080467368656686,2.38148035092599
Multi_Models_2,3,rbf,7,14,0.77419509334909,0.8898508593476392,1.7371547656773052,0.02813955493396674,2.2133152180154947
Multi_Models_2,4,rbf,7,14,0.6590970496281083,0.7428231511121658,1.4528789774150823,0.02349013056217882,2.8144108408956714
Multi_Models_2,5,rbf,7,14,0.8154042664757328,0.9839177390893101,2.579450982143097,0.031114210857655058,3.4877832222488347
Multi_Models_2,6,rbf,7,14,0.7823370875539775,0.9086609392127305,2.1215867027158604,0.028734381887400358,3.098085464324507
Multi_Models_3,0,rbf,7,14,1.4647568073257469,1.6674201443400138,3.510937755209936,0.0527284547256116,4.481018888711133
Multi_Models_3,1,rbf,7,14,1.6196690561026004,1.8511201398599206,4.17156862734428,0.05853755864566792,4.6699496028059455
Multi_Models_3,2,rbf,7,14,1.684781294756583,1.916817758503386,4.324074033908073,0.06061509976329285,4.49852928755572
Multi_Models_3,3,rbf,7,14,1.6049284965514825,1.8445128471350876,4.189400213041918,0.058328617703888606,4.466397352454982
Multi_Models_3,4,rbf,7,14,1.1834089279304156,1.389682641581554,2.696959788110669,0.0439456237219713,3.993305431025315
Multi_Models_3,5,rbf,7,14,1.2049660803434177,1.3968323004507452,2.8464665106353633,0.04417171578716997,3.591679258449481
Multi_Models_3,6,rbf,7,14,0.8932762352447695,1.0442666969423888,1.9871692063473811,0.033022612469987396,2.775165438950108
Multi_Models_4,0,rbf,7,14,1.2282322766641578,1.3194801393602644,2.3334173258800526,0.04172562567734824,2.924150434217695
Multi_Models_4,1,rbf,7,14,1.0914156464908478,1.147540349548062,1.8203982667226943,0.0362884121151765,2.55748149595
Multi_Models_4,2,rbf,7,14,1.440073287850324,1.6274426037488905,3.6683126467266463,0.051464253890413765,3.1055380297823003
Multi_Models_4,3,rbf,7,14,1.1250811494663717,1.2732351985257204,2.494891049606575,0.040263232244379374,2.4093902428594784
Multi_Models_4,4,rbf,7,14,0.7521402907589828,0.9177171466748111,2.082007679211912,0.02902076431283223,2.912308883740515
Multi_Models_4,5,rbf,7,14,0.825865920110246,0.9448535783220808,1.7561907477385605,0.0298788936285807,3.1808901653467636
Multi_Models_4,6,rbf,7,14,0.8032944821840268,0.8981711638207753,1.842539020615834,0.02840266606357872,2.8741729179061513
NShape,0,rbf,7,14,2.748189990810545,2.9599434499232533,5.078908754413434,0.09360163047054025,4.513145633925777
NShape,1,rbf,7,14,2.8455108974323977,3.239647381386754,6.354415053162931,0.1024466454098232,4.511461271725912
NShape,2,rbf,7,14,2.891821813381106,3.3008597531959447,6.510232174640381,0.10438235056880446,4.522445139989581
NShape,3,rbf,7,14,2.7122631452037496,2.970734022579712,5.98345087873534,0.09394285833905969,4.045056568779207
NShape,4,rbf,7,14,2.6104600627954397,2.90488613026203,6.002137920984912,0.0918605651506059,4.09306973054435
NShape,5,rbf,7,14,2.7049039760633624,3.077167139134321,5.932207039322191,0.09730856900688709,4.123728754836253
NShape,6,rbf,7,14,2.919020078525065,3.4345248248896447,7.327318210699447,0.10860921127042239,4.261054397948656
PShape,0,rbf,7,14,1.68709768259282,1.8291754878143451,2.9020607039697475,0.05784360781642902,2.9994772821682796
PShape,1,rbf,7,14,1.844041093940543,1.9563404374894549,3.302111296291971,0.061864916611569364,2.9371800991445043
PShape,2,rbf,7,14,1.9765964832373561,2.125811100357682,3.16236723861543,0.06722404952399057,3.1019183693848067
PShape,3,rbf,7,14,1.9013526459370305,2.0677315411336643,3.7017356077935513,0.06538741259752522,2.9742834185782687
PShape,4,rbf,7,14,1.7213615691794308,1.849208118610502,3.203916705456478,0.05847709522483989,2.934411516449172
PShape,5,rbf,7,14,2.1363773564135116,2.284233715953504,4.085610396844239,0.07223381250563168,3.4018959317665662
PShape,6,rbf,7,14,1.8095380124442773,1.9829502794247762,3.903895387288823,0.06270639369849616,2.787374301686212
RShape,0,rbf,7,14,1.7214889618801685,1.9878251705283705,3.9214400917172374,0.06286055129082266,2.760631206149954
RShape,1,rbf,7,14,1.862977591601175,2.0914721771765565,3.7976117338042763,0.06613815742749148,2.951753377936909
RShape,2,rbf,7,14,1.8993023274637744,2.1570728312578082,3.987267833333155,0.06821263225642724,3.023896823583727
RShape,3,rbf,7,14,1.790201704904162,2.0889744876521674,4.841243063605131,0.06605917354964135,2.9401757716418384
RShape,4,rbf,7,14,1.6338489081132082,1.9241558675708714,3.7763927268173556,0.06084715114701274,2.612458859976782
RShape,5,rbf,7,14,1.9453312181080944,2.2487896634229023,4.349963524322807,0.07111297315059814,2.9705955503944117
RShape,6,rbf,7,14,1.7749395081322676,2.0131476748119717,3.634688546314691,0.06366131918677816,2.782466306882769
Saeghe,0,rbf,7,14,1.4626007273608752,1.7601856028444207,4.414750271692173,0.055661956096249236,2.728942090862845
Saeghe,1,rbf,7,14,1.6151786376959245,1.8287220609512755,3.659393762254798,0.05782926920003296,2.9994564187031467
Saeghe,2,rbf,7,14,1.527345804871973,1.7077747417944429,3.3494422085952293,0.054004579145763884,2.785603500162297
Saeghe,3,rbf,7,14,1.571426044999851,1.718441679771581,3.13887414006148,0.05434189734243894,2.9136800990159446
Saeghe,4,rbf,7,14,1.631810097537897,1.780878115898992,3.085896662666181,0.05631631081390136,2.940367463219856
Saeghe,5,rbf,7,14,1.5906909675345733,1.8278523911654265,3.684882453115827,0.05780176782667783,2.797891021466708
Saeghe,6,rbf,7,14,1.6851582312739404,2.056176475100023,4.750648086802204,0.06502200932572566,2.8885817367676374
Sharpc,0,rbf,7,14,1.82416587776205,2.044087561202536,3.8039250171265637,0.06463972430218845,3.401263160639229
Sharpc,1,rbf,7,14,2.0339409187870343,2.2540539825742987,4.48348416357895,0.07127944553908272,3.830711482706825
Sharpc,2,rbf,7,14,2.226931707012956,2.487356318372663,4.9501129209572285,0.0786571131846854,3.7378787874903154
Sharpc,3,rbf,7,14,2.1209771752420177,2.380411431398422,5.192553918534169,0.07527521891520664,3.608803952599645
Sharpc,4,rbf,7,14,1.9525860817076763,2.1841320654602465,4.470006758124664,0.06906832037462358,3.3332524738418483
Sharpc,5,rbf,7,14,2.1167102518603724,2.4414858076033785,5.029168482622705,0.07720656027002319,3.6309775299502665
Sharpc,6,rbf,7,14,2.167692639049804,2.4885569546281143,5.355565920836568,0.07869508063677141,3.492792404660105
Sine,0,rbf,7,14,1.8432232789677307,2.092092228923014,4.057846569416807,0.06615776518535117,3.686331721991449
Sine,1,rbf,7,14,1.7360181831142736,1.9661012691679594,3.6251459114861397,0.06217358121118536,3.3627803503868643
Sine,2,rbf,7,14,1.8565539932330617,2.0464571533829674,3.588558685362125,0.06471465738634731,3.5234875343301844
Sine,3,rbf,7,14,2.1184257354475853,2.3321999642429203,4.2222308283296455,0.07375063845970879,3.751625864754563
Sine,4,rbf,7,14,1.5715382140289207,1.76140834139145,3.6009096421080415,0.05570062248416421,3.0461327304976007
Sine,5,rbf,7,14,1.8696674726822393,2.0702121006902923,3.6699625291493123,0.06546585477823162,3.565188445920836
Sine,6,rbf,7,14,1.7175407264211122,1.891270367453344,3.34074919889196,0.05980722032336152,3.162499913825047
Snake,0,rbf,7,14,2.2785341122841474,2.703404732177234,6.705866314038853,0.08548916390957546,4.012133471495391
Snake,1,rbf,7,14,2.4160218856141444,2.893586655957599,7.575074874449367,0.0915032443989604,4.2205449731656675
Snake,2,rbf,7,14,2.5343416445024776,3.0301207815430824,7.465838192592511,0.0958208325508564,4.268635480509916
Snake,3,rbf,7,14,2.3873703917523006,2.752483781624745,6.460905207524585,0.08704117972607711,4.140196844534659
Snake,4,rbf,7,14,2.8061361831127396,3.261322763121489,7.557552479004397,0.10313208116417696,4.691821490879633
Snake,5,rbf,7,14,2.6613873631946974,3.1780805228069635,7.906564031742787,0.10049973039488705,4.614611438602039
Snake,6,rbf,7,14,2.817713388086894,3.4065066165101987,8.335339656128436,0.10772319772605973,4.690947399747907
Spoon,0,rbf,7,14,1.1514820951226847,1.3037783337590911,2.472604255978034,0.041229090986579266,2.266351020401695
Spoon,1,rbf,7,14,1.2603963962257048,1.425757043061153,3.1655487248018646,0.04508639646100011,2.364677266411137
Spoon,2,rbf,7,14,1.2820445639197637,1.4533751086269757,2.7922719250743477,0.045959756378558765,2.432953763028098
Spoon,3,rbf,7,14,1.2760803931152331,1.4747909516227649,2.982750613681623,0.046636984797351344,2.3517016919244127
Spoon,4,rbf,7,14,1.219732623358024,1.379612505606791,2.884580492041625,0.04362717806169278,2.3333215502110933
Spoon,5,rbf,7,14,1.3215521077284293,1.5466703444988603,3.231165692835164,0.04891001078053677,2.5038944331642226
Spoon,6,rbf,7,14,1.1858915849676024,1.3151313859412266,2.515032606203389,0.0415881060194822,2.2599250365409547
Sshape,0,rbf,7,14,2.93892584700242,3.2425036910702842,6.328722198107575,0.10253696985285073,5.014521213463281
Sshape,1,rbf,7,14,2.5181466197630398,2.876017023550669,5.417384633792917,0.09094764383838234,4.222261045898546
Sshape,2,rbf,7,14,2.8039018457586633,3.13230944508766,5.738753221566557,0.0990523218293512,4.352210387913784
Sshape,3,rbf,7,14,2.797562880136682,3.0617235783485137,5.198826736018771,0.09682020073422297,4.250373320960578
Sshape,4,rbf,7,14,2.8980613217449234,3.231509623161884,5.983062506773991,0.10218930689943963,4.396310591301652
Sshape,5,rbf,7,14,2.7542418930273227,3.097166801382909,6.2131167316357745,0.09794101385828329,4.205278098352987
Sshape,6,rbf,7,14,2.8636534428017293,3.16320142358537,6.133314615795782,0.10002921196416828,4.294563812391205
Trapezoid,0,rbf,7,14,1.4504503725092246,1.6607112225500065,3.673520307902851,0.052516299990608035,2.958376635826737
Trapezoid,1,rbf,7,14,1.585026399041153,1.83768796641744,3.8681078976012975,0.058112796025621284,2.8870427332227453
Trapezoid,2,rbf,7,14,1.4228730933042475,1.5764944331070512,3.1439597631505642,0.049853131271942415,2.826545173874924
Trapezoid,3,rbf,7,14,1.567431376342462,1.759623180874906,3.1970186454689706,0.05564417075195138,2.840322594474487
Trapezoid,4,rbf,7,14,1.5551818872234946,1.7317188377371264,3.5391096113572678,0.05476175794268865,2.8424716735293116
Trapezoid,5,rbf,7,14,1.4371938053175248,1.611114206724301,2.8953613101591102,0.050947904639041565,2.5693852680368203
Trapezoid,6,rbf,7,14,1.6785716171460996,1.929200895588443,3.6341917852546035,0.06100668894096163,3.0790908968136166
WShape,0,rbf,7,14,2.4532966570317787,2.7460631243034994,5.681763852475588,0.0868381407139714,4.981510219116843
WShape,1,rbf,7,14,2.4947338617466683,2.8367281414811,5.8689080603487955,0.0897052202977665,4.739561049285512
WShape,2,rbf,7,14,2.5970970737283765,3.033492740234703,7.454673285158183,0.09592746324727164,5.055646337175401
WShape,3,rbf,7,14,2.706216574638538,3.1148347503534293,7.268414168350675,0.098499723461588,5.001270622554961
WShape,4,rbf,7,14,3.029551821024479,3.401670152955811,7.481681037511882,0.10757025531953714,5.342621674322768
WShape,5,rbf,7,14,3.0976738242595956,3.518653916036181,7.870577955269639,0.111269606725452,5.706250735443932
WShape,6,rbf,7,14,2.7305828968299166,3.0681514350759636,6.487163977115831,0.09702346741154275,5.219055776816658
Worm,0,rbf,7,14,1.3685241703235793,1.5904459049302844,3.4145010487375123,0.0502943155486732,2.775721122788649
Worm,1,rbf,7,14,1.2172080367528062,1.3837606429647307,2.8151317006332373,0.04375835368267601,2.454080389572124
Worm,2,rbf,7,14,1.2369888802309417,1.3794447454507395,2.5997089813302656,0.04362187301975531,2.477469099171557
Worm,3,rbf,7,14,1.4384123070416568,1.6173302821075952,3.5034265583746427,0.05114447420222671,2.842618025355676
Worm,4,rbf,7,14,1.1804768137828792,1.335924021872754,2.5758156634520084,0.04224562690050504,2.30892128675753
Worm,5,rbf,7,14,1.3622566481335228,1.4953683572554437,2.5974252178095996,0.04728769949871578,2.60608548023211
Worm,6,rbf,7,14,1.3852115919735954,1.5391768853251224,3.0075058465109774,0.048673046795111814,2.709559252397309
Zshape,0,rbf,7,14,2.2517380493631336,2.492695476307664,5.211669063929609,0.07882595218330503,4.004278118066914
Zshape,1,rbf,7,14,2.5622863240649085,2.797104848827989,4.719153259947475,0.08845222176597399,4.234170029493517
Zshape,2,rbf,7,14,1.9778925068766715,2.1569299003071136,3.9421284074204523,0.06820811238290395,3.5079330811151817
Zshape,3,rbf,7,14,2.15224596666789,2.3132330722041132,4.091009947866732,0.07315085266993733,3.4570469783387288
Zshape,4,rbf,7,14,2.5153009826870236,2.6969472797518135,4.237301306453138,0.08528496133411041,4.1593095825230915
Zshape,5,rbf,7,14,2.7141522368539865,2.946136783585707,4.790138500318223,0.09316502534533404,4.082167859154466
Zshape,6,rbf,7,14,2.4609145382254445,2.700087314366204,4.536345705307121,0.08538425794724283,3.879946844818468
heee,0,rbf,7,14,2.6367433339060717,2.90294355658094,5.843726316403367,0.0917991355770565,4.873352209468219
heee,1,rbf,7,14,2.8723608521623207,3.19110162383267,5.732778504156367,0.10091149376373093,4.838649103437183
heee,2,rbf,7,14,2.7140862886986197,2.9891993803920234,5.985721070601648,0.09452678422402856,4.772969780575464
heee,3,rbf,7,14,2.98878128346441,3.259045712183894,5.317897954320005,0.10306007449106673,5.08404321605546
heee,4,rbf,7,14,3.0133649492018093,3.2936777853080375,6.154909413628673,0.10415523680272472,4.963906812540179
heee,5,rbf,7,14,2.8920514755189854,3.37759695417669,6.918030877598256,0.10680899393245709,4.793399967371467
heee,6,rbf,7,14,3.1779992064962834,3.4966474655170408,5.8404892741166945,0.1105737016568892,5.029281359017525
Angle,0,rbf,12,24,0.23580337928433945,0.35071843198143116,2.6561895443492562,0.011090690624641629,0.40081927836028924
Angle,1,rbf,12,24,0.22789748011047745,0.34903163754837996,2.6298203553083304,0.011037349501112289,0.3820185815003386
Angle,2,rbf,12,24,0.25972292659389,0.3477424243600437,2.561250423557531,0.010996581000465586,0.43327141114075984
Angle,3,rbf,12,24,0.2288181706185752,0.3645003486155652,2.695445370554424,0.011526513095505881,0.3625697074563386
Angle,4,rbf,12,24,0.3061608298774846,0.40548157444481703,2.686530091146792,0.012822453244767464,0.4847161352864916
Angle,5,rbf,12,24,0.3055541730434546,0.3906784267267227,2.6021618706460736,0.012354336611476441,0.49456455802134913
Angle,6,rbf,12,24,0.327657300888468,0.4364294068189258,2.8758970091575984,0.013801109634240262,0.5187809904778572
BendedLine,0,rbf,12,24,0.11252242483274143,0.1340746975798715,0.6788225514603063,0.0042398142095065915,0.26216365978511935
BendedLine,1,rbf,12,24,0.22828465697079792,0.2920642883889534,1.2420895388245208,0.009235883745053622,0.5120549553512306
BendedLine,2,rbf,12,24,0.13803634884430108,0.17879911066985316,0.8989473698628894,0.005654124333292503,0.29332217050100484
BendedLine,3,rbf,12,24,0.1554867713537252,0.19744393193137036,1.0780749939411953,0.006243725350823786,0.3216936539026136
BendedLine,4,rbf,12,24,0.16357011305203145,0.20873807779418804,1.22358925527121,0.006600877602350501,0.3199896313027945
BendedLine,5,rbf,12,24,0.14658092250640176,0.19291720610098523,1.1502162270990872,0.0061005777111524445,0.2702546495595559
BendedLine,6,rbf,12,24,0.18334003864628576,0.24004496094607927,1.3082508413801779,0.007590888174357776,0.35480167966412074
CShape,0,rbf,12,24,0.26280293670180244,0.3120084168814888,1.56443489737311,0.009866572464888345,0.49262945581171397
CShape,1,rbf,12,24,0.24411967932756828,0.31992633174634116,2.1524347982663476,0.010116958917810726,0.3996401599372312
CShape,2,rbf,12,24,0.27146199092348267,0.4051946927979945,2.820195104707513,0.012813381250538875,0.42688694515237857
CShape,3,rbf,12,24,0.2616369026359114,0.3772760336705222,2.560630108286765,0.011930515729932256,0.45270772589197894
CShape,4,rbf,12,24,0.2736082603805544,0.3867318161514285,2.668131494797745,0.012229533826920071,0.3996018115905858
CShape,5,rbf,12,24,0.27278606801265765,0.3657591661993148,2.4705839892656067,0.011566320402739066,0.42911369677461486
CShape,6,rbf,12,24,0.36453715875835546,0.48123518732143566,2.8577102201920583,0.015217992821535214,0.5516521237259882
DoubleBendedLine,0,rbf,12,24,0.1801788525601671,0.2135919908371183,1.038604321663076,0.006754371810151083,0.4035886132150685
DoubleBendedLine,1,rbf,12,24,0.14949528912596513,0.1955092509254268,1.108057879606924,0.006182545365577312,0.3057371008448046
DoubleBendedLine,2,rbf,12,24,0.17145140276752188,0.22405241445671956,1.2804492952636932,0.00708515944943271,0.3481480483569667
DoubleBendedLine,3,rbf,12,24,0.18509963661544634,0.22159073091670603,1.1789782531151318,0.007007314180782821,0.35239246249952516
DoubleBendedLine,4,rbf,12,24,0.17648003268482795,0.22916917257054623,1.4030778007188982,0.007246965548191105,0.34632571248544053
DoubleBendedLine,5,rbf,12,24,0.2385511732620486,0.2936809178964057,1.5149132852700637,0.009287006058815477,0.4362130621426974
DoubleBendedLine,6,rbf,12,24,0.21668319221214463,0.29405363471460627,1.595124766908042,0.009298792399493126,0.39751758821382416
GShape,0,rbf,12,24,0.3228597087128738,0.36017617452827644,0.8992917983790734,0.011389770704356757,0.6596689739443049
GShape,1,rbf,12,24,0.27648850030699573,0.3230958736077149,1.0994520358870108,0.010217188632022632,0.4712612134012124
GShape,2,rbf,12,24,0.2531941838131076,0.2970648132442854,1.057674727581585,0.009394014225444955,0.3800052881432289
GShape,3,rbf,12,24,0.24597029669672676,0.29336017990558344,1.3724376163466554,0.009276863432984034,0.37463939156587023
GShape,4,rbf,12,24,0.3811390929196455,0.45388728677684365,1.1173586986157236,0.014353176272088514,0.6463610082033221
GShape,5,rbf,12,24,0.2506141917575603,0.27352152946891145,0.8188705708096143,0.008649510222146257,0.4032348432120108
GShape,6,rbf,12,24,0.29865046516908916,0.3769103762525209,1.0809166229883378,0.011918952627090052,0.49457669390612424
JShape,0,rbf,12,24,0.2603449453330133,0.3518093698104315,2.211222967405043,0.011125189107894434,0.5366760888154805
JShape,1,rbf,12,24,0.26829685995168134,0.33012735000182614,2.0735355210212054,0.010439543439213625,0.5035908248874548
JShape,2,rbf,12,24,0.27694833471293817,0.34454763549810213,1.9360792358151948,0.01089555290599486,0.5300152697743234
JShape,3,rbf,12,24,0.3292670278118166,0.4294847579009342,2.6421140213454333,0.01358150055292949,0.6018048951368552
JShape,4,rbf,12,24,0.24118008905682134,0.30769088417194185,2.1594062856145393,0.009730040092543881,0.4213496063741486
JShape,5,rbf,12,24,0.2510587646816927,0.33998083996489387,2.384537442507881,0.010751138151062649,0.4273696831289697
JShape,6,rbf,12,24,0.232178931107892,0.3124521165985343,2.2202493320765386,0.009880603481918706,0.4141488284483488
JShape_2,0,rbf,12,24,0.2021399998314703,0.24596860836155782,1.2462390917616843,0.007778210353244595,0.4553322476325331
JShape_2,1,rbf,12,24,0.24846284729065463,0.32095399935655133,1.99078607652879,0.010149456621069189,0.5370114530546135
JShape_2,2,rbf,12,24,0.30471290837791587,0.3875358799246827,2.201971660350212,0.012254960555995195,0.5789000394207787
JShape_2,3,rbf,12,24,0.23625672871313091,0.2884299808243164,1.852224238452215,0.009120956848835298,0.43115191632944333
JShape_2,4,rbf,12,24,0.23841005795511505,0.2878289251237691,1.649284900887603,0.009101949798691722,0.4338341000194773
JShape_2,5,rbf,12,24,0.33259171572944946,0.4618172099911523,2.7682068407399862,0.014603942462363101,0.61103547963224
JShape_2,6,rbf,12,24,0.30477435170115025,0.41812879554153803,2.2228665241189525,0.013222393492141174,0.5126808609917123
Khamesh,0,rbf,12,24,0.26488181553931534,0.4247299782591602,3.0423185760800147,0.013431141218527435,0.4811090050139557
Khamesh,1,rbf,12,24,0.25873399255795065,0.39755252255508455,3.420509555664396,0.0125717146081953,0.4521287218221597
Khamesh,2,rbf,12,24,0.2670849521161235,0.40146334769472286,3.021260594616026,0.012695385757914329,0.4485252341793722
Khamesh,3,rbf,12,24,0.2748713580747592,0.4402530490342181,3.398575124360673,0.013922023817819217,0.4391305856308541
Khamesh,4,rbf,12,24,0.3253197134232401,0.4573660841486484,3.1086072021513176,0.014463185504219617,0.5256369457075175
Khamesh,5,rbf,12,24,0.28533123584744785,0.4292914605060117,3.2284339121074614,0.013575387952592168,0.4922749688077474
Khamesh,6,rbf,12,24,0.3635453753055431,0.47189842205910093,3.0628821307611847,0.014922738379462041,0.5883479928636921
LShape,0,rbf,12,24,0.31065475800668685,0.4432243866080477,3.3089414883157424,0.014015985762124624,0.5468900029934188
LShape,1,rbf,12,24,0.26018457009847495,0.3817637527318164,2.9352198956163176,0.01207242986725868,0.4551940312289628
LShape,2,rbf,12,24,0.2803965866053859,0.41824828693843874,3.241095511687625,0.01322617214189119,0.4668125800499295
LShape,3,rbf,12,24,0.22813721527911057,0.37152236329495947,3.016889458092708,0.01174856869700611,0.39875828195849133
LShape,4,rbf,12,24,0.29057486161497,0.4652758680559667,3.542905530617605,0.01471331483368834,0.48569823116556665
LShape,5,rbf,12,24,0.38383113386149553,0.4849693189563858,3.3039164146012037,0.015336076432028521,0.6220164765612691
LShape,6,rbf,12,24,0.277118615172734,0.43626644709421314,3.3204808325026134,0.013795956395270604,0.4496675559459106
Leaf_1,0,rbf,12,24,0.14580224919451212,0.18719686743844868,0.952087473517081,0.0059196847195410775,0.31503421946884425
Leaf_1,1,rbf,12,24,0.32253991615409666,0.38162066705006054,1.3589015146816963,0.012067905100709616,0.609327771618739
Leaf_1,2,rbf,12,24,0.26204052577604636,0.2990882308923616,1.0184601073462043,0.009458000309701974,0.4937882381388844
Leaf_1,3,rbf,12,24,0.25563162226331093,0.3270552493464389,1.658914439829684,0.010342395086490428,0.4911593741868109
Leaf_1,4,rbf,12,24,0.23298289977015288,0.2679377872836025,1.2248726709349917,0.008472936790418835,0.4075475436615471
Leaf_1,5,rbf,12,24,0.20374839628755143,0.2454771705569644,1.2781823219143753,0.007762669725336316,0.39476074314245935
Leaf_1,6,rbf,12,24,0.3020044433654918,0.3553674822342104,1.588514348019478,0.011237706502195268,0.5309643731318431
Leaf_2,0,rbf,12,24,0.40549898730952066,0.4540262413673032,1.892531529712379,0.014357570402060394,0.7232157195028505
Leaf_2,1,rbf,12,24,0.29411874530827187,0.3782474362448958,2.402432442957084,0.011961234176531972,0.5017155693437992
Leaf_2,2,rbf,12,24,0.32542601147151845,0.4522386803019157,2.7781974752582035,0.01430104275782778,0.5399651009453056
Leaf_2,3,rbf,12,24,0.3810359878894079,0.4617301824225781,2.4082358262765795,0.014601190409003892,0.6672514891329318
Leaf_2,4,rbf,12,24,0.4216730744131886,0.5495792995737997,3.0738525638408674,0.017379223415332122,0.7154329690576683
Leaf_2,5,rbf,12,24,0.37040457593674625,0.44192122271615003,2.2980941720376924,0.01397477610149576,0.6439607380876083
Leaf_2,6,rbf,12,24,0.24871589303037772,0.3118685638071164,2.023573820609851,0.00986214992236041,0.42183620846500686
Line,0,rbf,12,24,0.2200727738097701,0.35095103531653943,2.710622389575716,0.011098046187944565,0.42997525498841366
Line,1,rbf,12,24,0.1928668243914536,0.374329667100352,3.2079631918720275,0.01183734343809709,0.35868111046206097
Line,2,rbf,12,24,0.20740305897331346,0.38438406008188997,3.235119453249299,0.012155291261217806,0.3801343161374341
Line,3,rbf,12,24,0.20371830237140603,0.37745281517604634,3.2000193557600487,0.011936106051988755,0.38480623548790394
Line,4,rbf,12,24,0.17505336843494082,0.3025134248507971,2.7239683844141447,0.009566314453067014,0.3217638913595788
Line,5,rbf,12,24,0.2210039984037256,0.40765197364367495,3.347746426604307,0.012891087293769424,0.4038003376208226
Line,6,rbf,12,24,0.16892745760381214,0.29011582719409407,2.556186466004093,0.009174267991971536,0.34473500361079856
Multi_Models_1,0,rbf,12,24,0.1944596076683782,0.2740389772941145,1.6525270151618758,0.008665873359125682,0.6701094314093281
Multi_Models_1,1,rbf,12,24,0.13603915586056414,0.21723045814083206,1.695671194289186,0.006869430248868954,0.43673836509278163
Multi_Models_1,2,rbf,12,24,0.15372205234494388,0.2103282845514999,1.5155532878452183,0.006651164355387463,0.5148597739891556
Multi_Models_1,3,rbf,12,24,0.10661829859978664,0.1648447130580193,1.227532255368572,0.005212847535002411,0.49612130071685706
Multi_Models_1,4,rbf,12,24,0.11818817054886253,0.17697856146170365,1.3387316266004323,0.005596553512390819,0.5181485452561689
Multi_Models_1,5,rbf,12,24,0.08197367119333857,0.1144179076970279,0.7990724044623667,0.00361821193433519,0.5977025570724548
Multi_Models_1,6,rbf,12,24,0.07829850884201245,0.12118231639840954,0.8592730487136659,0.003832121319541468,0.5864076610351517
Multi_Models_2,0,rbf,12,24,0.13964763230908317,0.201337642800353,1.5296685417691358,0.006366855299785173,0.4212946618273267
Multi_Models_2,1,rbf,12,24,0.21162575237549794,0.3316463220746111,1.9635931921431031,0.010487577553735496,0.59965822814535
Multi_Models_2,2,rbf,12,24,0.18017401955448747,0.2400977057020892,1.5796318156837257,0.0075925561099939864,0.5439217971579242
Multi_Models_2,3,rbf,12,24,0.2065270145869672,0.28676633948722796,1.7368039174759193,0.009068347890487225,0.5904317764909016
Multi_Models_2,4,rbf,12,24,0.09298151786941813,0.1369541753256343,1.0110507302476086,0.00433087129099037,0.39704045412171246
Multi_Models_2,5,rbf,12,24,0.15517513572483144,0.1896163209971387,1.0916023165520057,0.005996194558925681,0.6637409897675093
Multi_Models_2,6,rbf,12,24,0.1213470621383356,0.15843965090336826,1.0397677299592232,0.005010301685365981,0.48053911201457905
Multi_Models_3,0,rbf,12,24,0.2752927845064212,0.3197955349339227,1.689519638987685,0.010112822759431402,0.8421822388054747
Multi_Models_3,1,rbf,12,24,0.23338918003016756,0.2901058358803067,1.7832770540606044,0.00917395203888768,0.6729249438176858
Multi_Models_3,2,rbf,12,24,0.23519516181281017,0.2839263360150927,1.8138055195702345,0.008978539095139884,0.6279938689960334
Multi_Models_3,3,rbf,12,24,0.19165361581318513,0.23965701660293673,1.616599831027651,0.007578620297060692,0.5333578437268254
Multi_Models_3,4,rbf,12,24,0.13314609495314095,0.17874775182043717,1.2615241067419616,0.005652500223870902,0.4492893466893412
Multi_Models_3,5,rbf,12,24,0.13800373993407378,0.20173488849161553,1.5338661629116301,0.006379417311535947,0.4113519694831606
Multi_Models_3,6,rbf,12,24,0.15281442282090646,0.2037052312798742,1.375591447932134,0.006441725021357792,0.4747527002881514
Multi_Models_4,0,rbf,12,24,0.25022626514497337,0.3510081016985566,2.2479702915237465,0.01109985078539456,0.595733604936372
Multi_Models_4,1,rbf,12,24,0.32439235830553514,0.3944359522801635,2.240470472345525,0.012473160002628018,0.76013886777364
Multi_Models_4,2,rbf,12,24,0.3785751319804441,0.5052701399471116,1.7530765788264953,0.015978044759049015,0.8164025257701459
Multi_Models_4,3,rbf,12,24,0.21210404926215104,0.29930451560453347,1.944797194984669,0.009464839832837342,0.4542262813714379
Multi_Models_4,4,rbf,12,24,0.1417704247708944,0.18536832803766162,1.2960075640939166,0.005861861226562612,0.5489391707699992
Multi_Models_4,5,rbf,12,24,0.11342755009394653,0.15225595494663005,1.0996619669011263,0.0048147560495533145,0.43687549006144744
Multi_Models_4,6,rbf,12,24,0.19570226309884223,0.2650335010710207,1.7689535359029982,0.008381095196331009,0.7002191065004448
NShape,0,rbf,12,24,0.30291840383570745,0.39933060731117903,2.979666806578101,0.012627942585216132,0.49746010147707237
NShape,1,rbf,12,24,0.24526139821323972,0.3283415102171123,2.5628928575860117,0.010383070226655217,0.38885365031875263
NShape,2,rbf,12,24,0.3604037506156533,0.4466382780469754,3.058882660320166,0.014123942488440235,0.5636260791947268
NShape,3,rbf,12,24,0.3663515670109742,0.4566917383896302,3.151645927873028,0.014441860818929893,0.5463750135162395
NShape,4,rbf,12,24,0.4248186463237348,0.5845117317846605,4.094211249064943,0.018483883915289642,0.6660942134377947
NShape,5,rbf,12,24,0.3918231257775767,0.5011123443615074,3.221792908713922,0.015846563718089988,0.5973492238088106
NShape,6,rbf,12,24,0.4978414126662837,0.5840147777087187,3.1943357499281086,0.018468168847564834,0.7267265328282752
PShape,0,rbf,12,24,0.190780068874491,0.23605715371864783,1.3525272356768945,0.007464782637274131,0.3391863366204655
PShape,1,rbf,12,24,0.25602919751714104,0.29483546444956593,1.3539085914391153,0.009323516026542307,0.40780211797792554
PShape,2,rbf,12,24,0.20746675485135693,0.2538399006055495,1.3009150961466973,0.00802712246944291,0.3255823550065477
PShape,3,rbf,12,24,0.17421261471883162,0.21167598325989637,1.239419324754354,0.00669378233056946,0.2725205618077362
PShape,4,rbf,12,24,0.24376689889566247,0.3003005765099623,1.4717559243856628,0.009496338044331388,0.415550345875051
PShape,5,rbf,12,24,0.23985483757851342,0.2889496436369064,1.5559359781789148,0.009137390029866034,0.3819368304589632
PShape,6,rbf,12,24,0.22243108575396106,0.284286503942859,1.6582562328230666,0.008989928605058728,0.34262816700339715
RShape,0,rbf,12,24,0.2754503228023092,0.4141943288488632,3.2857517270846546,0.013097974730871953,0.441720379108109
RShape,1,rbf,12,24,0.336771685651133,0.4814730228713117,3.3327240546388732,0.015225513841996881,0.5335904012993883
RShape,2,rbf,12,24,0.26025770796353925,0.3648198864117193,2.837290044039927,0.011536617767849458,0.41435870690214693
RShape,3,rbf,12,24,0.25514401391543245,0.3699437396937189,2.57933989739142,0.011698648235525935,0.4190411873357939
RShape,4,rbf,12,24,0.2586344271341102,0.35210141855836025,2.739888817644377,0.011134424500206986,0.4135460735116572
RShape,5,rbf,12,24,0.30625159509180094,0.4057813544929445,2.7497338589393614,0.012831933122259043,0.46765795830165086
RShape,6,rbf,12,24,0.3040673389098281,0.44010500670298863,3.219267798361637,0.013917342308251158,0.47666814652764655
Saeghe,0,rbf,12,24,0.21868383560601312,0.3490896157734842,2.7081506493880614,0.011039182933572521,0.40802353808028324
Saeghe,1,rbf,12,24,0.20309822519330573,0.3165922127990511,2.5856044104022615,0.010011524819177131,0.37716216706053524
Saeghe,2,rbf,12,24,0.22053625815168712,0.32847386748875745,2.660016117848225,0.010387255731088061,0.4022183913167787
Saeghe,3,rbf,12,24,0.2272523587926172,0.31944756660950296,2.4125454790241267,0.010101819034843815,0.42136292533483033
Saeghe,4,rbf,12,24,0.20870267948378146,0.3166343168534631,2.485695042743531,0.010012856266283827,0.37606248984904417
Saeghe,5,rbf,12,24,0.23241643762041633,0.33126645859044934,2.5651085776328952,0.010475565215636716,0.4088008779400493
Saeghe,6,rbf,12,24,0.21402807266424465,0.33848453225386477,2.9851686368634724,0.010703820746589399,0.36687212534703084
Sharpc,0,rbf,12,24,0.3001389540406808,0.4089883116376207,2.7947280301935438,0.012933346011616312,0.5596265010196191
Sharpc,1,rbf,12,24,0.21406672115602834,0.30941407249186087,2.280244559405053,0.009784532091827312,0.4031719108570919
Sharpc,2,rbf,12,24,0.34695133952419976,0.4383345843792398,2.7593833140785584,0.013861356638616614,0.5823537597560066
Sharpc,3,rbf,12,24,0.24047443542870542,0.38357576784100395,2.8832888419575733,0.012129730816255395,0.4091628628560115
Sharpc,4,rbf,12,24,0.30258229664318537,0.41654629556733985,2.8610024033205166,0.013172350448984937,0.5165371187858553
Sharpc,5,rbf,12,24,0.4023392112531365,0.5071413655831662,2.9271209959281492,0.016037218109309317,0.6901675060127306
Sharpc,6,rbf,12,24,0.35740793958499273,0.5074931830955386,3.0699376930962705,0.01604834355590763,0.5758896414829773
Sine,0,rbf,12,24,0.2599293652080619,0.3759915757938396,2.748993318570463,0.011889897605443652,0.5198425363747557
Sine,1,rbf,12,24,0.2767892654395284,0.37879929053133804,2.7315313002854458,0.011978685341348818,0.5361588444588263
Sine,2,rbf,12,24,0.2939307485536316,0.4030191558628855,2.8086160239248317,0.01274458473205121,0.557840672697877
Sine,3,rbf,12,24,0.28032902359793954,0.4044765528504549,2.9487343238926704,0.012790671671409086,0.49644865900820406
Sine,4,rbf,12,24,0.28897957104258104,0.3937980000416769,2.590228212377151,0.012452986181507817,0.5601328188776472
Sine,5,rbf,12,24,0.28280426131740977,0.37711735271648256,2.6297091001014503,0.011925497797571719,0.5392672759394815
Sine,6,rbf,12,24,0.26824422373593465,0.37169145339642984,2.7216829291281615,0.011753915795510462,0.4939168669476811
Snake,0,rbf,12,24,0.4488994484841557,0.5330696481066958,2.876606847064026,0.016857142395216233,0.7904399995107471
Snake,1,rbf,12,24,0.31720351031416966,0.39612694964524503,2.439415134806145,0.012526634034538027,0.5541223317961218
Snake,2,rbf,12,24,0.28771724209031707,0.36720118721932044,2.2565822483975753,0.011611921111309636,0.4846071288791419
Snake,3,rbf,12,24,0.3345719952537232,0.4100119027915429,2.1438865052154275,0.012965714806008253,0.5802174324539622
Snake,4,rbf,12,24,0.3053007314035958,0.4092074228661788,2.4755316484452647,0.012940274917047922,0.5104586660479664
Snake,5,rbf,12,24,0.2699242522695921,0.3390249772341764,2.1253856504013307,0.010720911117467294,0.468024895325333
Snake,6,rbf,12,24,0.31514549434006983,0.3650808855762108,1.9497297585805151,0.011544871286121397,0.5246562490944271
Spoon,0,rbf,12,24,0.20642907193145285,0.2998919522663716,2.270612366461668,0.009483416211162289,0.40629440943463113
Spoon,1,rbf,12,24,0.21098106300074265,0.3479942944484206,2.8884875541704376,0.011004545832002974,0.39582953808428006
Spoon,2,rbf,12,24,0.2921539864658752,0.40229710570100946,2.550481692407135,0.012721751501086993,0.5544246750538822
Spoon,3,rbf,12,24,0.27742664820854696,0.4141879354196106,2.7666767594331807,0.013097772552886978,0.5112724257005673
Spoon,4,rbf,12,24,0.23647329525541824,0.3578648524319121,2.5692368326395294,0.011316680282048895,0.4523681873407919
Spoon,5,rbf,12,24,0.4061609595567137,0.5360705314582433,2.440958786568541,0.016952038659049935,0.7695376971179393
Spoon,6,rbf,12,24,0.27717254202522246,0.42117038866377693,2.9117963319645854,0.013318577111958954,0.5282010388678259
Sshape,0,rbf,12,24,0.41695331000572095,0.5270818866553716,2.7724165646097276,0.016667792752496833,0.7114236040286517
Sshape,1,rbf,12,24,0.3646184567568221,0.4447061145773091,2.3678281561711607,0.014062842114681041,0.6113680174527896
Sshape,2,rbf,12,24,0.22174480592741208,0.32161732709735213,2.3704584866021152,0.01017043288603023,0.3441918087407525
Sshape,3,rbf,12,24,0.3808042612584805,0.524485179205591,3.435207793590748,0.0165856776529125,0.5785608195094684
Sshape,4,rbf,12,24,0.2702821661416049,0.3774913224423725,2.8800330756778543,0.011937323758669328,0.41001352895212306
Sshape,5,rbf,12,24,0.33204134867012824,0.4566279276275857,3.063109410260045,0.014439842945456978,0.5069729767908321
Sshape,6,rbf,12,24,0.3602066934367945,0.44492314819728945,2.60642375612393,0.014069705320360736,0.5401947761881657
Trapezoid,0,rbf,12,24,0.27306165795366666,0.4058061081295047,2.803491949370973,0.012832715900978064,0.5569437219921854
Trapezoid,1,rbf,12,24,0.24492519364901,0.38477175468314595,3.03370744690448,0.012167551240983001,0.44611843748173996
Trapezoid,2,rbf,12,24,0.21391137566245222,0.34253405893355476,2.620799617377198,0.010831878024123795,0.4249361164821495
Trapezoid,3,rbf,12,24,0.26748405368452793,0.39107701166929243,2.881631593682781,0.01236694097407212,0.48470447434490965
Trapezoid,4,rbf,12,24,0.2766101362595783,0.38761480154993666,2.702434663347857,0.012257456276919643,0.505572038478829
Trapezoid,5,rbf,12,24,0.26949127272250617,0.40480307172598023,2.954244739511361,0.012800997104866055,0.4817909063034959
Trapezoid,6,rbf,12,24,0.3295069022039008,0.4594432311337602,3.028692067254626,0.01452887065929867,0.6044315849557096
WShape,0,rbf,12,24,0.3290038508760106,0.41992869969945035,2.6313711141584943,0.013279311459231277,0.6680545708037504
WShape,1,rbf,12,24,0.400036457070198,0.5160657879568435,3.26142892490364,0.016319433124331182,0.7599997896756083
WShape,2,rbf,12,24,0.24446736465138422,0.34162922147416314,2.5765488327530743,0.010803264551284617,0.4758930843060036
WShape,3,rbf,12,24,0.318824748715373,0.4474261759224299,3.2469169974993264,0.014148858006940672,0.589209623663117
WShape,4,rbf,12,24,0.34008567159443953,0.4677075626759145,3.1554261700952946,0.014790211769418466,0.5997418719091738
WShape,5,rbf,12,24,0.4002963582497179,0.4780055048468359,2.740240094568645,0.015115861294146571,0.7373892534356637
WShape,6,rbf,12,24,0.38202162624449043,0.4889547245942033,2.8724783217351364,0.015462106024180314,0.7301709014712224
Worm,0,rbf,12,24,0.2428485241725459,0.3875549984448015,2.9010811050558125,0.012255565136685869,0.49255964403201113
Worm,1,rbf,12,24,0.19094138765445387,0.30644706915226466,2.4757515897576288,0.009690707208042812,0.38496748366084416
Worm,2,rbf,12,24,0.16197371935358706,0.22941086376706962,1.819719276160371,0.007254608494905358,0.32440460135864707
Worm,3,rbf,12,24,0.2124456539593188,0.34185691358081444,2.721226576947742,0.010810464807907217,0.41983918129514786
Worm,4,rbf,12,24,0.20971920015217688,0.3267963776131103,2.656679069383832,0.010334208843498886,0.4101945246356918
Worm,5,rbf,12,24,0.19995414819288113,0.3336409990745159,2.5797320185291746,0.010550654778896005,0.3825252774736844
Worm,6,rbf,12,24,0.20732106390206087,0.327005188214673,2.5881681858145593,0.010340812014504167,0.40553277937295135
Zshape,0,rbf,12,24,0.3179721068318587,0.4607820272565385,3.3769448877653887,0.014571207110004489,0.5654515408231273
Zshape,1,rbf,12,24,0.2922410408189588,0.4169584664743183,2.830005685173604,0.01318538443749803,0.4829273937116329
Zshape,2,rbf,12,24,0.37371106732204706,0.49879523928329145,2.870111467983496,0.015773290421838938,0.6628031661376904
Zshape,3,rbf,12,24,0.2664867685728071,0.34121942095756436,2.1908289391917646,0.010790305521096957,0.42804460657820015
Zshape,4,rbf,12,24,0.4617664537310995,0.5734280234577205,3.1374630925120752,0.01813338628294859,0.7635784540741977
Zshape,5,rbf,12,24,0.3798208360702585,0.5429255232649695,3.557420576914152,0.017168812533560406,0.5712621378380695
Zshape,6,rbf,12,24,0.5945899201397353,0.6999285847835354,2.905714589804387,0.022133685273742435,0.93744713551515
heee,0,rbf,12,24,0.33303491864710655,0.39777638217024713,2.1852744066388357,0.012578793670795722,0.6155306949101634
heee,1,rbf,12,24,0.35785920523957687,0.4252259833042256,2.338942227085138,0.013446826275260849,0.6028334222998833
heee,2,rbf,12,24,0.2941777758802368,0.35320163415051786,1.86090317055839,0.011169216372091478,0.517338612349914
heee,3,rbf,12,24,0.25935665389077894,0.30107445479518946,1.7853132449805207,0.009520810224462021,0.44117662407998015
heee,4,rbf,12,24,0.2710280555505405,0.3474504323186545,2.1493198053281013,0.010987347401371266,0.4464636823008143
heee,5,rbf,12,24,0.382767061055079,0.48068507837851565,2.2156038753076976,0.015200596849326663,0.6344131954439147
heee,6,rbf,12,24,0.34563235439472784,0.4334030711527911,1.9533733359151932,0.013705408497548376,0.5469738171983954
Angle,0,rbf,17,34,0.11288230974755568,0.15117876594023427,1.1242398996568241,0.004780692342246271,0.19187768245721162
Angle,1,rbf,17,34,0.10500592621341984,0.1343654829657895,0.9549285803677032,0.004249009650804512,0.17601868595358655
Angle,2,rbf,17,34,0.09439522290025197,0.13341312138466294,1.1363342127829652,0.004218893333280519,0.15747070144057465
Angle,3,rbf,17,34,0.13967758482738152,0.16412571670305545,0.9881574511555807,0.005190110873891964,0.22132359913623267
Angle,4,rbf,17,34,0.14133661133820227,0.17561007001368129,1.0521426117783992,0.005553278013048693,0.22376518919731508
Angle,5,rbf,17,34,0.15827662964596534,0.19036641094695703,1.1893059596759339,0.006019914485839954,0.256183741842836
Angle,6,rbf,17,34,0.1246832650317418,0.1486040433753606,1.0238175553110191,0.004699272465765956,0.1974114648255553
BendedLine,0,rbf,17,34,0.07449946847087659,0.08748619986286708,0.31689349460863203,0.0027665565539937045,0.17357476374511996
BendedLine,1,rbf,17,34,0.06626459093319562,0.07952330928384684,0.46137791453585697,0.0025147478441096952,0.14863509708410008
BendedLine,2,rbf,17,34,0.06759180567345753,0.07677508001321455,0.2023394182189737,0.0024278412038342824,0.14363010405747365
BendedLine,3,rbf,17,34,0.0807031696013383,0.09186876846681402,0.3863908107650302,0.002905145541897872,0.16697045854476708
BendedLine,4,rbf,17,34,0.06745965363894556,0.07918618895835727,0.3289708143293635,0.0025040871633688518,0.1319702560141522
BendedLine,5,rbf,17,34,0.11408991051824253,0.1333088515154454,0.5356852127079992,0.004215596030499965,0.21035021650953326
BendedLine,6,rbf,17,34,0.11789430573395228,0.149466857210411,0.6078031624373467,0.004726557034920599,0.22815037024150348
CShape,0,rbf,17,34,0.12269050354599667,0.13626096544843833,0.3381992547070763,0.004308950069905719,0.2299858470139956
CShape,1,rbf,17,34,0.10662958745599718,0.13113003288573294,0.8591994933706324,0.004146695735716982,0.17455973030251062
CShape,2,rbf,17,34,0.1319864522094187,0.16533944886368523,1.098727982183763,0.005228492454861839,0.2075549994807955
CShape,3,rbf,17,34,0.1309815287444723,0.16048994767381855,0.955022037696543,0.005075137762105085,0.22663603419231929
CShape,4,rbf,17,34,0.1292726361793492,0.16268804679612908,1.061150160799906,0.005144647759598268,0.18880124282252841
CShape,5,rbf,17,34,0.14391692354051264,0.17151053161288055,0.9845704533007097,0.005423639226030148,0.2263925116807409
CShape,6,rbf,17,34,0.17075294154374968,0.21317298387036204,1.1856836981169185,0.006741121646446801,0.2583995089990534
DoubleBendedLine,0,rbf,17,34,0.0919742150349717,0.10821628993011047,0.4342122243308243,0.003422099561122926,0.20601610771782075
DoubleBendedLine,1,rbf,17,34,0.06281545210721066,0.07510480162980694,0.2627705467786608,0.002375022363653162,0.12846568161309796
DoubleBendedLine,2,rbf,17,34,0.08588733696338406,0.0996935574205176,0.3686481863050238,0.003152587094936163,0.1744022402833533
DoubleBendedLine,3,rbf,17,34,0.08404731928345319,0.09922689528356415,0.4318788248634836,0.0031378299424308204,0.16000918397431546
DoubleBendedLine,4,rbf,17,34,0.08476389572197769,0.0981749235738126,0.4506379978034956,0.0031045636760620556,0.16634129160312222
DoubleBendedLine,5,rbf,17,34,0.07989181480517887,0.09171895387045689,0.261084891021516,0.0029004079883855993,0.1460896322568985
DoubleBendedLine,6,rbf,17,34,0.07717035164758466,0.088697750437262,0.2469979705251724,0.002804869147149437,0.14157338072870246
GShape,0,rbf,17,34,0.13748140261821218,0.17113840006219383,0.6502322990378544,0.005411871393136343,0.28090286075997944
GShape,1,rbf,17,34,0.10268947146754745,0.12019078925521182,0.3607204686686621,0.0038007664781976197,0.1750292141394393
GShape,2,rbf,17,34,0.14813606057503514,0.17165744040470057,0.7770547950184198,0.005428284889934696,0.2223293028909807
GShape,3,rbf,17,34,0.13882368364566855,0.15500334974214955,0.42491416501783336,0.004901636301408656,0.21144349978189145
GShape,4,rbf,17,34,0.13324558494995864,0.15283245408418217,0.3779843878824785,0.0048329865529911885,0.22596671983226374
GShape,5,rbf,17,34,0.14771306728352032,0.1720731272957212,0.6689488664225145,0.005441430063625689,0.23766832639731655
GShape,6,rbf,17,34,0.20203662706557032,0.2322329943707402,0.5591042689586911,0.007343852100526007,0.33458045011066845
JShape,0,rbf,17,34,0.09010039546507176,0.11405082247652498,0.7089295923282126,0.0036066036804134464,0.1857333076971059
JShape,1,rbf,17,34,0.1174609343342032,0.14343692524305948,0.8119727821126326,0.004535873843393688,0.22047313123256645
JShape,2,rbf,17,34,0.0905062444663239,0.11540354833944001,0.7734141646992327,0.0036493806281797285,0.17320808816850608
JShape,3,rbf,17,34,0.08492119611923067,0.10566976111786489,0.7363350072070822,0.003341571249383534,0.15521138531562334
JShape,4,rbf,17,34,0.1390791617476981,0.17015717581151024,1.0892899887430074,0.005380842357860821,0.24297590355161086
JShape,5,rbf,17,34,0.12284176838508579,0.15433646513022375,0.9718661780632045,0.004880547558306626,0.20910979824304313
JShape,6,rbf,17,34,0.14630161823905086,0.1713686198843067,0.9687622545887061,0.005419151583140298,0.2609652973449362
JShape_2,0,rbf,17,34,0.11670321724416097,0.13873118879369425,0.6846589608186077,0.004387065390909012,0.2628808660237204
JShape_2,1,rbf,17,34,0.0970471906054213,0.12043036531258788,0.6856296733676646,0.003808342538339136,0.20975149166233328
JShape_2,2,rbf,17,34,0.12567989299509258,0.14371660027098324,0.6136158609538848,0.004544717944322791,0.2387693235464237
JShape_2,3,rbf,17,34,0.1524434699868425,0.18190812015936733,1.0104319758557367,0.005752439845831925,0.2781986129019153
JShape_2,4,rbf,17,34,0.11036281549933165,0.13294721453740266,0.8320678876553105,0.004204160065132413,0.20082689945397467
JShape_2,5,rbf,17,34,0.13782708479347155,0.16646412235828945,0.9094866441148874,0.0052640577535315435,0.25321508287837147
JShape_2,6,rbf,17,34,0.1671070368396243,0.19181926200314567,0.4599793619865221,0.006065857670225328,0.2811016709461153
Khamesh,0,rbf,17,34,0.11345532570661081,0.14305484407072622,1.0069430860981108,0.004523791375837285,0.20607069138779768
Khamesh,1,rbf,17,34,0.12827002600514756,0.19599108755110128,1.7819123716295646,0.006197782377549525,0.22414744321936383
Khamesh,2,rbf,17,34,0.15136105575816022,0.19669103032419716,1.346491789177759,0.0062199165114971,0.2541859900442795
Khamesh,3,rbf,17,34,0.13260806683031306,0.18210119712099931,1.4219437618710358,0.005758545475456545,0.21185276798004132
Khamesh,4,rbf,17,34,0.1369406159906293,0.17528674727675697,1.2209679958230397,0.005543053650368691,0.22126248168358997
Khamesh,5,rbf,17,34,0.17423792657176937,0.22885985137078693,1.532996302525024,0.007237183952992952,0.30060841258229015
Khamesh,6,rbf,17,34,0.1653523255758133,0.19484060201984757,1.1900595427562264,0.00616140083061122,0.2675999076762019
LShape,0,rbf,17,34,0.14363316863316838,0.1877035059261751,1.3645213321680607,0.005935706035256266,0.25285801037709155
LShape,1,rbf,17,34,0.1515694208988147,0.19898721701191682,1.3298981631539313,0.006292528310158618,0.26517135771678596
LShape,2,rbf,17,34,0.12435274645790867,0.17405351429688745,1.3822013768052417,0.005504055399348448,0.2070261521835375
LShape,3,rbf,17,34,0.1441541505123007,0.20954120192821002,1.5241236344314044,0.0066262746174241,0.2519652978368506
LShape,4,rbf,17,34,0.15006376671322583,0.19447102591277723,1.355534801019396,0.006149713807940015,0.25083279967705596
LShape,5,rbf,17,34,0.15873994332311137,0.2153550378152128,1.5181241138262445,0.00681012425087764,0.25724557370327067
LShape,6,rbf,17,34,0.1518051103594276,0.19640477732820869,1.2834150516697935,0.006210864396953393,0.24632712931563247
Leaf_1,0,rbf,17,34,0.09623967883465494,0.11337692036582644,0.5961627757303578,0.003585293024515423,0.2079446117676828
Leaf_1,1,rbf,17,34,0.09912027978667971,0.11167807312808235,0.44123878088318136,0.0035315707578358548,0.18725353415106719
Leaf_1,2,rbf,17,34,0.10154461684754876,0.11726567268231063,0.4526526888083056,0.003708266170278883,0.1913503161281732
Leaf_1,3,rbf,17,34,0.0982325331621662,0.1107423920074773,0.4304982268814194,0.0035019819227885478,0.18873967580981618
Leaf_1,4,rbf,17,34,0.1196954649086649,0.13231121504652815,0.5231938106974853,0.004184047995313703,0.20937842545130272
Leaf_1,5,rbf,17,34,0.0983523662343756,0.11237123818064748,0.46103246048199525,0.003553490561441215,0.19055685292220187
Leaf_1,6,rbf,17,34,0.140448123475929,0.1660502744095358,0.8168596877530802,0.005250970732301041,0.24692666441563133
Leaf_2,0,rbf,17,34,0.11633947704684203,0.13230895754088828,0.6237967125109174,0.004183976606717176,0.20749383163019736
Leaf_2,1,rbf,17,34,0.154434200034328,0.1788779440491692,0.9265061618833091,0.0056566172636353705,0.2634379611376573
Leaf_2,2,rbf,17,34,0.12621045568284434,0.14805143637173654,0.7606556812206422,0.004681797497941827,0.20941547092373267
Leaf_2,3,rbf,17,34,0.13654425959898162,0.16184163532621929,0.8054930583044573,0.005117881878772208,0.23910959448905836
Leaf_2,4,rbf,17,34,0.14571176744605027,0.1840573517627319,0.9971225146150843,0.005820404516690403,0.2472223358241243
Leaf_2,5,rbf,17,34,0.15539876098211822,0.17847037517985165,0.8007856641182183,0.005643728804331141,0.2701659410304739
Leaf_2,6,rbf,17,34,0.12642883732352164,0.14644939427872106,0.8398141118556701,0.004631136478727905,0.21443045206073583
Line,0,rbf,17,34,0.09096370629144931,0.14743515210422092,1.1423511826838773,0.004662308878227049,0.17772367808280293
Line,1,rbf,17,34,0.12442735673057917,0.1970040446069124,1.5158325902578784,0.00622981489223254,0.23140186304618174
Line,2,rbf,17,34,0.14138614140680275,0.21151263255861133,1.5163541850622357,0.006688616727834996,0.25913660310044406
Line,3,rbf,17,34,0.12942650540244877,0.19830103505615235,1.5004514052891589,0.006270829331463373,0.24447546311018983
Line,4,rbf,17,34,0.12259292335796652,0.1913042119179433,1.5332191837038203,0.006049570356442296,0.2253368582705459
Line,5,rbf,17,34,0.1367972880785165,0.21822501220771914,1.5454849933115051,0.00690088080994442,0.2499447589667984
Line,6,rbf,17,34,0.104717593446691,0.1729069034242387,1.3764004103678011,0.005467796379873615,0.2137001318022826
Multi_Models_1,0,rbf,17,34,0.07632029034475214,0.10476653320070009,0.40954555154289457,0.003313008674738627,0.2630003576636509
Multi_Models_1,1,rbf,17,34,0.05853490526810194,0.08192836368046885,0.6517066128091481,0.0025908023420089703,0.18791971080630962
Multi_Models_1,2,rbf,17,34,0.07930656420082585,0.09726252482848359,0.6821220138554304,0.00307571109436686,0.26562070371445096
Multi_Models_1,3,rbf,17,34,0.05722788452713604,0.07347329134771725,0.49663749538237195,0.0023234294784792893,0.26629549412950065
Multi_Models_1,4,rbf,17,34,0.06556963660544812,0.08376642448937818,0.5508898082372223,0.0026489269283494206,0.2874637255345482
Multi_Models_1,5,rbf,17,34,0.047854924979174554,0.05919602888948438,0.2793358311150808,0.0018719427972789845,0.34892924291632177
Multi_Models_1,6,rbf,17,34,0.04688546915262774,0.06338988218879374,0.32295412798019124,0.0020045640832632786,0.3511433194443647
Multi_Models_2,0,rbf,17,34,0.048932642185521784,0.06886566363349642,0.6033588879648191,0.002177723496608757,0.1476219868607547
Multi_Models_2,1,rbf,17,34,0.07103088358129277,0.09040463930302181,0.3409133369879533,0.0028588457124352606,0.20127160004789768
Multi_Models_2,2,rbf,17,34,0.07455850607685735,0.09645702391279708,0.5437051204650022,0.003050238918857654,0.2250823771319044
Multi_Models_2,3,rbf,17,34,0.062253394924803584,0.08055589814681136,0.3972114735680316,0.0025474011710446094,0.177973727221838
Multi_Models_2,4,rbf,17,34,0.056020343636931466,0.06954055706738034,0.4336126889791344,0.0021990655008984118,0.23921251435041604
Multi_Models_2,5,rbf,17,34,0.04349176917381486,0.05493580813637065,0.3775950480612642,0.001737222788129412,0.18603025403088805
Multi_Models_2,6,rbf,17,34,0.05128445985132517,0.06393249786726495,0.3629199266257362,0.002021723097644145,0.2030884667731697
Multi_Models_3,0,rbf,17,34,0.12878076191045348,0.16168689053235363,0.9434065585857921,0.005112988418725522,0.3939691720408704
Multi_Models_3,1,rbf,17,34,0.11576072308836324,0.14191971816156557,0.8784479450065311,0.004487895542797114,0.33376987772296246
Multi_Models_3,2,rbf,17,34,0.11708607114549716,0.14575442450413195,1.0108335131395003,0.004609159604801151,0.3126311538786115
Multi_Models_3,3,rbf,17,34,0.11724733569223217,0.1418468540881817,0.880922718075844,0.004485591378482208,0.32629066705676
Multi_Models_3,4,rbf,17,34,0.09052132732070518,0.10835984730616328,0.6460065251972145,0.003426639243955369,0.3054559581915265
Multi_Models_3,5,rbf,17,34,0.08259637376925065,0.10264942546004863,0.6849033671751175,0.0032460598496143107,0.2461975381129482
Multi_Models_3,6,rbf,17,34,0.05893646731417948,0.07476618626638601,0.5120960358034041,0.0023643144056618034,0.1830995169588346
Multi_Models_4,0,rbf,17,34,0.09812273576231742,0.12175704157804802,0.6730115053145431,0.003850295725504538,0.2336086144595468
Multi_Models_4,1,rbf,17,34,0.10492628592402088,0.13761689279165368,0.8165396515802893,0.0043518282573683335,0.24587061359459134
Multi_Models_4,2,rbf,17,34,0.20223227346581582,0.2572110799670816,0.8585263464948044,0.008133728521276846,0.436116704195614
Multi_Models_4,3,rbf,17,34,0.06426475365566452,0.07908385072478694,0.538422959757762,0.002500850944270846,0.13762462422480945
Multi_Models_4,4,rbf,17,34,0.08954036226568922,0.11036362335130077,0.6645563343858943,0.003490004206190557,0.3467028633934358
Multi_Models_4,5,rbf,17,34,0.06582808919686278,0.08375750456830462,0.5656935965655703,0.002648644855678007,0.2535422717308862
Multi_Models_4,6,rbf,17,34,0.07247707184520988,0.08809506073777626,0.5910748042655002,0.0027858104254224634,0.25932163320763174
NShape,0,rbf,17,34,0.12036410660891621,0.16251825006338372,1.2961422790301083,0.005139278315450967,0.19766491546794063
NShape,1,rbf,17,34,0.17611850397536316,0.22387464348629568,1.6480130690739654,0.007079537837748732,0.27922993042694305
NShape,2,rbf,17,34,0.21617442672863424,0.2581850643067299,1.6647927572213341,0.008164528610463082,0.3380695798839336
NShape,3,rbf,17,34,0.2304730158803546,0.2855632606532422,1.6360245097960882,0.009030303197285879,0.3437263779002345
NShape,4,rbf,17,34,0.20152382361506502,0.249941328960365,1.602192880160901,0.007903838809241583,0.31597919239533606
NShape,5,rbf,17,34,0.17867431182691582,0.22406729894264094,1.1260617004588764,0.007085630138205834,0.27239576855647035
NShape,6,rbf,17,34,0.22397469991953425,0.29660968895087614,2.0467947605647945,0.009379621931588474,0.3269482067432676
PShape,0,rbf,17,34,0.07814515898384126,0.10133946399555849,0.7363612330046091,0.0032046352308659244,0.13893364415226414
PShape,1,rbf,17,34,0.1006331583722676,0.11473069332951046,0.3184625239581077,0.003628103084515402,0.1602880277757041
PShape,2,rbf,17,34,0.17237739683076023,0.20197103326761978,0.8302601927794844,0.0063868848650331855,0.2705158175837253
PShape,3,rbf,17,34,0.0964641153733826,0.1121482477047178,0.667450860835236,0.003546438983436588,0.15089868755066013
PShape,4,rbf,17,34,0.11297317545234307,0.12711290808341658,0.42484733254852775,0.004019663095512248,0.19258579547306753
PShape,5,rbf,17,34,0.15359737359134715,0.1791294453679384,0.866558955337917,0.0056645704336538375,0.24458332643425343
PShape,6,rbf,17,34,0.11263434967051686,0.13009668880565478,0.5121507552553421,0.004114018526719997,0.1734995836504459
RShape,0,rbf,17,34,0.12678155918137837,0.1778686447925865,1.4370700411967094,0.00562470041872021,0.20331070160229317
RShape,1,rbf,17,34,0.14703547725343885,0.17755143009340557,1.2109692974623314,0.005614669209153242,0.23296708914592074
RShape,2,rbf,17,34,0.09910102903155632,0.1430236184344476,1.2641349674704174,0.004522803934517,0.15777966602218968
RShape,3,rbf,17,34,0.13165652792271645,0.1550424378643113,0.9496871072753343,0.004902872376363557,0.2162288933791296
RShape,4,rbf,17,34,0.11960255336819992,0.1707494292584594,1.3528049887790528,0.005399571056305272,0.1912396848148151
RShape,5,rbf,17,34,0.12530559079906992,0.15390123046886706,1.060248227865573,0.0048667842298412345,0.19134645401376402
RShape,6,rbf,17,34,0.1020952301375178,0.13122517513353818,1.0608433782173576,0.004149704397764709,0.16004857441593226
Saeghe,0,rbf,17,34,0.12116894160459028,0.1677268165368394,1.1875523101027197,0.005303987649456075,0.22607880514781276
Saeghe,1,rbf,17,34,0.10687256582321014,0.14918954844934884,1.1823084036907694,0.004717787761919839,0.1984669658577116
Saeghe,2,rbf,17,34,0.08753800495116922,0.1291295809099127,1.126554972923143,0.004083435889783222,0.15965354552412014
Saeghe,3,rbf,17,34,0.1299871954258624,0.15947026176346168,1.047997519235881,0.0050428924623579854,0.24101745395168606
Saeghe,4,rbf,17,34,0.11049572902567846,0.1370692534210958,1.016085683654179,0.004334510379894895,0.19910285329283994
Saeghe,5,rbf,17,34,0.11627571713667949,0.14627626204160118,1.0875661251516044,0.004625661556670914,0.20451916282365343
Saeghe,6,rbf,17,34,0.11983206279298615,0.19082329161748476,1.6165683939717785,0.00603436232121768,0.20540783745947416
Sharpc,0,rbf,17,34,0.12456698846338381,0.16156999963912766,1.0836883691534316,0.0051092920041222656,0.23226238033356414
Sharpc,1,rbf,17,34,0.10182943225966254,0.12841764199060116,0.873166568073064,0.004060922404383788,0.19178490969503412
Sharpc,2,rbf,17,34,0.13362057745169575,0.16102355307359978,1.0130992639565788,0.005092011846455819,0.22428057423405956
Sharpc,3,rbf,17,34,0.13488265680681127,0.16717951157012634,1.0912796281685824,0.005286680346760716,0.22950037874217993
Sharpc,4,rbf,17,34,0.12016933624628921,0.15742360325415472,1.094109202060254,0.004978171437538236,0.20514062917654446
Sharpc,5,rbf,17,34,0.16118622255712306,0.18800716653481322,1.0140974839274937,0.0059453086268459595,0.2764967721624108
Sharpc,6,rbf,17,34,0.16844427346890797,0.2108185838029868,1.188104179903042,0.006666668979085204,0.27141342290971077
Sine,0,rbf,17,34,0.12779715659506719,0.1714058315142695,1.2250787811666988,0.0054203283182015964,0.2555863512100058
Sine,1,rbf,17,34,0.11211861927521373,0.14914529976694432,1.1178925580138888,0.004716388495721241,0.21718107187957753
Sine,2,rbf,17,34,0.13907295889665294,0.17996632311622737,1.1744243731464172,0.0056910348317309,0.2639416030025775
Sine,3,rbf,17,34,0.14993685638850662,0.18690997815968532,1.2077191776164795,0.0059106124839693255,0.2655306622718423
Sine,4,rbf,17,34,0.133062393978206,0.1656362598267476,1.109052709317999,0.0052378784416396915,0.2579165494526886
Sine,5,rbf,17,34,0.11839976831986541,0.14550838099125565,0.9826254364818641,0.004601379025759169,0.22577142309060713
Sine,6,rbf,17,34,0.13694222845869242,0.17400701100375252,1.194431949255334,0.005502584836098399,0.25215110130287577
Snake,0,rbf,17,34,0.11881581314803094,0.15406605367326612,0.9405258826982021,0.00487199639721272,0.20921560853713875
Snake,1,rbf,17,34,0.15832435890994886,0.17850036417224296,0.8322617549528525,0.0056446771395380416,0.2765765828140268
Snake,2,rbf,17,34,0.1411392743480163,0.1762128831844658,0.9977412339656118,0.0055723406392809635,0.2377233217479793
Snake,3,rbf,17,34,0.12183959115170598,0.15162416893103534,0.8524883544438796,0.004794777221522094,0.2112951943143742
Snake,4,rbf,17,34,0.10340196918320706,0.1290581812064449,0.8974189097323605,0.004081178032911034,0.17288668459236825
Snake,5,rbf,17,34,0.11263851812925586,0.1375077217006573,0.8247391040947055,0.0043483759643463925,0.19530527625355
Snake,6,rbf,17,34,0.1417273026869596,0.16558505913127575,0.8461527190491634,0.005236259333484934,0.2359485264979602
Spoon,0,rbf,17,34,0.06269943874965797,0.10293019860673477,0.917328844344901,0.0032549386761077186,0.12340525101587528
Spoon,1,rbf,17,34,0.12337559881190242,0.18166978552446078,1.3540980972179142,0.0057449030429158315,0.23146961909285146
Spoon,2,rbf,17,34,0.0998684664956149,0.12141609369475839,0.7085624830776963,0.0038395140067584528,0.18952177498843817
Spoon,3,rbf,17,34,0.08760106607816712,0.11474367433844546,0.8131735017678563,0.0036285135800610173,0.16144090640518488
Spoon,4,rbf,17,34,0.13701342434517044,0.16737376015064231,0.9643055545841516,0.005292823026227567,0.26210365253054657
Spoon,5,rbf,17,34,0.16034848958508185,0.20162948116126725,0.639688271951425,0.006376084039076166,0.30380617464149406
Spoon,6,rbf,17,34,0.09488604267705895,0.1209473936722453,0.8486735423868057,0.0038246924106533175,0.18082204662076024
Sshape,0,rbf,17,34,0.12133078847617272,0.15745958729223755,1.1577233593938354,0.004979309352735757,0.20701979033617082
Sshape,1,rbf,17,34,0.21494522402406194,0.249577566837901,0.9641625065149486,0.00789233564090675,0.360405879179559
Sshape,2,rbf,17,34,0.15511929350569104,0.19209915083094362,1.1323825760696948,0.0060747085321000895,0.24077583228618613
Sshape,3,rbf,17,34,0.18303980996222882,0.2248805980729376,1.1926536023686214,0.0071113489149135485,0.2780947411266556
Sshape,4,rbf,17,34,0.16716268790465086,0.21141946743729242,1.4930673857014332,0.00668567058801646,0.25358300384865085
Sshape,5,rbf,17,34,0.1523518113033269,0.1929993825913268,1.2760919463375089,0.006103176359948427,0.23261636421268825
Sshape,6,rbf,17,34,0.2269165560433972,0.26422886304625387,1.353792981157225,0.008355650307828588,0.34030222213724987
Trapezoid,0,rbf,17,34,0.1136912230486346,0.14451820108844837,0.9611344694606155,0.004570066787897218,0.23188760149289955
Trapezoid,1,rbf,17,34,0.1277561066723892,0.15919154629424392,1.1932286236735685,0.005034078705339479,0.2327010702260075
Trapezoid,2,rbf,17,34,0.09901731910080598,0.13558437075909366,1.011757174746309,0.004287554267194687,0.19669844538593115
Trapezoid,3,rbf,17,34,0.13300288882168138,0.16489393553219261,1.1139496453401896,0.005214404086306976,0.24101285450347015
Trapezoid,4,rbf,17,34,0.12538203435847742,0.15188570610708893,1.0220296095997305,0.004803047753213473,0.22916604415302938
Trapezoid,5,rbf,17,34,0.11357754476104037,0.14153144473373713,1.0319556413582114,0.004475617258928526,0.20305157815812863
Trapezoid,6,rbf,17,34,0.14256221972750635,0.17528003325640776,1.1355989071576569,0.005542841334403087,0.26150926687228804
WShape,0,rbf,17,34,0.09795114023019283,0.12061371316657135,0.7916400417774336,0.0038141405065660527,0.19889343778799753
WShape,1,rbf,17,34,0.1817660132725519,0.2020986062730729,1.094253533625417,0.006390919077685036,0.34532385590314396
WShape,2,rbf,17,34,0.14529501162381023,0.18122636937938805,1.2252200998161942,0.005730880993218616,0.282838943817854
WShape,3,rbf,17,34,0.15409117476680176,0.19318004270077932,1.2670342983948606,0.006108889334230481,0.28477087635128456
WShape,4,rbf,17,34,0.1500032153628668,0.1813830379245082,1.2007769652466735,0.00573583528762146,0.26453101876460117
WShape,5,rbf,17,34,0.1310301943691889,0.16460711276143794,1.1050884362147835,0.005205333953903127,0.24137181168945643
WShape,6,rbf,17,34,0.21276214318839803,0.24039480220283982,1.0444862325577366,0.007601951126266366,0.4066595062118225
Worm,0,rbf,17,34,0.09520158487074161,0.1398175106592569,1.0914280966865941,0.004421417904581224,0.19309344751009602
Worm,1,rbf,17,34,0.11113718184902228,0.14729359173340859,1.0790717458185586,0.004657832346245199,0.22406981410966917
Worm,2,rbf,17,34,0.07367992490680027,0.10688966457234213,0.8561581547361943,0.00338014798380009,0.14756780768457584
Worm,3,rbf,17,34,0.10152319627734537,0.1416643975887971,1.130931527440429,0.004479821597362642,0.20063209019897973
Worm,4,rbf,17,34,0.1205164926500217,0.1691962442985004,1.2838248623838502,0.005350455035295393,0.23572093245380119
Worm,5,rbf,17,34,0.07722192294561399,0.10674860651726495,0.9142113552155775,0.0033756873364365163,0.14773055607392568
Worm,6,rbf,17,34,0.11463892279856643,0.149263089831255,1.1263379500251531,0.004720113344610837,0.2242407988451467
Zshape,0,rbf,17,34,0.1313087840107251,0.177877562507709,1.3497367238393365,0.005624982421633326,0.23350713049097074
Zshape,1,rbf,17,34,0.11380943567624849,0.13490481667529197,0.8624674204135194,0.0042660648802138644,0.1880697317423352
Zshape,2,rbf,17,34,0.15486047210947398,0.18284619595760893,0.8740054477363468,0.0057821044072351654,0.2746560650698757
Zshape,3,rbf,17,34,0.14292142293785026,0.16896280223083726,0.987557103232905,0.005343072948940247,0.22956766139146795
Zshape,4,rbf,17,34,0.10575779421609274,0.13096897898154816,0.9072804659836673,0.0041416027640841175,0.17488141973354981
Zshape,5,rbf,17,34,0.12466254854019429,0.16231806961470496,1.1114278558616681,0.005132948053842373,0.18749628041532793
Zshape,6,rbf,17,34,0.2798275203200931,0.32627521275791777,1.2443476105465912,0.010317728163710483,0.44118391260438744
heee,0,rbf,17,34,0.16607281861492,0.18603529018438908,0.9333777211174406,0.005882952421530354,0.3069435417252735
heee,1,rbf,17,34,0.13734036713920933,0.15315937851033423,0.7152364198632966,0.0048433248110850285,0.23135736717188576
heee,2,rbf,17,34,0.1775027350443887,0.204480306808156,0.8125757439860662,0.006466235061638079,0.312154847052631
heee,3,rbf,17,34,0.1492390621549224,0.1762614250280845,0.9551153447483076,0.005573875667157553,0.2538619489211102
heee,4,rbf,17,34,0.14869887862440032,0.1744298906624349,0.8176109302530192,0.005515957465074308,0.24495120540121224
heee,5,rbf,17,34,0.13996673593832645,0.16379824853441277,0.7392030516053583,0.005179755421150815,0.2319863782367384
heee,6,rbf,17,34,0.13678084317764438,0.1614470649746202,0.8710767388711301,0.005105404468689942,0.21645988565945568
Angle,0,rbf,22,44,0.042282341765873366,0.04855274152785276,0.262986348274178,0.001535372498734583,0.07187164902138461
Angle,1,rbf,22,44,0.03456706836048757,0.03867770704543835,0.16967770376556257,0.0012230964893632686,0.057943872022179474
Angle,2,rbf,22,44,0.046005166515421275,0.058696047856758325,0.36617752579417484,0.0018561320087760094,0.07674610661949598
Angle,3,rbf,22,44,0.056374453124003805,0.06607067630893763,0.23840705125936318,0.0020893382368396968,0.08932712346194181
Angle,4,rbf,22,44,0.059564444265283165,0.07280958112571553,0.280997668613324,0.0023024411184006752,0.09430287746577261
Angle,5,rbf,22,44,0.06859282489549172,0.07771347046986345,0.30940944062485654,0.002457515715610042,0.11102312820663127
Angle,6,rbf,22,44,0.09837509643500182,0.11228241698192401,0.4295755804562019,0.0035506817885164895,0.15575764626186955
BendedLine,0,rbf,22,44,0.04725349838488866,0.052398937714949315,0.11472819859722151,0.0016569999015253855,0.11009494412022279
BendedLine,1,rbf,22,44,0.04327991691047733,0.04985138551603822,0.27327855665791817,0.0015764392274580916,0.0970792177418842
BendedLine,2,rbf,22,44,0.053883612845568835,0.05884991798333742,0.20885663759836565,0.001860997809414493,0.11450069787144045
BendedLine,3,rbf,22,44,0.02702628477422721,0.03192859532517904,0.08101734183732877,0.0010096708371737024,0.05591590991785955
BendedLine,4,rbf,22,44,0.044170012984230296,0.04997139069454578,0.09628670547369415,0.0015802341244090814,0.0864090994726372
BendedLine,5,rbf,22,44,0.0371696362435846,0.04147077780538504,0.13823959332173408,0.0013114211420377575,0.06853052119949245
BendedLine,6,rbf,22,44,0.061704484005478746,0.07205553383490004,0.24294335854546195,0.0022785960493761125,0.11941120297344966
CShape,0,rbf,22,44,0.0377792925697559,0.04257660436625723,0.0918678361644113,0.001346390448332427,0.07081805315101235
CShape,1,rbf,22,44,0.044265536762331845,0.051573552692241655,0.13971601644472437,0.0016308989353419256,0.0724656293181028
CShape,2,rbf,22,44,0.0651052166515744,0.07310095647860772,0.20127985569526785,0.0023116552160924214,0.1023810624659726
CShape,3,rbf,22,44,0.06315225370438686,0.07348836551493791,0.25477152350979,0.002323906165501765,0.10927171538661297
CShape,4,rbf,22,44,0.07589094334049974,0.0841140753082768,0.3154509709068585,0.0026599206125308443,0.11083787602027204
CShape,5,rbf,22,44,0.0643898860885618,0.07401225875457203,0.31219021812428366,0.0023404731243818473,0.10129029776211668
CShape,6,rbf,22,44,0.06714293219824495,0.07941378439151636,0.20776068080635035,0.002511284362907205,0.10160703854309855
DoubleBendedLine,0,rbf,22,44,0.03547969342444912,0.03914803761921692,0.14847079670155197,0.0012379696480268095,0.07947214705281573
DoubleBendedLine,1,rbf,22,44,0.046801753522188544,0.051401064279974096,0.09999606163497105,0.0016254443728144095,0.09571560762874753
DoubleBendedLine,2,rbf,22,44,0.043900132909919246,0.05268807972953683,0.14738130038588362,0.0016661433748588474,0.0891433102820611
DoubleBendedLine,3,rbf,22,44,0.04243306416730348,0.04927335052810152,0.11862730384936175,0.0015581601561666125,0.08078401582377077
DoubleBendedLine,4,rbf,22,44,0.02996045298843338,0.03473340335095246,0.0810651980694617,0.0010983666547833449,0.05879461302081779
DoubleBendedLine,5,rbf,22,44,0.051831332002658805,0.06309840014002292,0.1548931421448181,0.0019953466115515983,0.09477842317286794
DoubleBendedLine,6,rbf,22,44,0.05461720718002247,0.0627047141328774,0.14813858042853628,0.0019828971668964268,0.10019835987980436
GShape,0,rbf,22,44,0.06133139667551055,0.07149259973980547,0.23502090065102693,0.0022607945102454652,0.12531269286216742
GShape,1,rbf,22,44,0.05715171560497036,0.06430008612937571,0.2414974580261826,0.0020333472591382747,0.09741232208230784
GShape,2,rbf,22,44,0.06695480239102901,0.07687686187384563,0.4409954731330713,0.0024310598288751224,0.10048879714376269
GShape,3,rbf,22,44,0.0556646488082214,0.06264277921868619,0.14937939443278928,0.0019809386129411135,0.08478328660534329
GShape,4,rbf,22,44,0.07343579326348444,0.08256697986193795,0.23700933382888462,0.0026109971588497887,0.12453729951549124
GShape,5,rbf,22,44,0.057711156886715916,0.06503319758600863,0.1554577455528195,0.0020565302789555123,0.09285647047997483
GShape,6,rbf,22,44,0.0890983777680501,0.10548140706328676,0.5321316054668846,0.0033356149711935884,0.1475503514919087
JShape,0,rbf,22,44,0.03200732980606311,0.03500612873303889,0.1176137348474497,0.0011069909886146732,0.06598003487939001
JShape,1,rbf,22,44,0.04942782441603284,0.05420132273998461,0.132087022624001,0.001713996320522297,0.09277558773719918
JShape,2,rbf,22,44,0.04016289917076082,0.045896233461866144,0.16854922671781197,0.0014513663376233177,0.07686253055456732
JShape,3,rbf,22,44,0.041844117736822055,0.047446502495835284,0.18985514144496837,0.0015003901489570317,0.07647894492823158
JShape,4,rbf,22,44,0.0750823031155706,0.08194970136604679,0.25435966505438795,0.0025914770988731987,0.13117127117386898
JShape,5,rbf,22,44,0.07264015207326723,0.08668983945895682,0.46313111006770535,0.002741373426846424,0.12365311688421664
JShape,6,rbf,22,44,0.05270788296497925,0.0630591895885172,0.16969472756934825,0.0019941066650409037,0.09401760907321556
JShape_2,0,rbf,22,44,0.04793632989379446,0.054866675936717756,0.15645486490936913,0.0017350366360238054,0.10797940463042326
JShape_2,1,rbf,22,44,0.04320812505163076,0.049535475633261536,0.11002395625137577,0.0015664492798087807,0.09338723382896055
JShape_2,2,rbf,22,44,0.06677426353545309,0.0732453130952622,0.2624113200009557,0.0023162201731318608,0.1268591606399069
JShape_2,3,rbf,22,44,0.06980858955977175,0.07817534140715572,0.29017703522257493,0.0024721213570788464,0.12739576700690317
JShape_2,4,rbf,22,44,0.07888430509471873,0.08685979486995718,0.2974405281788269,0.0027467478888407357,0.14354554417696674
JShape_2,5,rbf,22,44,0.08009190047139485,0.08997117080485388,0.20298799717202146,0.002845138234953829,0.1471443529850466
JShape_2,6,rbf,22,44,0.07917173516322927,0.09230027285551425,0.4677054877053952,0.0029187909087843855,0.13317995140710856
Khamesh,0,rbf,22,44,0.04129102294332603,0.04705228078491507,0.26194684266126583,0.0014879237638610685,0.0749975339901106
Khamesh,1,rbf,22,44,0.046910376871536916,0.05943090345835294,0.6016222314399847,0.0018793701832997317,0.08197426447695437
Khamesh,2,rbf,22,44,0.052552388684154565,0.061437651427062825,0.21898848967909115,0.0019428291260101273,0.08825309046612839
Khamesh,3,rbf,22,44,0.05122915314807996,0.060881201430742944,0.34515608691669336,0.0019252326320864956,0.08184296894684294
Khamesh,4,rbf,22,44,0.059764625102422766,0.07074414685143643,0.3687066449237474,0.002237126351759686,0.09656499038938397
Khamesh,5,rbf,22,44,0.05473457035796537,0.06420706428502497,0.3046414233219469,0.002030405650135295,0.0944322090627284
Khamesh,6,rbf,22,44,0.05831533410526581,0.067930909200056,0.3194898034110293,0.0021481639659826374,0.09437531627289447
LShape,0,rbf,22,44,0.06186599739090894,0.06866885088853274,0.29438753104243104,0.0021714997311424065,0.1089115638060717
LShape,1,rbf,22,44,0.04456440193401263,0.0500595021560007,0.1515481428988872,0.0015830204534707179,0.07796561401766959
LShape,2,rbf,22,44,0.054391051199067474,0.06617453822881914,0.38424089527254385,0.0020926226391295316,0.09055184033890373
LShape,3,rbf,22,44,0.04858264301063303,0.054400286231582926,0.19569756805600744,0.0017202880985690014,0.08491701468443673
LShape,4,rbf,22,44,0.053386937626619606,0.058848398837107616,0.28574038428710336,0.0018609497697926426,0.08923669800092475
LShape,5,rbf,22,44,0.06364983908804567,0.07075447019165,0.2596142529464262,0.002237452804441043,0.10314756972665044
LShape,6,rbf,22,44,0.07913885694194141,0.09139566919899803,0.29312045127552805,0.002890184829441307,0.1284149617998568
Leaf_1,0,rbf,22,44,0.03718377497603386,0.04070387974912471,0.19121710870855776,0.0012871696961283719,0.08034280397727143
Leaf_1,1,rbf,22,44,0.045869567320292876,0.05062758399549934,0.18915812204676602,0.0016009847785726573,0.08665470486151113
Leaf_1,2,rbf,22,44,0.05549121438884133,0.06028042629141819,0.22180876903874527,0.0019062344540677837,0.1045674477415426
Leaf_1,3,rbf,22,44,0.04034406829275099,0.04562340221083511,0.09400758566389199,0.001442738655922005,0.0775153213024909
Leaf_1,4,rbf,22,44,0.05985210150153609,0.07183100133818358,0.17901460041543063,0.0022714957083926294,0.10469685532284514
Leaf_1,5,rbf,22,44,0.04729353862456969,0.05799106167957156,0.15729150844329964,0.0018338383883875573,0.091630819154636
Leaf_1,6,rbf,22,44,0.04631908506186742,0.056258894263308525,0.17781366124636078,0.0017790624451463554,0.08143517257509704
Leaf_2,0,rbf,22,44,0.052365999056594885,0.05997277092184993,0.24395599902505125,0.001896505537045618,0.09339582803025084
Leaf_2,1,rbf,22,44,0.03233685910246576,0.03644053521136345,0.10424902376700969,0.0011523509042347384,0.05516107332220263
Leaf_2,2,rbf,22,44,0.04239598715643861,0.04852368165518826,0.22691201571690642,0.0015344535448732404,0.07034580112722738
Leaf_2,3,rbf,22,44,0.04574230805783628,0.050085643513601535,0.17002591710593803,0.0015838471157821944,0.08010168104338526
Leaf_2,4,rbf,22,44,0.04337016445436663,0.047915909201476696,0.09623043688418653,0.0015152340923448623,0.0735841281003936
Leaf_2,5,rbf,22,44,0.045435032244328225,0.05105085326825387,0.12654667956826568,0.0016143697282273311,0.07899032247400832
Leaf_2,6,rbf,22,44,0.07504629229965643,0.08556108724130808,0.3257141970493666,0.0027056791476290625,0.12728275228948535
Line,0,rbf,22,44,0.039032068395826125,0.04798597201831115,0.20234918839486057,0.0015174496731497034,0.0762603354821507
Line,1,rbf,22,44,0.03582907472494851,0.04686366177626038,0.26040179007863545,0.00148195910708755,0.06663257068561015
Line,2,rbf,22,44,0.04183540684432459,0.048957285295684536,0.22193253389440007,0.001548165295930331,0.07667714184073296
Line,3,rbf,22,44,0.04523594643792582,0.05938275523756385,0.28709258600598153,0.0018778476028699501,0.08544678634605565
Line,4,rbf,22,44,0.06177505650085045,0.08350536149978195,0.41974837313874347,0.0026406713917504513,0.1135481296154483
Line,5,rbf,22,44,0.03439962831189517,0.04103308411140465,0.10440106188740368,0.0012975800521330498,0.06285217293217948
Line,6,rbf,22,44,0.04442965489396214,0.056004531976932656,0.23484189943651848,0.0017710188033883978,0.09066884364185761
Multi_Models_1,0,rbf,22,44,0.046558486816335405,0.058098176549015924,0.17637302018042697,0.0018372256579747147,0.16044093424778957
Multi_Models_1,1,rbf,22,44,0.02038179412203813,0.024181442239732745,0.15787240767542512,0.0007646843458535888,0.06543345102523548
Multi_Models_1,2,rbf,22,44,0.02467829403212783,0.029826924243029334,0.1618716510697948,0.0009432101620526632,0.0826547700476182
Multi_Models_1,3,rbf,22,44,0.02782251344211743,0.031201799934246648,0.1140375381792083,0.0009866875488911137,0.12946503310777052
Multi_Models_1,4,rbf,22,44,0.027723285746273744,0.03055968573716467,0.07810336849757032,0.0009663821150840209,0.1215416070190713
Multi_Models_1,5,rbf,22,44,0.02812305103578164,0.03392689377648201,0.08823417219286012,0.0010728625826827468,0.20505632201247326
Multi_Models_1,6,rbf,22,44,0.02905035639366605,0.04288911155336064,0.13614827429688653,0.0013562727932966189,0.21756929725725066
Multi_Models_2,0,rbf,22,44,0.02482042489617621,0.03338805772481582,0.22938518924526033,0.0010558230905959737,0.07487926819912846
Multi_Models_2,1,rbf,22,44,0.02349040758516395,0.026291728609354,0.1185115070430016,0.0008314174602857001,0.06656191901417385
Multi_Models_2,2,rbf,22,44,0.02317533044851657,0.029674246058123643,0.1636372581295139,0.00093838205391944,0.0699632911473886
Multi_Models_2,3,rbf,22,44,0.02774748341847396,0.03066724900287027,0.10297130112521363,0.0009697835642059766,0.07932616447628278
Multi_Models_2,4,rbf,22,44,0.022565186982541514,0.025454781028809017,0.16610532944403789,0.0008049508539188061,0.09635562305480896
Multi_Models_2,5,rbf,22,44,0.029688592010983696,0.034980569718234676,0.11335890814132385,0.00110618274159936,0.12698900087393813
Multi_Models_2,6,rbf,22,44,0.03948225988453446,0.05260764737093576,0.24910754289595238,0.0016635998803512595,0.15635129331449388
Multi_Models_3,0,rbf,22,44,0.0279330054174267,0.03162448231726616,0.20342500546463532,0.0010000539394628073,0.0854533150267335
Multi_Models_3,1,rbf,22,44,0.03785877739128482,0.04350525018986404,0.12477913671983402,0.001375756807754432,0.10915722676494087
Multi_Models_3,2,rbf,22,44,0.047181798417175645,0.0551662507118685,0.30782439715833165,0.0017445100222138969,0.1259799729969583
Multi_Models_3,3,rbf,22,44,0.050882526496369415,0.05409336466591715,0.2179401328195334,0.0017105823864637137,0.14160230945984376
Multi_Models_3,4,rbf,22,44,0.03133810244871195,0.03559452531068163,0.14524443253517316,0.0011255977221426643,0.10574756684092511
Multi_Models_3,5,rbf,22,44,0.02641045759300252,0.030954809156497173,0.1099873905268834,0.0009788770147036662,0.07872245890599018
Multi_Models_3,6,rbf,22,44,0.03258946835944051,0.037448727334802444,0.170324068724951,0.001184232738525827,0.10124658274390934
Multi_Models_4,0,rbf,22,44,0.06054887007585368,0.06891365077738082,0.17928941900696074,0.0021792409833395663,0.1441535189130282
Multi_Models_4,1,rbf,22,44,0.03611776214425042,0.0419612573424187,0.22512371913732485,0.0013269314668650704,0.08463366697741256
Multi_Models_4,2,rbf,22,44,0.11228709799037596,0.143433749781955,0.43064917857593005,0.004535773426496575,0.24214868507390033
Multi_Models_4,3,rbf,22,44,0.04758467756456181,0.05457907148024001,0.32239180649300914,0.001725941784546961,0.10190381190552195
Multi_Models_4,4,rbf,22,44,0.038444214339774914,0.042893418839699396,0.12531842545938487,0.0013564090016502687,0.14885710594917206
Multi_Models_4,5,rbf,22,44,0.03583419425401852,0.04221835133642375,0.15128644367020325,0.0013350614928031267,0.13801833119656645
Multi_Models_4,6,rbf,22,44,0.031284884297955486,0.03521777721670173,0.1758940320078526,0.001113683901331628,0.11193674198351047
NShape,0,rbf,22,44,0.061170687179569624,0.07583742023159927,0.5057687125060012,0.002398189798031878,0.1004560167571566
NShape,1,rbf,22,44,0.09031776600348297,0.11268726257915826,0.6357215395521691,0.003563484130396003,0.14319576278593285
NShape,2,rbf,22,44,0.09504171939872655,0.11161030477769479,0.6321293853047911,0.0035294277344308836,0.14863328023951775
NShape,3,rbf,22,44,0.06110575997909619,0.07332093459718746,0.45231327155371076,0.0023186115349935273,0.09113284462489729
NShape,4,rbf,22,44,0.06941815621150202,0.08022308776480495,0.3348342133442674,0.0025368767826836995,0.108844168117719
NShape,5,rbf,22,44,0.11771766212806693,0.15703367497696252,1.0331878144656048,0.004965840822737908,0.17946504296100635
NShape,6,rbf,22,44,0.17444546342413303,0.20240934422760182,0.7355051935304237,0.006400745474602767,0.25464765199600214
PShape,0,rbf,22,44,0.03614944352442347,0.04147189119676076,0.1859588754617834,0.001311456350564502,0.06426980235542344
PShape,1,rbf,22,44,0.04015850464560302,0.04528538594900917,0.12934616737641083,0.0014320496431865471,0.06396427988728456
PShape,2,rbf,22,44,0.0713545266540541,0.07859653075827473,0.22283459273954195,0.0024854405338362905,0.11197830151172515
PShape,3,rbf,22,44,0.038035968985780114,0.04426688200690146,0.2343158180768825,0.0013998417205573408,0.05949961576339255
PShape,4,rbf,22,44,0.058205985940375814,0.06489464293307672,0.2885529585639431,0.002052148796118723,0.09922396231440064
PShape,5,rbf,22,44,0.07301451803026758,0.08554260965164513,0.29108677625653584,0.0027050948349390137,0.11626587929393248
PShape,6,rbf,22,44,0.08448552850135041,0.09520817358860298,0.24688933108666405,0.0030107468040467236,0.13013973146159255
RShape,0,rbf,22,44,0.0381763059339696,0.05229872055276463,0.39551022697798527,0.0016538307565939648,0.061220666429216586
RShape,1,rbf,22,44,0.0452506933313169,0.053307389005323585,0.2666858466903745,0.0016857276537344023,0.07169645383651836
RShape,2,rbf,22,44,0.06023691039951548,0.07784955734681707,0.5519610978651899,0.0024618191605183678,0.09590374285637082
RShape,3,rbf,22,44,0.06167652448170419,0.0708985502482425,0.3429953281145163,0.0022420090158834258,0.1012957492239062
RShape,4,rbf,22,44,0.07152391506155778,0.09027127836169245,0.4716993448200756,0.002854628469180212,0.11436387090320012
RShape,5,rbf,22,44,0.06372863113289351,0.08122441178544414,0.39813502790224975,0.0025685414284942723,0.09731606952784784
RShape,6,rbf,22,44,0.0691543373677749,0.08051631032457812,0.4544558770140979,0.0025461492941859804,0.10840911074378917
Saeghe,0,rbf,22,44,0.059179196893884595,0.06926059812251262,0.3517031514003499,0.0021902124217272165,0.11041742171056262
Saeghe,1,rbf,22,44,0.049234683572879405,0.05583642695478825,0.3181588094560615,0.001765702855827504,0.09143093167462595
Saeghe,2,rbf,22,44,0.05107977424130346,0.05991015280863648,0.36294142535122126,0.0018945253784402503,0.09316030296492149
Saeghe,3,rbf,22,44,0.0530906117364709,0.060483364050477675,0.30545031941371165,0.001912651909486568,0.09843865026505418
Saeghe,4,rbf,22,44,0.05878371858674944,0.0753841750929949,0.4044022959011397,0.002383856928267994,0.10592270127531564
Saeghe,5,rbf,22,44,0.05445893481073589,0.06427260330991207,0.4210140617349521,0.0020324781760779915,0.09578866533815719
Saeghe,6,rbf,22,44,0.05322664678686741,0.06383621380482203,0.3877006966655135,0.0020186783282472097,0.0912374381019971
Sharpc,0,rbf,22,44,0.05336047494007826,0.06010147160250104,0.3497231148286868,0.0019005754099183328,0.09949370277146226
Sharpc,1,rbf,22,44,0.06137908048496752,0.06820067878997142,0.18870464312751226,0.0021566948294584605,0.11560097259460786
Sharpc,2,rbf,22,44,0.04714906239983898,0.0528683724270995,0.2741947244781302,0.0016718447305567867,0.07913914900911238
Sharpc,3,rbf,22,44,0.034978286778445694,0.039572977157017124,0.2194961347524459,0.0012514074160998882,0.05951491654633911
Sharpc,4,rbf,22,44,0.04755478169897576,0.054600869924017754,0.2503022011432241,0.001726631111864809,0.08118059184488799
Sharpc,5,rbf,22,44,0.05292727421109545,0.06179441195448289,0.32299728791513616,0.001954110884469031,0.090790765156969
Sharpc,6,rbf,22,44,0.07588783927974879,0.0873873477885302,0.23059833867676308,0.0027634305769303367,0.12227769927685005
Sine,0,rbf,22,44,0.04598602389852028,0.050057271621985006,0.223133950939755,0.0015829499177918375,0.09196918278956911
Sine,1,rbf,22,44,0.03304467748744521,0.038467567649999757,0.21979826193901145,0.0012164512982061008,0.06400969368898442
Sine,2,rbf,22,44,0.057684411755045725,0.06354136822833639,0.1785103743686105,0.0020093544924500097,0.10947718541173515
Sine,3,rbf,22,44,0.049733195614635545,0.05405422784798428,0.2589176305639745,0.001709344771613322,0.08807499827948599
Sine,4,rbf,22,44,0.058303853575831864,0.06499242033501244,0.208406839818912,0.0020552407890568297,0.11301110918338296
Sine,5,rbf,22,44,0.05458700396151334,0.06282514524486876,0.30301574493130035,0.0019867055330468216,0.10408960880184166
Sine,6,rbf,22,44,0.0513305700826804,0.060727750936708895,0.28986145810928027,0.0019203801013942389,0.09451474481267469
Snake,0,rbf,22,44,0.06106541290357166,0.06889597828058856,0.2825844561544756,0.002178682129921511,0.10752640732488321
Snake,1,rbf,22,44,0.05330633816048506,0.06048353817295722,0.1217923518743151,0.0019126574157228402,0.09312076140565044
Snake,2,rbf,22,44,0.06798712646587933,0.07551943918901702,0.16631691215601332,0.0023881343545587293,0.11451189340620234
Snake,3,rbf,22,44,0.059234362560910955,0.06977544726491092,0.30850908725123927,0.0022064933811408462,0.10272470573060132
Snake,4,rbf,22,44,0.05112677848059335,0.058079604352558045,0.2489752101012675,0.0018366383535551247,0.0854832774967475
Snake,5,rbf,22,44,0.06117174415168807,0.07033502567212037,0.16963192319666093,0.0022241888041031567,0.10606642016319154
Snake,6,rbf,22,44,0.06527123307734643,0.07510499484978704,0.42945774696943134,0.0023750284738054276,0.10866396929405356
Spoon,0,rbf,22,44,0.02725649870372216,0.03664311058259662,0.2603573578551477,0.0011587568999442484,0.05364633450351358
Spoon,1,rbf,22,44,0.03171341921328911,0.03541829374409924,0.1579157702707944,0.0011200247906824647,0.05949874315603943
Spoon,2,rbf,22,44,0.03166360049878094,0.035509756530202455,0.10594195475821334,0.0011229170979347744,0.060088454139998776
Spoon,3,rbf,22,44,0.03940454428236537,0.04632017103028297,0.21145318715380715,0.0014647724206424237,0.07261904027231689
Spoon,4,rbf,22,44,0.04131868712861925,0.04828086154930673,0.13611784738329497,0.0015267748989105515,0.07904173526015315
Spoon,5,rbf,22,44,0.09606412708068908,0.1258258373590051,0.4092300337515748,0.003978962345523617,0.18200904195716067
Spoon,6,rbf,22,44,0.03371802905744794,0.03878088184506123,0.173211543228612,0.001226359163002666,0.06425563602580395
Sshape,0,rbf,22,44,0.060170442859011124,0.07169857754895685,0.4668611198608035,0.0022673081004891634,0.10266538791638419
Sshape,1,rbf,22,44,0.07422743990194684,0.0858826094856318,0.3598031509510123,0.0027158465737337836,0.12445964249065748
Sshape,2,rbf,22,44,0.06707945305626228,0.07685828405100406,0.20564785505362837,0.0024304723465336576,0.10412058212688514
Sshape,3,rbf,22,44,0.09931887548356812,0.11425387937303227,0.36154766995435916,0.003613024903289128,0.1508964469111553
Sshape,4,rbf,22,44,0.08409423526492958,0.09774656585915087,0.5069246147587021,0.0030910178157457003,0.12756954947386126
Sshape,5,rbf,22,44,0.07089114250127936,0.08322433437710239,0.3131262067802723,0.002631784533830942,0.10823921082696758
Sshape,6,rbf,22,44,0.09813424167994765,0.1159859115138772,0.5304811913126743,0.0036677965687460026,0.14716996015510364
Trapezoid,0,rbf,22,44,0.03782107567995571,0.04269093273152313,0.20072076118150095,0.0013500058286864665,0.07714085828379778
Trapezoid,1,rbf,22,44,0.06451797095372067,0.07282999013203079,0.4009131865135334,0.0023030865078480446,0.11751611160350098
Trapezoid,2,rbf,22,44,0.03694483855888876,0.04366407231742412,0.21424961759630287,0.0013807792044136687,0.0733911236494836
Trapezoid,3,rbf,22,44,0.06382473650770026,0.07373940475274778,0.36262374301236,0.002331844723237283,0.11565599867741445
Trapezoid,4,rbf,22,44,0.05302896883736865,0.06368446693204238,0.3701418541431783,0.0020138796707892953,0.09692328790286839
Trapezoid,5,rbf,22,44,0.07652190488921172,0.08921099354494127,0.3545109881044873,0.002821099319285933,0.13680427397960887
Trapezoid,6,rbf,22,44,0.08103547368760079,0.09912579830023929,0.4473389931576011,0.003134632975112034,0.1486475684455432
WShape,0,rbf,22,44,0.046352812782877416,0.053610693501945125,0.26660541547903505,0.0016953189840733516,0.09412111246345801
WShape,1,rbf,22,44,0.04703380867786575,0.055805121737974875,0.2962782731767911,0.0017647128979497472,0.08935606760597861
WShape,2,rbf,22,44,0.05451295284413395,0.06651299255680736,0.3389959715240386,0.0021033255047333763,0.10611779327116719
WShape,3,rbf,22,44,0.055789032871164226,0.0683134886261442,0.24418116344390126,0.0021602621897062247,0.10310189279532224
WShape,4,rbf,22,44,0.07183422466532119,0.07991282939175103,0.36859788047804143,0.002527065551463813,0.12667982207524522
WShape,5,rbf,22,44,0.07653495446612152,0.09142407867980593,0.4440781237463445,0.0028910832161062644,0.14098567666783324
WShape,6,rbf,22,44,0.08025925647684666,0.09766687997506737,0.5085433135775037,0.0030884979268350197,0.15340224120087848
Worm,0,rbf,22,44,0.024438734018332214,0.03141888028455145,0.1811299193492575,0.0009935522323134178,0.04956807610702195
Worm,1,rbf,22,44,0.03427817500697871,0.04121008655563015,0.26134856669105727,0.001303177360884745,0.06911012294937004
Worm,2,rbf,22,44,0.040311033017123125,0.05508638179365391,0.33130647095681476,0.001741984345255779,0.08073584189128818
Worm,3,rbf,22,44,0.03368117565036343,0.042752251344011,0.28678141986501915,0.0013519448934706955,0.06656138615485374
Worm,4,rbf,22,44,0.0312381203025149,0.03718805392656526,0.25803184731327533,0.001175989521571143,0.06109934569035521
Worm,5,rbf,22,44,0.03301399766595991,0.04292307186240577,0.3249893556222588,0.0013573467125628774,0.0631579226128628
Worm,6,rbf,22,44,0.04354482048704455,0.05057974327580146,0.31089124004041774,0.0015994719221811874,0.0851763527884919
Zshape,0,rbf,22,44,0.0513350207723075,0.058575494196168316,0.32061887954228396,0.0018523197672986563,0.09128934887750399
Zshape,1,rbf,22,44,0.05056398657471019,0.05662323908505217,0.2707653179026399,0.0017905840400503352,0.08355682755497033
Zshape,2,rbf,22,44,0.05450608927649363,0.0663821885410016,0.15669941279986857,0.0020991891185629472,0.09667042725044898
Zshape,3,rbf,22,44,0.059851192883008844,0.06969046905721273,0.3739479590825744,0.002203806134262795,0.09613603124856124
Zshape,4,rbf,22,44,0.07080169658804834,0.08142872182911098,0.30814223665137996,0.0025750022793626292,0.11707790721847165
Zshape,5,rbf,22,44,0.06490656919523516,0.07966653830004775,0.42420580870235103,0.002519277143291896,0.09762146242905399
Zshape,6,rbf,22,44,0.16725463856727077,0.20078373918204728,0.9319791368423177,0.006349339329404626,0.2636983516129263
heee,0,rbf,22,44,0.07228190387920866,0.07851067117905565,0.2909803709483099,0.002482725415543531,0.13359479151597214
heee,1,rbf,22,44,0.05632925795705971,0.06430122511319757,0.28282326796539675,0.0020333832769692264,0.0948897187851682
heee,2,rbf,22,44,0.07496656642384855,0.0813690523995999,0.15181680347928694,0.0025731153663232508,0.13183558591503022
heee,3,rbf,22,44,0.07493228678776698,0.08321792392882277,0.3601963781624058,0.0026315818176570784,0.12746298513529394
heee,4,rbf,22,44,0.08984261260222329,0.10150262811259118,0.3580920551259243,0.0032097949332882607,0.14799745940853082
heee,5,rbf,22,44,0.0930258992039662,0.10340625563406056,0.22455067612361865,0.003269992921132503,0.1541847875058909
heee,6,rbf,22,44,0.09047385876877544,0.10715385848150634,0.3552887812626869,0.0033885025287691156,0.14317766047709007
Angle,0,fourier,3,6,2.6881249690301185,2.9850221067445313,4.72112891088584,0.09439468723266982,4.5692827367401705
Angle,1,fourier,3,6,2.3579546704785224,2.658179204906152,5.936394378718643,0.08405900716398872,3.95257770301643
Angle,2,fourier,3,6,4.716795308580341,5.682907930692536,14.539658749428586,0.17970932794022718,7.8685874451362245
Angle,3,fourier,3,6,3.4216605879886526,3.8246740647055915,8.89868376632525,0.12094681352243883,5.421730604034553
Angle,4,fourier,3,6,2.9765327843558036,3.4417891284209663,8.520535876404763,0.1088389287181602,4.712469156697267
Angle,5,fourier,3,6,3.9671657286289745,4.535515586267234,8.683424674219944,0.14342559615798364,6.421183993771875
Angle,6,fourier,3,6,4.833155456413578,5.539858143766065,12.505272461588177,0.17518569648533291,7.6523525281226
BendedLine,0,fourier,3,6,3.03927848757407,3.344987102477768,5.211755871991601,0.10577777987716805,7.081151802345033
BendedLine,1,fourier,3,6,5.326621110749502,5.965459706343853,10.38294443130397,0.18864439962005786,11.947902111470688
BendedLine,2,fourier,3,6,4.988352423419036,5.506515302342786,9.407687683040105,0.17413130325973922,10.600065651632367
BendedLine,3,fourier,3,6,3.7099538002796533,4.0610918427208516,6.323175526459327,0.12842300010128188,7.675692172594947
BendedLine,4,fourier,3,6,4.858013972991008,5.308830969561172,8.407913680163455,0.1678799757665333,9.503656084083818
BendedLine,5,fourier,3,6,5.141776418389676,5.632353741600857,8.995346944878316,0.17811066411230178,9.480012543957088
BendedLine,6,fourier,3,6,5.447297905799865,6.000503335055427,9.324293398342277,0.18975257646211635,10.541671425832844
CShape,0,fourier,3,6,3.183485326380546,3.54002873840521,6.6021743999208535,0.11194553795812846,5.967508063651972
CShape,1,fourier,3,6,3.9167671374351274,4.343913404475034,7.376376252541588,0.13736660316677368,6.412008444190585
CShape,2,fourier,3,6,3.064186494704852,3.5225163654016476,6.322196437539601,0.11139174809887145,4.818579601703556
CShape,3,fourier,3,6,2.9774136964101565,3.488812661588786,6.623349462681567,0.11032594340254799,5.151789254351404
CShape,4,fourier,3,6,3.8851013590632775,4.398521927724443,7.983905019197825,0.13909347629803762,5.674147188156566
CShape,5,fourier,3,6,3.537652184106608,3.9702399065614022,6.798040272970102,0.12555000962028115,5.565001972733949
CShape,6,fourier,3,6,4.615029141376471,5.19312202989381,9.520116200902255,0.16422093781661462,6.983898803538091
DoubleBendedLine,0,fourier,3,6,7.400256661837032,8.181750749551602,12.469722654614502,0.25872967616372927,16.57608138329688
DoubleBendedLine,1,fourier,3,6,8.02707403451596,8.92186792136232,14.78971901859682,0.2821342361469696,16.41639919176065
DoubleBendedLine,2,fourier,3,6,7.519139784532641,8.436226463872458,15.42471048162259,0.26677690482825167,15.26831393066997
DoubleBendedLine,3,fourier,3,6,8.313824847670219,9.244389858726082,14.821143679029097,0.2923332753213661,15.827849608083808
DoubleBendedLine,4,fourier,3,6,7.3885078841263585,8.413439347049284,17.573530585406647,0.26605631292355586,14.499262144540271
DoubleBendedLine,5,fourier,3,6,8.429493433567742,9.393570014877639,15.629122917649752,0.29705076607275105,15.414114685275926
DoubleBendedLine,6,fourier,3,6,8.76880439273074,9.708997605399112,16.218052912799468,0.30702546230181904,16.086868289739648
GShape,0,fourier,3,6,8.897422301148625,9.60190235068867,14.077478993904785,0.3036388129870103,18.179268833348402
GShape,1,fourier,3,6,10.006980249981652,10.783991367322624,18.652088553888298,0.3410197498833299,17.056411568119742
GShape,2,fourier,3,6,11.407906382263715,12.404099157332116,20.611144790587232,0.39225205659744766,17.12150210805388
GShape,3,fourier,3,6,11.25475535184066,12.113186981151486,18.677479510294443,0.3830526058393779,17.142210884247866
GShape,4,fourier,3,6,10.730089844628392,11.678822986771609,17.937664937850794,0.3693168102812881,18.196799590821374
GShape,5,fourier,3,6,12.113537048532358,13.04234651672749,19.1032669683824,0.4124352102602222,19.490517189996584
GShape,6,fourier,3,6,11.038577852976777,11.967582385192978,18.287892558543653,0.3784481842292037,18.280310853892747
JShape,0,fourier,3,6,2.33616688280702,2.82033941452906,9.285940144812807,0.08918696324657613,4.815783551631489
JShape,1,fourier,3,6,2.479809148435419,3.1514654450440887,9.014503024494367,0.0996580877365552,4.654579762316087
JShape,2,fourier,3,6,2.407056249184179,2.7155336535178343,4.924117842298193,0.08587271407954868,4.606550779934058
JShape,3,fourier,3,6,2.530713761299153,3.0691009503781665,7.936782812178577,0.09705349372182419,4.625412814217339
JShape,4,fourier,3,6,2.379684669075369,2.896985953218221,7.94177395977173,0.09161073961683579,4.157387960717083
JShape,5,fourier,3,6,2.150366971068228,2.624716158128661,7.048208838914598,0.08300081271133242,3.6605041540835916
JShape,6,fourier,3,6,1.889192736529445,2.189747505409574,4.079111981650466,0.06924589617766133,3.3698447779623057
JShape_2,0,fourier,3,6,3.6881028184808553,4.0107361634845295,8.070536502188615,0.12683061370616563,8.307668681304328
JShape_2,1,fourier,3,6,3.382786447786883,3.874557634844067,9.304917382213992,0.12252427051702226,7.311334815278903
JShape_2,2,fourier,3,6,3.5090912593493915,4.046911467887845,9.740241560793926,0.12797457727580955,6.666645923148886
JShape_2,3,fourier,3,6,3.232394899192991,3.8144854920028863,9.79644909759562,0.12062462256397116,5.898893389033529
JShape_2,4,fourier,3,6,3.792133056875138,4.407506074882134,11.360311190538173,0.13937757997656192,6.900533668731647
JShape_2,5,fourier,3,6,4.585248331274164,5.001473969017411,11.33348178451819,0.15816049400137436,8.42399037867844
JShape_2,6,fourier,3,6,4.4727174704833335,5.15450216220798,11.506496145865205,0.16299967036839905,7.523850451787917
Khamesh,0,fourier,3,6,2.934184909758669,3.261721138494338,5.238834579166445,0.10314467889959616,5.329406171528711
Khamesh,1,fourier,3,6,3.183333021968251,3.6154781818355644,5.967042317225893,0.11433145885244793,5.56276458353037
Khamesh,2,fourier,3,6,2.8789296004672322,3.258319934897898,5.400335550319388,0.10303712339808911,4.8346886000304155
Khamesh,3,fourier,3,6,3.2975942275577736,3.709474739389941,5.9933184644727024,0.11730389099331731,5.268189797812704
Khamesh,4,fourier,3,6,3.309811891405911,3.9409702280007783,7.409720382933413,0.12462442111395547,5.347845032685131
Khamesh,5,fourier,3,6,2.983693200868442,3.4136151230110783,6.044483806774671,0.10794798843910867,5.147692551174775
Khamesh,6,fourier,3,6,3.142128055653181,3.648906890735254,7.030219510847064,0.11538856744606557,5.0851004040706815
LShape,0,fourier,3,6,3.017365055260633,3.310741175193954,4.930225492901296,0.10469482856915448,5.311899275877838
LShape,1,fourier,3,6,2.5166530621585506,2.837343352690444,4.7157240057895,0.08972467498440241,4.402895422027099
LShape,2,fourier,3,6,2.2337889775374213,2.385284787144715,3.9940446822345774,0.07542932795527221,3.7188783519638897
LShape,3,fourier,3,6,1.8776513515115252,2.095744227980378,4.0135212186890525,0.06627325153569177,3.281924109267992
LShape,4,fourier,3,6,2.8307292953284797,3.2266349202353584,5.994624512812741,0.10203515525779454,4.731586910196645
LShape,5,fourier,3,6,3.2194393110316164,3.5575881827730966,6.086399422214681,0.11250081634462385,5.2172534223691684
LShape,6,fourier,3,6,1.8060376681285202,2.0244009571854558,3.6713147077246298,0.0640171792213105,2.9305737677253965
Leaf_1,0,fourier,3,6,1.9098443290999196,2.1895375602961074,4.189587881430211,0.06923925713023958,4.12659146788826
Leaf_1,1,fourier,3,6,2.253702818414686,2.7814189330105297,7.977212231425003,0.08795618955428568,4.25759308370196
Leaf_1,2,fourier,3,6,2.7921138439551627,3.153760588143597,6.161395552308937,0.09973066653405986,5.261449432703889
Leaf_1,3,fourier,3,6,2.695511161659827,3.0832786768989004,5.424078960489295,0.09750183280030912,5.1790367856395605
Leaf_1,4,fourier,3,6,3.6042179191695087,3.9478309154175295,7.6545942093417745,0.12484137509946935,6.304712325357723
Leaf_1,5,fourier,3,6,2.3338263079432564,2.750229399311719,5.464548267912564,0.0869698898978175,4.5217681438280435
Leaf_1,6,fourier,3,6,2.8865486747844042,3.2375549083984176,6.997589042045067,0.102380475603968,5.074940257639205
Leaf_2,0,fourier,3,6,3.6496766163930148,4.02388331391874,7.4075374132308145,0.1272463631072954,6.509272729854312
Leaf_2,1,fourier,3,6,3.288307355568948,3.6679328687941757,7.693719108368821,0.11599022169985138,5.609282044731605
Leaf_2,2,fourier,3,6,3.6563663296648796,4.059633723587297,8.668827402800854,0.1283768903256628,6.0668482072561885
Leaf_2,3,fourier,3,6,3.476818055069318,3.929485022403148,8.164043761664672,0.12426122702311719,6.088432847352462
Leaf_2,4,fourier,3,6,3.7258888125699094,4.12099849775265,8.624669445083835,0.13031741487030654,6.321541159025137
Leaf_2,5,fourier,3,6,2.8676386237167524,3.389380988216761,9.751817701217593,0.10718163780837288,4.985485614012835
Leaf_2,6,fourier,3,6,3.362341873563289,3.755773042512699,8.280051415813357,0.11876797189000533,5.702721809312884
Line,0,fourier,3,6,2.1561263102862087,2.460562293726553,4.362004311120188,0.07780981172904147,4.212610874137046
Line,1,fourier,3,6,0.9669733899903112,1.1426437152795028,2.1010873270286967,0.036133566943601696,1.7983138904440708
Line,2,fourier,3,6,1.4712572869395966,1.6562127063961316,2.901007885864656,0.05237404441923498,2.6965628443549723
Line,3,fourier,3,6,1.8304192276065285,2.120999087248171,3.9728958574052062,0.06707188030842416,3.45750344539887
Line,4,fourier,3,6,1.8071528356525637,2.2197427521105615,4.700773346414874,0.07019442916319905,3.321710024090019
Line,5,fourier,3,6,1.8752164012644708,2.09220093639128,3.523236704272197,0.06616120281733509,3.426241250891018
Line,6,fourier,3,6,1.4285069112850015,1.684053043385057,3.428903451567279,0.05325443317635136,2.9151941443104548
Multi_Models_1,0,fourier,3,6,1.921259190848965,2.079887721809097,3.606646954064651,0.06577182478335414,6.620675210685944
Multi_Models_1,1,fourier,3,6,2.2753552549988276,2.5013180202439047,4.483726592783107,0.07909862096393898,7.304771393112762
Multi_Models_1,2,fourier,3,6,2.042166496419587,2.2885828125483143,4.128589170602567,0.07237134301566851,6.839808373332568
Multi_Models_1,3,fourier,3,6,0.6629948372961717,0.7102615705942744,1.6048408595402173,0.022460442975663804,3.0850788782761156
Multi_Models_1,4,fourier,3,6,0.9858776770860452,1.054243309183793,1.9000643480517603,0.033338100650138945,4.32218454529231
Multi_Models_1,5,fourier,3,6,0.37081609106794144,0.42313094882979024,0.9052722054391382,0.013380575468102954,2.7037672292628985
Multi_Models_1,6,fourier,3,6,0.3363352367582154,0.3811889619749964,0.7262074161765254,0.012054253387563049,2.5189440058054093
Multi_Models_2,0,fourier,3,6,2.328324787156432,2.590199198427817,4.8625986964627606,0.08190929060574328,7.024184997696159
Multi_Models_2,1,fourier,3,6,1.7654385164919397,2.1513605558731106,6.569069087921756,0.06803199424804965,5.002509008547693
Multi_Models_2,2,fourier,3,6,2.735089410507106,3.001639812559335,6.350836127552151,0.09492018523128387,8.25687716369527
Multi_Models_2,3,fourier,3,6,1.4839417032881232,1.85120244680036,5.607519683937933,0.05854016141965822,4.242381258614441
Multi_Models_2,4,fourier,3,6,1.3250663615408667,1.4824216630872205,3.230512602347466,0.046878289081303724,5.6581669344917005
Multi_Models_2,5,fourier,3,6,0.9387929459175021,1.0952706925349616,2.4636501993890856,0.03463550042840459,4.015561875937361
Multi_Models_2,6,fourier,3,6,1.0760089243155808,1.1909927604323836,2.2128795804890045,0.03766249799737597,4.26103742355887
Multi_Models_3,0,fourier,3,6,4.504324461496842,4.985011484041679,7.714157342872618,0.1576399045166782,13.779736603307859
Multi_Models_3,1,fourier,3,6,4.809391399607799,5.315501796005649,8.246200633773924,0.16809092582093563,13.866792954840545
Multi_Models_3,2,fourier,3,6,5.153428916984057,5.623020791275902,8.729329752594449,0.17781553030914107,13.76015449989833
Multi_Models_3,3,fourier,3,6,5.018743241417555,5.459792156810508,8.37907071173689,0.17265378766644404,13.966791401787322
Multi_Models_3,4,fourier,3,6,4.1630498077555975,4.892481182533576,9.14672421548766,0.15471383946320102,14.047831662054886
Multi_Models_3,5,fourier,3,6,4.4609941048766535,5.301960156031586,11.059637909229425,0.16766270156521537,13.297021600794318
Multi_Models_3,6,fourier,3,6,4.6295722387811145,5.3714683151369,10.710794931257087,0.16986074255259703,14.38281728234688
Multi_Models_4,0,fourier,3,6,2.34238565961749,2.586637866553921,4.9676944383425905,0.08179667140349062,5.5767041575220535
Multi_Models_4,1,fourier,3,6,2.252490561735633,2.541135019535514,6.315865752329738,0.08035774503748694,5.278193463656937
Multi_Models_4,2,fourier,3,6,2.8143563287655278,3.117250720147099,7.1060564850103916,0.09857612313464965,6.0691984790486995
Multi_Models_4,3,fourier,3,6,1.4492730973171268,1.9563778636943736,6.080277010022929,0.06186610013208656,3.1036556443691365
Multi_Models_4,4,fourier,3,6,1.436442000550931,1.5868946098866599,2.7802497525227223,0.050182013738862,5.561944826757059
Multi_Models_4,5,fourier,3,6,1.5668092376149385,1.70271398696651,2.599797983708131,0.053844544026404276,6.03469397821685
Multi_Models_4,6,fourier,3,6,1.2470720130800605,1.4057126872777141,3.775072016041244,0.044452538275935746,4.462000780745171
NShape,0,fourier,3,6,13.27788293997637,14.731535641281123,21.96252661647446,0.46585206058397555,21.80526805596063
NShape,1,fourier,3,6,12.610375595483394,14.353261846566214,25.39654267487296,0.4538899928794348,19.99332393078368
NShape,2,fourier,3,6,13.658512877310912,15.31635010596532,25.524168240900543,0.4843455177541172,21.360194080996557
NShape,3,fourier,3,6,13.999305004115081,15.656129693086315,25.186757960158523,0.49509029173145686,20.878498004656304
NShape,4,fourier,3,6,13.575271952229361,15.320555784208299,28.124508706751712,0.4844785129776535,21.285341807557025
NShape,5,fourier,3,6,13.786425460229534,15.499075528923099,27.13768460093588,0.49012380298375924,21.017928769321834
NShape,6,fourier,3,6,13.900221677704481,15.879649479514505,27.23633796781874,0.5021586080037315,20.290919253344676
PShape,0,fourier,3,6,5.13414423959999,5.745260951654806,10.975613377311623,0.18168110359255715,9.127953389390097
PShape,1,fourier,3,6,6.372204285293799,7.022951260827496,10.433389498464857,0.22208521880566143,10.149617422274073
PShape,2,fourier,3,6,5.998168984107597,6.563402734296029,12.28834913977846,0.20755301841352394,9.41306468582
PShape,3,fourier,3,6,6.074900437808037,6.566586411830756,10.756781177402525,0.20765369513697637,9.50295868591055
PShape,4,fourier,3,6,5.495376435388602,6.034106745797374,10.794157209009882,0.1908152096130635,9.367988799073048
PShape,5,fourier,3,6,5.913864218788858,6.362095160939765,9.749396423389017,0.20118711399305167,9.417039815799107
PShape,6,fourier,3,6,6.092301585734728,6.781501015080175,11.962072677713927,0.2144498916239722,9.384453247965173
RShape,0,fourier,3,6,3.193012343115452,3.9131543391615145,9.380970022893084,0.12374480547521415,5.120410128217881
RShape,1,fourier,3,6,3.9517176737002973,4.535426232676545,11.277147521818856,0.1434227705493467,6.261211108810247
RShape,2,fourier,3,6,3.186947384161004,3.952392795492292,9.81754318658637,0.12498563441395726,5.0739684422761995
RShape,3,fourier,3,6,3.0593502872588583,3.7804183195450856,10.135106483003666,0.1195473239798871,5.02458888678443
RShape,4,fourier,3,6,2.773058911644214,3.3530009826581235,7.895077014746201,0.10603120101982408,4.434009954646634
RShape,5,fourier,3,6,2.8130477761167034,3.3166371454290844,7.408502799430349,0.10488127551875018,4.2956320903059915
RShape,6,fourier,3,6,3.0139671624079876,3.601992151134635,8.829900699169169,0.11390499311634902,4.724815714016069
Saeghe,0,fourier,3,6,3.8605639728933414,4.806973171373169,12.00323544783796,0.1520098387286212,7.2030974161398085
Saeghe,1,fourier,3,6,4.676186975525762,5.571933021327393,11.1673064746668,0.17619999317298113,8.68388097232707
Saeghe,2,fourier,3,6,4.593008168749882,5.43176738830386,11.35594859924525,0.17176756667264437,8.376819178952177
Saeghe,3,fourier,3,6,4.799642311489865,5.654566480558165,11.736442262540251,0.1788130925940602,8.899319398377564
Saeghe,4,fourier,3,6,5.126319800110881,5.817017298959723,11.483935835744614,0.1839502385331334,9.237143445213722
Saeghe,5,fourier,3,6,4.14204835739268,5.168371449753978,11.92984627176139,0.16343825575009066,7.285513117354155
Saeghe,6,fourier,3,6,3.499069251055621,4.557458358225527,10.51529212033017,0.14411948753364245,5.997862602281308
Sharpc,0,fourier,3,6,4.724978774869226,5.054447180517983,9.635332863356648,0.1598356540345307,8.809997181550894
Sharpc,1,fourier,3,6,4.793578756945422,5.1356726400619115,8.387164721448316,0.16240422859605744,9.028195960795768
Sharpc,2,fourier,3,6,5.02986793023132,5.265723820122989,8.472641826129859,0.16651680800991425,8.442574409031971
Sharpc,3,fourier,3,6,5.184287166394837,5.497727423684724,9.246524072235598,0.1738534061361326,8.820969992457592
Sharpc,4,fourier,3,6,5.451453538390038,5.801831984975036,8.437241973805863,0.1834700367413692,9.306156160337162
Sharpc,5,fourier,3,6,5.47033575789166,5.88230527547168,8.629073265220967,0.18601482562914698,9.38374357129457
Sharpc,6,fourier,3,6,5.408708219284201,5.854956382687619,9.327248820284261,0.1851499777023332,8.715024744291942
Sine,0,fourier,3,6,5.1674799758777175,5.870242817206724,9.934724338668454,0.1856333772061671,10.334638008967511
Sine,1,fourier,3,6,5.2484473453820755,5.812559659067115,10.419496991415405,0.1838092755826387,10.166584529333338
Sine,2,fourier,3,6,5.574823003977588,6.296105711986213,12.024283404024825,0.19910034439072533,10.580257526690922
Sine,3,fourier,3,6,5.984924806811403,6.739822938810532,12.019308306904142,0.2131319151289094,10.599002045781372
Sine,4,fourier,3,6,5.188315637887548,5.825882483916347,12.118351430362495,0.18423058029654932,10.05657892352782
Sine,5,fourier,3,6,5.584241154835967,6.362451530171181,11.28966784192398,0.20119838337764445,10.648349150501824
Sine,6,fourier,3,6,5.718952201005899,6.398374360452808,11.92134701061894,0.20233436301454055,10.530280630106171
Snake,0,fourier,3,6,5.521343223771784,6.221276003330967,14.01815695054918,0.19673402123075137,9.72220070626992
Snake,1,fourier,3,6,5.638864038440232,6.3714460446329095,14.299382405209169,0.20148281489910835,9.850523049278559
Snake,2,fourier,3,6,6.237558149356476,7.105707985599537,13.775629526643984,0.22470221622541472,10.506027111949939
Snake,3,fourier,3,6,5.464831714966783,6.4504004518004825,14.73556167407197,0.2039795724786869,9.477154906663468
Snake,4,fourier,3,6,5.73501711172775,6.564687212994258,12.880886238407724,0.2075936371964476,9.58887052499321
Snake,5,fourier,3,6,6.426032173574493,7.362815123750137,15.346061224749354,0.2328326578178494,11.142174184447057
Snake,6,fourier,3,6,6.382562228105355,7.362175771468241,14.370247587975141,0.23281243972346924,10.625730712799067
Spoon,0,fourier,3,6,4.006915461838992,4.299666159963356,7.644931939955013,0.13596738243834078,7.88642479467697
Spoon,1,fourier,3,6,4.002651812825994,4.361401366774412,9.265615112344078,0.1379196210917856,7.509526189928916
Spoon,2,fourier,3,6,3.9591613056510457,4.325277471049736,9.072884701888206,0.13677728320730165,7.513355360728157
Spoon,3,fourier,3,6,3.993387556922667,4.370919800777635,8.796493588570671,0.13822062040386737,7.359455034959447
Spoon,4,fourier,3,6,4.369053522729584,4.713238844147443,9.048863838126683,0.14904569903885295,8.357902825083578
Spoon,5,fourier,3,6,3.917180744125958,4.275614170896362,8.66262852457026,0.1352067917612491,7.421733128460644
Spoon,6,fourier,3,6,4.019550025687138,4.33020243106863,9.845411855705024,0.13693302411775132,7.659959690942041
Sshape,0,fourier,3,6,12.7529668896695,14.176934470057855,22.009671954729267,0.44831403164334993,21.759658573239896
Sshape,1,fourier,3,6,12.48206809920271,13.981929492063733,22.64975487304072,0.44214743278802565,20.9291029735496
Sshape,2,fourier,3,6,13.421285474065229,14.921653035325011,23.904065004416523,0.4718641004639198,20.83249031978087
Sshape,3,fourier,3,6,13.202814407922915,14.618949818748698,25.288346998469166,0.4622917842695158,20.059206003722696
Sshape,4,fourier,3,6,13.381409006116012,15.038642339455906,27.028263401911254,0.4755636270932374,20.29937382577753
Sshape,5,fourier,3,6,13.224366197681,14.75788434612543,25.51284883063376,0.46668527979101077,20.191450023505904
Sshape,6,fourier,3,6,13.975852842892145,15.564282191389708,24.369578103935197,0.49218581870388217,20.959307075812585
Trapezoid,0,fourier,3,6,2.1507070551336382,2.441362869931757,4.5889279968943315,0.07720267263949757,4.386638538627158
Trapezoid,1,fourier,3,6,1.8021095592854879,2.1810185148048133,4.680259647062449,0.06896986125780878,3.282448362218937
Trapezoid,2,fourier,3,6,2.4637549993686436,2.640217806727768,4.653343420822418,0.08349101788193977,4.894262767246375
Trapezoid,3,fourier,3,6,1.9992840011209982,2.3801954679104655,5.196116140353323,0.07526838955007288,3.6228772799011706
Trapezoid,4,fourier,3,6,2.733499759315104,2.9802526261216586,5.893862740230268,0.09424386301242664,4.9961330563874835
Trapezoid,5,fourier,3,6,2.9079612352872766,3.0213267664416383,5.335258020535152,0.09554274137587158,5.198792765683078
Trapezoid,6,fourier,3,6,2.319940595055228,2.7457058759611286,5.123356961903656,0.08682684352944928,4.255587247166695
WShape,0,fourier,3,6,6.635979483957226,7.395491589915402,12.56268949565855,0.23386597840752604,13.47460345589768
WShape,1,fourier,3,6,7.181289703152411,7.873694522846553,12.11552323023639,0.24898808292587782,13.643203181948287
WShape,2,fourier,3,6,7.338302639956177,8.101357903855089,12.269024248490293,0.25618743116389475,14.28512751335809
WShape,3,fourier,3,6,7.812385128146567,8.561940720642255,13.32892140589252,0.27075233868572957,14.437814253171302
WShape,4,fourier,3,6,8.019895871389267,8.787566008069826,13.620218782076623,0.27788723674574234,14.143105000199885
WShape,5,fourier,3,6,7.787357568409092,8.624240412881461,14.841391437111959,0.2727224279357637,14.345156195559252
WShape,6,fourier,3,6,7.832139563342784,8.682317144610206,13.943368820816186,0.27455897544897767,14.969834199267153
Worm,0,fourier,3,6,2.296000564387079,2.578896887166349,5.406938465513735,0.08155188014163921,4.656883234292461
Worm,1,fourier,3,6,2.649554320212551,2.8780790806028125,5.884792106007882,0.09101285180788223,5.341912887533957
Worm,2,fourier,3,6,2.8999323400577866,3.180098345067091,5.4651773931868775,0.10056353953744096,5.8080495928468725
Worm,3,fourier,3,6,2.8166014323626385,3.2377053004185363,7.432304952760511,0.1023852314172229,5.566221842430871
Worm,4,fourier,3,6,2.6545248169540128,2.928347130505188,5.322617114937766,0.09260246712014733,5.1920450995139635
Worm,5,fourier,3,6,2.743768964569623,3.149865158374274,6.279296331657481,0.099607482228697,5.24900830506024
Worm,6,fourier,3,6,2.7438978328008132,3.1171693736112744,6.109388281098161,0.09857355073131994,5.367233283043509
Zshape,0,fourier,3,6,10.620615815698878,12.099443658203146,22.77358041603819,0.38261800380801775,18.88669933131285
Zshape,1,fourier,3,6,11.954961208147795,13.438061445504822,25.186772388483604,0.424948815050899,19.755535505880758
Zshape,2,fourier,3,6,11.206908956116946,12.728517557549678,26.29422304972074,0.4025110671930033,19.87625036624902
Zshape,3,fourier,3,6,11.3591263909629,12.916346279769455,26.228009913242442,0.40845073291513906,18.24560676363695
Zshape,4,fourier,3,6,12.171719574447735,13.598686222112311,26.96147408957489,0.430028216478253,20.12719360833792
Zshape,5,fourier,3,6,12.920121721281598,14.427189234436582,25.971259397752316,0.45622778215080545,19.43225767177797
Zshape,6,fourier,3,6,12.744587370025437,14.197752049772294,25.231233977954208,0.4489723413160474,20.093473701244612
heee,0,fourier,3,6,10.90621541564657,11.790851162062715,18.881312578032468,0.372859452241613,20.157376832746703
heee,1,fourier,3,6,10.503841263239336,11.223480041164668,18.718262314337935,0.35491760203520706,17.694295642818954
heee,2,fourier,3,6,10.814065910514056,11.541497294260072,18.489154009308013,0.3649741905853242,19.0175271917327
heee,3,fourier,3,6,10.69401758018181,11.456124037936847,21.483161811889627,0.36227445117285656,18.190975643383364
heee,4,fourier,3,6,11.500097771472541,12.301843966700442,20.33688782644944,0.3890184635477397,18.944075687815932
heee,5,fourier,3,6,9.668676500491635,10.432293818135008,19.664201088533975,0.32989809685401017,16.02524506022667
heee,6,fourier,3,6,11.194455064456408,12.020890392387967,22.321301622009525,0.38013393143181173,17.715568985965945
Angle,0,fourier,7,14,0.24471177737927177,0.2767577766601958,0.6862075165564756,0.008751849344104067,0.41596179967017827
Angle,1,fourier,7,14,0.35010130373271486,0.41848763149172746,1.043897460586837,0.013233740881230669,0.5868656527863122
Angle,2,fourier,7,14,0.5989282771599717,0.7039453294965687,2.1472203332104636,0.02226070589446868,0.9991358992460612
Angle,3,fourier,7,14,0.5349138891869868,0.5941326164874178,1.2352943013145452,0.018788123002955487,0.8475881604706528
Angle,4,fourier,7,14,0.4352808753678743,0.5000094286670163,1.2509341996707115,0.015811686461472605,0.6891399652818662
Angle,5,fourier,7,14,0.4779063261935531,0.5210125527086411,0.9691022075776571,0.01647586356097836,0.7735306922347542
Angle,6,fourier,7,14,0.6499914577735235,0.7725084648561518,1.937125350613514,0.02442886260705578,1.0291338277875766
BendedLine,0,fourier,7,14,0.39483642623693094,0.42937210209956755,0.7246024931952741,0.013577938063689992,0.9199211861334825
BendedLine,1,fourier,7,14,0.562463941263931,0.6308316989124283,1.2632279784194194,0.01994864988796837,1.2616373441488964
BendedLine,2,fourier,7,14,0.4354526240553843,0.4914302213693442,1.0748705345117293,0.015540388105678786,0.9253208296776586
BendedLine,3,fourier,7,14,0.5328179853217616,0.6052264282599169,1.2539653131414636,0.019138940134298354,1.1023713661997012
BendedLine,4,fourier,7,14,0.677047762471661,0.7164741749304627,1.1076783248970992,0.022656902774701736,1.3244978550499211
BendedLine,5,fourier,7,14,0.42309123064753396,0.4767314061467574,0.9633026204374092,0.015075570755585493,0.780063123599026
BendedLine,6,fourier,7,14,0.35173136831010765,0.4218317246650746,0.9299975565792418,0.013339490392586643,0.6806744516278299
CShape,0,fourier,7,14,0.31086190363503546,0.36033958838141267,0.8896044338613557,0.011394938304128107,0.5827169678628279
CShape,1,fourier,7,14,0.32228061248917184,0.3492608668821595,0.6479371466695723,0.011044598369124952,0.5275948087209231
CShape,2,fourier,7,14,0.31357808415705574,0.37887022076911053,1.2477843122622285,0.011980928352412204,0.4931165131337778
CShape,3,fourier,7,14,0.33406595843172915,0.3844255261238094,0.9417734845846396,0.012156602532597984,0.5780309995108258
CShape,4,fourier,7,14,0.4916555750907738,0.5402132262466905,1.0156757282793,0.017083042170873957,0.7180574819328355
CShape,5,fourier,7,14,0.45654906446121957,0.5380487165417768,1.513103544548882,0.017014594364023295,0.7181871795624669
CShape,6,fourier,7,14,0.4603743088996023,0.5515069807226092,1.4958972338336143,0.017440182045660203,0.6966819681109631
DoubleBendedLine,0,fourier,7,14,0.5115954069048267,0.5457384803128593,0.9157146810567608,0.01725776604587596,1.145939592056009
DoubleBendedLine,1,fourier,7,14,0.5821146455699027,0.6307377598448453,1.0284957809773232,0.019945679273820023,1.1904993470789678
DoubleBendedLine,2,fourier,7,14,0.40202995937062225,0.45025508963670385,1.0062335957622348,0.014238316113352597,0.816359291767933
DoubleBendedLine,3,fourier,7,14,0.39368415632521714,0.425283830563708,0.7939401060260869,0.013448655566224479,0.7494954167992911
DoubleBendedLine,4,fourier,7,14,0.4595892519924136,0.48950110851263273,0.8855769855599244,0.015479384200771563,0.9019013240505083
DoubleBendedLine,5,fourier,7,14,0.46132761969237923,0.5270728108529358,1.1154078468370543,0.016667505750423924,0.8435805654829264
DoubleBendedLine,6,fourier,7,14,0.3555050789625849,0.4145083872949233,0.8266375546194676,0.013107906130951584,0.6521942017939829
GShape,0,fourier,7,14,0.6133454641242466,0.6804621400310077,1.4575755732604327,0.021518102240104232,1.253191284243087
GShape,1,fourier,7,14,0.52868164920317,0.59974796964534,1.7444542621478643,0.018965696061408025,0.9011121809037351
GShape,2,fourier,7,14,0.6459465061056084,0.7220078602826566,1.4856428270535942,0.022831893270378174,0.9694657455439795
GShape,3,fourier,7,14,0.5067229651126166,0.5729264096379059,1.2373021352018794,0.018117523861184273,0.7717939356568279
GShape,4,fourier,7,14,0.6581346383270021,0.751741863824133,1.8685930063635323,0.02377216502184396,1.1161084660823657
GShape,5,fourier,7,14,0.5575415258268692,0.5974899456600326,1.1585696897850837,0.0188942910733594,0.8970767703708891
GShape,6,fourier,7,14,0.568300587503772,0.6768575797573804,1.7950803270431435,0.02140411603582401,0.9411277010849092
JShape,0,fourier,7,14,0.6441666627358433,0.7840178662417036,3.3398552761691285,0.024792821835890197,1.3278876786341631
JShape,1,fourier,7,14,0.563488755961005,0.6372857046080196,1.837784588960955,0.02015274346826605,1.057663393750911
JShape,2,fourier,7,14,0.39245487415782077,0.4609347470652654,1.097444592614942,0.014576036534398512,0.7510681593973424
JShape,3,fourier,7,14,0.6140552663966707,0.6920144018854973,1.5321980989607946,0.021883416835972908,1.1223154278699392
JShape,4,fourier,7,14,0.3679879012499152,0.4279399876756859,1.2352277564750886,0.013532650629195531,0.6428870556788422
JShape,5,fourier,7,14,0.4566495986932072,0.5308884478517444,2.0775469966505495,0.01678816678683037,0.7773406936894649
JShape,6,fourier,7,14,0.3589619247046306,0.40912731811476655,1.086934829388954,0.012937741782389281,0.6402978076632809
JShape_2,0,fourier,7,14,0.6897654399793995,0.7572853813418006,2.251705286957371,0.023947466437892678,1.553737253324003
JShape_2,1,fourier,7,14,1.0678115152376786,1.197451340029836,2.5464078003455337,0.03786673621715041,2.3078984227989348
JShape_2,2,fourier,7,14,0.8928416866512291,0.9944103698158979,2.8170416901293063,0.03144601697508591,1.6962395533236658
JShape_2,3,fourier,7,14,1.0340405191540452,1.1803760200488522,3.001058480590018,0.03732676718798949,1.8870512337318261
JShape_2,4,fourier,7,14,1.0779674222690523,1.1873589436575127,2.8822727746053927,0.03754758662129278,1.9615742326544598
JShape_2,5,fourier,7,14,0.9534989357949025,1.1297012723444522,2.4297746953562376,0.035724290961986545,1.751762452304161
JShape_2,6,fourier,7,14,1.1274161406267869,1.2484132000741082,2.44772929701404,0.0394782917325367,1.896500392655295
Khamesh,0,fourier,7,14,0.300995660247535,0.3418399765810633,0.7252123571691932,0.010809929212947782,0.5467031488000218
Khamesh,1,fourier,7,14,0.3322000880648227,0.36421526864025733,0.9090354592932495,0.011517498075133107,0.5805081880469043
Khamesh,2,fourier,7,14,0.3217900820385756,0.3763767652135715,0.8675908081664417,0.011902078364413165,0.5403934993694409
Khamesh,3,fourier,7,14,0.386534510033655,0.44614233604095666,1.0160860115564825,0.014108259425176512,0.6175220544857524
Khamesh,4,fourier,7,14,0.5485131920732575,0.6024517734497796,1.223238624024499,0.019051197845090594,0.8862629194148034
Khamesh,5,fourier,7,14,0.32570547306405606,0.3951235042432266,0.9373684988155779,0.012494902304758014,0.5619316480262424
Khamesh,6,fourier,7,14,0.49575916874833315,0.5654041380634366,1.1297699832275696,0.017879648747647636,0.8023177619347008
LShape,0,fourier,7,14,0.4907776539200914,0.5354130012156897,1.0104198380423475,0.016931245727080806,0.8639860993717163
LShape,1,fourier,7,14,0.24266191784865837,0.28116639962299045,0.6895322853964092,0.008891262243177578,0.4245380752958403
LShape,2,fourier,7,14,0.29944661393836985,0.34030184457365364,0.706960778533771,0.010761289208093569,0.4985276323513582
LShape,3,fourier,7,14,0.3337594235302864,0.3713513159706808,0.7610574197355338,0.01174315970568213,0.5833740635063315
LShape,4,fourier,7,14,0.3563632472386881,0.41992094166647104,1.3705578887691907,0.013279066128687506,0.5956640497883016
LShape,5,fourier,7,14,0.43318428634710565,0.5032619354172541,1.8744228146811694,0.01591453975583084,0.701995590572817
LShape,6,fourier,7,14,0.38553718357337824,0.45102540253396883,1.3915123901648347,0.014262675546016205,0.6255933509037263
Leaf_1,0,fourier,7,14,0.581647952099528,0.6286829084478041,1.3856861802181444,0.019880699167141733,1.2567639361370255
Leaf_1,1,fourier,7,14,0.8285069154400305,0.9247229741017176,2.063972957346676,0.029242308028463237,1.5651776641332051
Leaf_1,2,fourier,7,14,0.7797250685517081,0.8585399102591421,2.0835972752540575,0.027149415785754506,1.4693111559466432
Leaf_1,3,fourier,7,14,0.7166709269169698,0.7650884577456921,1.3794441022281232,0.02419422137981881,1.3769800498306373
Leaf_1,4,fourier,7,14,0.9543408941492383,1.0061513485871167,1.7069007536177276,0.031817299323853264,1.6693898462504804
Leaf_1,5,fourier,7,14,0.63708316313145,0.6880308899897278,1.2924970296775788,0.021757447129202842,1.234343079522367
Leaf_1,6,fourier,7,14,1.0314399553579305,1.1293074757328077,1.8143945080539614,0.035711838019710014,1.8134099724386281
Leaf_2,0,fourier,7,14,1.9263067071781543,2.2169093862737688,4.349571308904305,0.0701048302683113,3.435607325331306
Leaf_2,1,fourier,7,14,2.054946997589232,2.256517535141197,3.5399871674195373,0.07135734991155224,3.5053831804776716
Leaf_2,2,fourier,7,14,1.907782192709075,2.1406576182271526,3.8336498400714345,0.06769353764188976,3.1654992777305098
Leaf_2,3,fourier,7,14,1.761782744927174,1.9778547625347938,3.834767438949246,0.06254525930621413,3.0851473284527486
Leaf_2,4,fourier,7,14,1.6818329614326495,1.9161555547187168,3.7637032335934637,0.06059415904094548,2.853487267905997
Leaf_2,5,fourier,7,14,1.818614842466081,2.0009631193453457,3.9185387043802304,0.0632760097112662,3.1617227008867403
Leaf_2,6,fourier,7,14,1.987974095006625,2.2020809491997997,3.6800993374743602,0.06963591391536908,3.3717163971577113
Line,0,fourier,7,14,0.27521037003185744,0.3479879913892436,1.5090202041077483,0.011004346511770713,0.5377023562768861
Line,1,fourier,7,14,0.22554730217879843,0.2611414929877574,0.6299023317463802,0.008258019094182029,0.4194581264168847
Line,2,fourier,7,14,0.18548662112697145,0.2166269919831703,0.5390656430646334,0.006850346973378541,0.3399652359216993
Line,3,fourier,7,14,0.23523919826454998,0.31589998558672816,1.0423588043089,0.009989634672684234,0.44434647878785666
Line,4,fourier,7,14,0.18917994035253066,0.2371431982971176,0.6625318410372335,0.00749912638235855,0.3477298055971216
Line,5,fourier,7,14,0.26572727844911515,0.3364423030014541,0.9282793040321378,0.010639239787170993,0.4855150383152806
Line,6,fourier,7,14,0.231001579765829,0.2750615239618189,0.6459422247675843,0.008698209123963293,0.4714114067911962
Multi_Models_1,0,fourier,7,14,0.35705985023821746,0.4196972232889596,1.3181612467710726,0.013271991532413768,1.2304312247213294
Multi_Models_1,1,fourier,7,14,0.19825888822271628,0.21300841160546227,0.5537605932642785,0.006735917414479043,0.6364877976473985
Multi_Models_1,2,fourier,7,14,0.2321605367504842,0.2508304278152701,0.5162360895595606,0.007931954583707058,0.7775730264928828
Multi_Models_1,3,fourier,7,14,0.1599804454255445,0.17856489605708947,0.5160636190204511,0.005646717816916228,0.7444285616647622
Multi_Models_1,4,fourier,7,14,0.13972735065132214,0.1560488322352251,0.43329004452067227,0.004934697360728156,0.6125784258801861
Multi_Models_1,5,fourier,7,14,0.05940019847862737,0.07866122077477683,0.28530021864770744,0.0024874862117764958,0.4331104122145509
Multi_Models_1,6,fourier,7,14,0.09285955809732575,0.11068939736757226,0.25694117289382273,0.003500306085129744,0.6954609618234845
Multi_Models_2,0,fourier,7,14,0.3058907627109884,0.3545193810016797,0.704495986578351,0.011210887186383339,0.9228237049318504
Multi_Models_2,1,fourier,7,14,0.3834262398493048,0.504485016408332,2.065705056632132,0.015953216972777465,1.0864684332202699
Multi_Models_2,2,fourier,7,14,0.3341544575521103,0.37070372928581435,0.9328368810779071,0.011722681216616373,1.0087685978782857
Multi_Models_2,3,fourier,7,14,0.39612551194131873,0.5132302799184663,1.7988519494118356,0.0162297664870813,1.1324672958480846
Multi_Models_2,4,fourier,7,14,0.21010754519352343,0.23923811609641624,0.9964234367407361,0.007565373499924663,0.8971803974547958
Multi_Models_2,5,fourier,7,14,0.30201540001299565,0.3555505166455242,0.8375913645550256,0.011243494558494667,1.291830676308395
Multi_Models_2,6,fourier,7,14,0.28980209897667897,0.3225666627586479,0.6646376582573945,0.010200453515567398,1.1476276462586024
Multi_Models_3,0,fourier,7,14,0.5311292103802848,0.5801545402390994,1.0137942619280658,0.018346097420433607,1.6248431221873116
Multi_Models_3,1,fourier,7,14,0.6191348147022141,0.6956254683081499,1.5188731055109046,0.02199760878275029,1.7851352849571156
Multi_Models_3,2,fourier,7,14,0.49467079264321034,0.5594035476141431,0.9593010000768203,0.01768989341639143,1.3208189426897656
Multi_Models_3,3,fourier,7,14,0.46195133564957175,0.5154484293213856,0.907495274172092,0.016299910530118974,1.28557641473849
Multi_Models_3,4,fourier,7,14,0.3453548474828078,0.3803116314421942,1.0160807441965594,0.01202650976011841,1.1653684162209625
Multi_Models_3,5,fourier,7,14,0.2248749993991203,0.24799907543653488,0.4704522323675907,0.007842419359953669,0.6702917901684584
Multi_Models_3,6,fourier,7,14,0.22341871213126643,0.2682843034308385,0.6302937407396986,0.008483894593131754,0.6941009554021541
Multi_Models_4,0,fourier,7,14,0.4982403996651008,0.5632042495793336,1.0260021003150404,0.01781008216556623,1.18620061425391
Multi_Models_4,1,fourier,7,14,0.5127245792523389,0.5696787928742698,0.962780157760528,0.018014825201779928,1.2014521032135506
Multi_Models_4,2,fourier,7,14,0.8169521548081191,0.9645957535404833,3.075878643113899,0.03050319602514354,1.761768659049598
Multi_Models_4,3,fourier,7,14,0.6251666766410774,0.6898231286422052,1.5848928736317933,0.02181412269172703,1.3388105307553375
Multi_Models_4,4,fourier,7,14,0.2168112535812234,0.26163131868006084,0.926050701302036,0.008273508742623503,0.8394994227238496
Multi_Models_4,5,fourier,7,14,0.2566145103784081,0.2934532875770293,0.8230084452803367,0.00927980775607807,0.9883717834475956
Multi_Models_4,6,fourier,7,14,0.321912428477366,0.3691461655467835,1.572907499784119,0.011673426726454118,1.151796762441952
NShape,0,fourier,7,14,0.7867737093989403,0.8863926756732833,1.77412051352292,0.028030197564184994,1.2920592620360076
NShape,1,fourier,7,14,0.7276961873556977,0.7873367724523825,1.3895582081871403,0.024897774865552443,1.153737689003466
NShape,2,fourier,7,14,0.6408666579732883,0.7253981434959494,1.4287664883636317,0.022939103439048574,1.0022347467335826
NShape,3,fourier,7,14,0.7961831060983022,0.9091485643660184,1.8601040935231716,0.028749801948688137,1.1874237604744033
NShape,4,fourier,7,14,0.7165185382820582,0.7952397377145135,2.6418004731826015,0.025147688570527675,1.1234649333327082
NShape,5,fourier,7,14,0.7150254776727615,0.8086187893500069,1.7771936132135873,0.025570771331539274,1.090083473872872
NShape,6,fourier,7,14,0.8323361610829377,0.990824763205906,2.157171920376477,0.03133263013827661,1.21500694217431
PShape,0,fourier,7,14,0.4412694585832791,0.48677164696975633,0.872303904525841,0.015393071048158295,0.7845293903202444
PShape,1,fourier,7,14,0.31978102156819316,0.35977655280501003,1.0814767435706558,0.011377133555876722,0.509345727554855
PShape,2,fourier,7,14,0.5088634834980499,0.5685249939674675,1.3233403233517582,0.01797833887670685,0.7985711804902558
PShape,3,fourier,7,14,0.5917358952537474,0.6363687505551725,1.1013764115561235,0.02012374683509886,0.9256516749755404
PShape,4,fourier,7,14,0.48595846895716366,0.5409602095994662,1.0335240108816504,0.01710666385856396,0.8284152227841828
PShape,5,fourier,7,14,0.5467781119771898,0.6037012337277177,1.2280897365864063,0.01909070924833251,0.870671199135371
PShape,6,fourier,7,14,0.47698523925989966,0.5270435835279607,0.9783970286516742,0.01666658150125557,0.7347380320575803
RShape,0,fourier,7,14,0.34821620793251656,0.37418082895321314,0.7793094275812644,0.011832636762620313,0.5584099296551989
RShape,1,fourier,7,14,0.5708891936053387,0.6402811157498889,1.3419923716766344,0.020247466685635578,0.9045326756742799
RShape,2,fourier,7,14,0.59960717923544,0.6750220558563407,1.3368906329977215,0.02134607167355438,0.9546401425776319
RShape,3,fourier,7,14,0.9319219177131958,1.0424923218323785,2.0108504850584423,0.03296650180227595,1.5305617439734382
RShape,4,fourier,7,14,0.5409667353539792,0.5750287526324559,1.4756290881737348,0.018184005784041044,0.8649841082063474
RShape,5,fourier,7,14,0.6465996523039447,0.7263453511341215,1.381262880844746,0.022969056774585897,0.9873825249608168
RShape,6,fourier,7,14,0.6259290939456151,0.6801435423237367,1.088182732698477,0.02150802729598139,0.9812315329179929
Saeghe,0,fourier,7,14,0.49275108951380386,0.5596606786892685,1.158884720156228,0.01769802461493747,0.9193822779776059
Saeghe,1,fourier,7,14,0.41597503219818033,0.4759005540060643,1.014032127726977,0.015049296903951324,0.7724835824518708
Saeghe,2,fourier,7,14,0.37364400228884187,0.4146421590551844,0.8825784255808183,0.013112136365441935,0.6814593245815033
Saeghe,3,fourier,7,14,0.5544094466103604,0.6112619862944596,1.1154680316995516,0.019329801237691197,1.0279655071487652
Saeghe,4,fourier,7,14,0.4106595530398889,0.48883938650901027,1.1684980189223155,0.015458458713678591,0.7399696754179788
Saeghe,5,fourier,7,14,0.34850001406776415,0.41634729930296727,0.9841450001113344,0.013166057634572112,0.6129820815242832
Saeghe,6,fourier,7,14,0.35759268676185507,0.39852039594302346,1.0657649880592899,0.012602321452120802,0.6129606615048189
Sharpc,0,fourier,7,14,0.3942221132780229,0.45882883857009116,1.8324357051035844,0.01450944186051203,0.7350500123633984
Sharpc,1,fourier,7,14,0.27618470062611566,0.31271583899241234,0.955526778075097,0.009888943116265174,0.5201645211343454
Sharpc,2,fourier,7,14,0.547664773720023,0.6120627612016143,1.1947346490386503,0.01935512396368838,0.9192489082162265
Sharpc,3,fourier,7,14,0.7281888981312162,0.831600136910826,1.8136908135530088,0.026297505351460707,1.239000119610082
Sharpc,4,fourier,7,14,0.534446304730856,0.5918121688201367,1.0577497070750934,0.01871474400475716,0.9123513088968447
Sharpc,5,fourier,7,14,0.4382818798341001,0.5190061877178275,1.1970743249996858,0.01641241672909242,0.7518230972157429
Sharpc,6,fourier,7,14,0.6196591903290366,0.6803287255518058,1.4085806238000524,0.021513883303832998,0.9984537819013938
Sine,0,fourier,7,14,0.4714215474338611,0.5028972532706786,0.9390466969239202,0.015903007493779063,0.9428137245038356
Sine,1,fourier,7,14,0.5934534875110246,0.63518959878471,1.0868916664607198,0.020086458782082043,1.1495580784128605
Sine,2,fourier,7,14,0.6130847768505872,0.651638024662656,1.5141785741112963,0.020606603679069684,1.163551707407557
Sine,3,fourier,7,14,0.4980452834640855,0.5536439343511921,1.1627828180031239,0.017507758452865035,0.8820132497437325
Sine,4,fourier,7,14,0.9511034063495205,1.047547369166533,2.0275413998641127,0.03312635643483485,1.8435359638768016
Sine,5,fourier,7,14,0.668826379808276,0.713407608736817,1.7526502420009118,0.022559929437025804,1.275356241930398
Sine,6,fourier,7,14,0.7421079766352662,0.7813273141960371,1.4291098120860013,0.024707739109614886,1.3664400360672933
Snake,0,fourier,7,14,1.1135305832952604,1.2383708480084237,3.000943818793697,0.0391607246766081,1.960748930940543
Snake,1,fourier,7,14,0.7543455065539872,0.8140990224840569,1.8054722764312912,0.02574407151966248,1.3177650230214044
Snake,2,fourier,7,14,0.6881492181969806,0.755847266649997,1.3647991921431637,0.02390198925826618,1.1590616344298958
Snake,3,fourier,7,14,0.9278686827412772,0.9884609632241618,2.0101285034121683,0.031257880219522846,1.6091172972989372
Snake,4,fourier,7,14,0.9792708671155209,1.107712980958691,3.0464318409172164,0.0350289601356419,1.6373275564368226
Snake,5,fourier,7,14,0.8238750002776747,0.9150178982169866,2.118557060870596,0.028935406581858007,1.4285267349041237
Snake,6,fourier,7,14,0.9904847266748913,1.134195335701813,2.79027102616914,0.03586640572357019,1.6489653535132058
Spoon,0,fourier,7,14,0.48818698574161795,0.5771725226585389,1.3020106835226595,0.018251797744661253,0.9608513045654101
Spoon,1,fourier,7,14,0.32881518506861135,0.38478005594370035,1.480420688486058,0.01216781374989103,0.6169025834339803
Spoon,2,fourier,7,14,0.4377042968158207,0.5420347597720264,1.8124552085177625,0.017140644118618133,0.8306375191636985
Spoon,3,fourier,7,14,0.28620981742062124,0.33352950319366953,1.1062437182946416,0.010547128969563993,0.5274590186518692
Spoon,4,fourier,7,14,0.37597660666040955,0.4396139767971915,1.4259097612143183,0.01390181457923539,0.7192349387858178
Spoon,5,fourier,7,14,0.6794630227352141,0.8147583805531416,2.415083706078424,0.025764922252581667,1.2873527046103015
Spoon,6,fourier,7,14,0.36948629732312427,0.48029806749448317,2.1931759273650724,0.015188358490598486,0.7041211393722433
Sshape,0,fourier,7,14,0.9804944855726725,1.0847408557325786,2.215929917712138,0.03430251775155064,1.6729617055846338
Sshape,1,fourier,7,14,0.6322099143408011,0.7098334566295943,1.4508792966623782,0.022446904823398662,1.0600476053309438
Sshape,2,fourier,7,14,0.500062410629198,0.550151095448132,1.5060842928006268,0.017397305188527896,0.7761957935288324
Sshape,3,fourier,7,14,0.42805134720095517,0.49200388991152805,1.0273722571236528,0.015558529097831677,0.6503439258013328
Sshape,4,fourier,7,14,0.4393981991059587,0.4828968674755388,1.2023789068595503,0.015270539761831868,0.6665597246111074
Sshape,5,fourier,7,14,0.45700019447784457,0.5464580374335758,1.2969635104399568,0.017280520439956527,0.6977647510358563
Sshape,6,fourier,7,14,0.5893770009209803,0.6561953760307528,1.4682391659891216,0.02075071978327839,0.8838769042997453
Trapezoid,0,fourier,7,14,0.28453777606046027,0.3381844649325601,0.8630831608169777,0.010694331784722316,0.5803507135863846
Trapezoid,1,fourier,7,14,0.2186024484898964,0.24603902824900786,0.6981493478171092,0.007780437225613744,0.39817293311912144
Trapezoid,2,fourier,7,14,0.3000112440147079,0.32765703496817006,0.7643644871186743,0.010361425218768537,0.595973975380151
Trapezoid,3,fourier,7,14,0.26359387372827814,0.30489647216482363,0.675050379337934,0.009641673025909719,0.4776551283938982
Trapezoid,4,fourier,7,14,0.35763217638848144,0.4146857382977745,0.9230708520192714,0.013113514462094833,0.6536594460611844
Trapezoid,5,fourier,7,14,0.48227307173529466,0.5525441539317352,1.2755868461438162,0.01747298034234964,0.8621977920463981
Trapezoid,6,fourier,7,14,0.39144505439200045,0.43462769820436586,1.0289239425655297,0.013744134605220708,0.7180479469981489
WShape,0,fourier,7,14,0.6988049625017053,0.7555636133194229,1.2595234210720265,0.023893019352361107,1.4189494987873026
WShape,1,fourier,7,14,0.5125486146325161,0.5580477383384738,1.0554901332958146,0.017647018962552448,0.9737533478126997
WShape,2,fourier,7,14,0.762309350678495,0.8568591489609156,2.0856558000479155,0.027096265446699932,1.4839516456809065
WShape,3,fourier,7,14,0.607941401235908,0.6672267938410558,1.3121114621731376,0.021099563844293436,1.123516683302464
WShape,4,fourier,7,14,0.6781934424703786,0.7606686032178791,1.3977085253250021,0.02405445330747384,1.1959957113064146
WShape,5,fourier,7,14,0.6884921445605492,0.7429524899405904,1.8437793300676164,0.023494220615056016,1.2682771102231987
WShape,6,fourier,7,14,0.6990140104012657,0.8155181852381279,1.928820583492302,0.0257889493863959,1.3360492052066584
Worm,0,fourier,7,14,0.26311499895217083,0.28803710396629517,0.5226471222467948,0.00910853299172212,0.533665298831639
Worm,1,fourier,7,14,0.27107669304928833,0.32825884677788525,1.106510630634294,0.010380456179183416,0.5465327013918001
Worm,2,fourier,7,14,0.3933824781421942,0.44492469481266894,1.0465253846449556,0.014069754228633373,0.7878752584832154
Worm,3,fourier,7,14,0.19363125671083747,0.21700576901158108,0.6880181574937921,0.006862324954729824,0.38265780812911143
Worm,4,fourier,7,14,0.36357316007562634,0.4272121859369803,1.0150691991322234,0.013509635517402125,0.711120962979554
Worm,5,fourier,7,14,0.3462373121185535,0.3669925328876155,0.6526576639163849,0.011605322881991158,0.6623744747827529
Worm,6,fourier,7,14,0.3335773182949994,0.378022363610424,0.7912202849118931,0.01195411675489292,0.6524977948591457
Zshape,0,fourier,7,14,0.7659576283887746,0.8854464196490522,2.1528412843837454,0.028000274321322734,1.3621066498348149
Zshape,1,fourier,7,14,0.3051151913538299,0.3534621025017048,0.7240510582742821,0.01117745310457287,0.5042018866666046
Zshape,2,fourier,7,14,0.7871524793793381,0.9262699108447446,3.2612744694737312,0.029291226463504922,1.3960709253391146
Zshape,3,fourier,7,14,0.6383553460624808,0.7640742946495199,2.2826616165669247,0.024162150726790885,1.0253588364847914
Zshape,4,fourier,7,14,0.6491936635820775,0.7710589855668187,1.996942363815944,0.024383026047300436,1.0735086752781626
Zshape,5,fourier,7,14,0.499895899684798,0.5895243606272081,1.8591454149080884,0.01864239715736468,0.7518587008154506
Zshape,6,fourier,7,14,0.7502433642219908,0.918506660695444,2.273993022763051,0.0290457309383306,1.182854718700694
heee,0,fourier,7,14,0.3966175962604742,0.4503882290800893,1.2663623496235288,0.014242526352227648,0.7330471700431385
heee,1,fourier,7,14,0.9607333486286995,1.0266526337931299,1.8797868817394423,0.03246560688597043,1.6184079213045055
heee,2,fourier,7,14,0.47093295136651686,0.5458887837828469,1.9061711231484104,0.017262519058929834,0.8281788073242782
heee,3,fourier,7,14,0.7082133390550607,0.7779964411619956,1.4773895203454492,0.024602407655770816,1.204700806266188
heee,4,fourier,7,14,0.6269617115590796,0.6894716626228383,1.8924532827289853,0.021803008360313514,1.0327920990898667
heee,5,fourier,7,14,0.7385871725632908,0.9020223444987793,1.987815542953464,0.028524451089811956,1.2241634558840413
heee,6,fourier,7,14,0.8414765456981242,0.9530630183459317,1.9215102098158063,0.030138498916479857,1.3316624801790946
Angle,0,fourier,12,24,0.1084278583035307,0.12435416613748278,0.5520604962130451,0.0039324240152542895,0.18430599277785334
Angle,1,fourier,12,24,0.12391273366390596,0.14314973926417157,0.6131494946218317,0.00452679222534018,0.2077116724641587
Angle,2,fourier,12,24,0.19701305313125822,0.22216575323056884,0.48017507827552464,0.007025497982955088,0.32865840787633355
Angle,3,fourier,12,24,0.12283858346721736,0.13984271866484813,0.46374582795640734,0.004422215051710609,0.19464166307972625
Angle,4,fourier,12,24,0.22943050402588344,0.25615840390997124,0.5568176122555142,0.008100439981488907,0.3632361046080261
Angle,5,fourier,12,24,0.24798122980014561,0.2703063727934323,0.622402421454483,0.008547838040858168,0.40137801455016586
Angle,6,fourier,12,24,0.1943828988956854,0.21266556777652473,0.44271221562899193,0.006725075740667285,0.30776714740559596
BendedLine,0,fourier,12,24,0.0952327228664795,0.10693047042608476,0.24828410315575503,0.003381438378197034,0.22188074239503586
BendedLine,1,fourier,12,24,0.1499619028609186,0.17895565708066663,0.4650090518912132,0.0056590747654694535,0.33637273959964825
BendedLine,2,fourier,12,24,0.13201334712318952,0.1527695575788506,0.5883625649080835,0.004830997590854062,0.2805235130998266
BendedLine,3,fourier,12,24,0.13703746505068978,0.15716647707667553,0.443633569078704,0.004970040393869367,0.2835230448860428
BendedLine,4,fourier,12,24,0.12604701193108014,0.14108177184767315,0.31312853813554303,0.00446139735370869,0.2465837806312157
BendedLine,5,fourier,12,24,0.14617176746937252,0.1632652184009538,0.5747539781664149,0.005162899528318475,0.26950028091964623
BendedLine,6,fourier,12,24,0.1639865929138885,0.19732687677347774,0.45609866303078306,0.006240023741715674,0.31734867646938153
CShape,0,fourier,12,24,0.2090290224634909,0.22967167275642889,0.7317508924084242,0.007262855999311576,0.3918291586744579
CShape,1,fourier,12,24,0.17256022028221468,0.19159679075784652,0.31878892287077254,0.006058822511734936,0.28249256357514924
CShape,2,fourier,12,24,0.1834438388603034,0.2229419045496265,0.7466006999146864,0.00705004204272675,0.28847419748046194
CShape,3,fourier,12,24,0.1257544893624504,0.14769101548895722,0.40761403410577657,0.004670399988883116,0.21759174002760862
CShape,4,fourier,12,24,0.19495804188284485,0.23496996362005135,0.6110009245882946,0.007430402667662653,0.2847340449889243
CShape,5,fourier,12,24,0.17098681020773449,0.1928105208600772,0.47291828687164245,0.006097204027612513,0.2689755483573149
CShape,6,fourier,12,24,0.27410109246201747,0.3249392731024813,0.7798191309750739,0.010275482042433283,0.41479571050401065
DoubleBendedLine,0,fourier,12,24,0.14093306884141962,0.15872527833185585,0.30651390522315286,0.005019334017728359,0.3156806750717803
DoubleBendedLine,1,fourier,12,24,0.08424349423777144,0.09767449817862069,0.2984440039581371,0.003088738835584093,0.17228878477628726
DoubleBendedLine,2,fourier,12,24,0.12536952230782422,0.13954022940004962,0.40331405772624446,0.004412649501265478,0.2545744963900774
DoubleBendedLine,3,fourier,12,24,0.1427638446193754,0.1581221753239376,0.4123152247685211,0.005000262226041156,0.2717936333167445
DoubleBendedLine,4,fourier,12,24,0.12304069249346254,0.14862062365412965,0.32502150452625983,0.004699796780217465,0.2414559587520055
DoubleBendedLine,5,fourier,12,24,0.1500748228157114,0.17263685916862806,0.5351760096644185,0.005459256830705872,0.274425806068249
DoubleBendedLine,6,fourier,12,24,0.1268632954827947,0.14853081650862615,0.37041068398453775,0.004696956828917972,0.2327379006111567
GShape,0,fourier,12,24,0.31204507691098055,0.3607648572612312,0.8014225258033757,0.011408386486910256,0.6375724506810542
GShape,1,fourier,12,24,0.28064037182727114,0.33578694422082495,1.578912709328394,0.010618515522857206,0.47833787665613403
GShape,2,fourier,12,24,0.27582959930412493,0.3131428679749878,0.7532211405336166,0.0099024469583836,0.4139775439682478
GShape,3,fourier,12,24,0.21273218254571805,0.2474372662668337,0.7172105450332232,0.007824653394087432,0.3240141452269429
GShape,4,fourier,12,24,0.38446793736743623,0.4470190686364681,1.007659237159436,0.014135984144183784,0.6520062838871776
GShape,5,fourier,12,24,0.24052082457366705,0.2620231995201912,0.6578002440597739,0.008285901102885426,0.38699475199716177
GShape,6,fourier,12,24,0.2881536149166487,0.34418168199751203,0.9028268327616291,0.010883980440199097,0.47719350486156553
JShape,0,fourier,12,24,0.2084303674518155,0.28900517397669495,1.8086032984159937,0.00913914605339578,0.42965917487405625
JShape,1,fourier,12,24,0.18153513328981075,0.20427731976516456,0.7634709754281778,0.006459816047724524,0.3407398339881202
JShape,2,fourier,12,24,0.24714394677310747,0.2827229666307046,0.6469093172709315,0.008940485213928075,0.4729765418442148
JShape,3,fourier,12,24,0.1991334425782133,0.2152162964058475,0.6169104913085678,0.006805736862283878,0.3639583389974703
JShape,4,fourier,12,24,0.23376894801612194,0.2565951299269528,0.8080585159560995,0.008114250470760058,0.40840209742971706
JShape,5,fourier,12,24,0.2116801722842737,0.23394800552810063,1.2832015071557892,0.0073980855152246125,0.3603367055060339
JShape,6,fourier,12,24,0.1652379970571982,0.18243244782399884,0.4534722218845114,0.00576902054243665,0.2947430353385076
JShape_2,0,fourier,12,24,0.18899914762772618,0.22355019425963185,1.0107732259969922,0.007069277852335353,0.42573170456967413
JShape_2,1,fourier,12,24,0.2181827531726221,0.25085325970208155,1.120406230860427,0.007932676591363092,0.47156602522397656
JShape_2,2,fourier,12,24,0.2095199093837853,0.25384001784661353,1.3710417721816657,0.008027126176930887,0.39805036303641517
JShape_2,3,fourier,12,24,0.24277664405002197,0.28465685599358725,1.2470914273730551,0.009001640165222884,0.44305030333885453
JShape_2,4,fourier,12,24,0.22710232753918147,0.255597463869251,0.9913177763610058,0.00808270149989427,0.4132574553496329
JShape_2,5,fourier,12,24,0.16875167402161936,0.19730535342383757,0.44227924184243844,0.006239343113638282,0.31002955034040075
JShape_2,6,fourier,12,24,0.23693076232196938,0.27120055429657275,0.9249346908142319,0.008576114542773334,0.3985567241621387
Khamesh,0,fourier,12,24,0.13922800276726277,0.16774007782737668,0.6795119634585182,0.0053044070082841855,0.2528820098316486
Khamesh,1,fourier,12,24,0.1566900953965373,0.17713247890862371,0.735120937945658,0.005601420809429874,0.2738105335655159
Khamesh,2,fourier,12,24,0.22541738565055322,0.24576661096629615,0.4599391361947812,0.007771822634740114,0.37855141177350016
Khamesh,3,fourier,12,24,0.17485364508617574,0.20386485534337095,0.5448614723769087,0.006446772777458002,0.27934370501235833
Khamesh,4,fourier,12,24,0.2142924964218371,0.2545968350274267,0.680760783158512,0.008051058837568056,0.3462441673821013
Khamesh,5,fourier,12,24,0.1945856593609004,0.2210083893499008,0.49058431469878394,0.006988898923509865,0.3357138558904083
Khamesh,6,fourier,12,24,0.27295698593250284,0.29774306752708923,0.5809610348915646,0.009415462509109195,0.4417431927900045
LShape,0,fourier,12,24,0.13909811296759886,0.16851015936091143,0.4549893134798365,0.005328759124584237,0.24487430324692344
LShape,1,fourier,12,24,0.17824924342194745,0.19821130357646788,0.4093970570770158,0.006267991772927172,0.3118478226669619
LShape,2,fourier,12,24,0.13640239257398065,0.15741554075254544,0.3471784387800267,0.004977916478850996,0.22708676155196883
LShape,3,fourier,12,24,0.17992679930501515,0.20978981592032767,0.5841837104418218,0.006634136482156889,0.31449187841352455
LShape,4,fourier,12,24,0.151214299510082,0.1785451286786539,0.7748976703391527,0.005646092717523959,0.2527559245517448
LShape,5,fourier,12,24,0.25458632051558294,0.2955595222187255,1.3973548913568163,0.009346412743623154,0.4125691537178522
LShape,6,fourier,12,24,0.161080879501721,0.18666707125403273,0.5019487219359059,0.005902931093156868,0.2613784907593006
Leaf_1,0,fourier,12,24,0.10642851463362075,0.12634568888258937,0.6377206927516501,0.003995401494119967,0.22995958033611166
Leaf_1,1,fourier,12,24,0.2857423463472155,0.3414523332737236,1.0535350916027124,0.010797670855238644,0.5398114727408673
Leaf_1,2,fourier,12,24,0.2672327702899674,0.3047575078647117,0.9021039273354045,0.00963727858889167,0.5035724853003581
Leaf_1,3,fourier,12,24,0.2306910290023328,0.268103342375014,0.8401962988456148,0.008478172102089811,0.4432396134410451
Leaf_1,4,fourier,12,24,0.2255476017129904,0.2494827301495543,0.6124626704414758,0.007889336641497517,0.3945412781262761
Leaf_1,5,fourier,12,24,0.14308988356307528,0.16356640712941325,0.4143671845272926,0.005172423952193494,0.2772354030792377
Leaf_1,6,fourier,12,24,0.3076620369169749,0.3472993540730158,0.7828143036798033,0.010982569887760061,0.5409111824569711
Leaf_2,0,fourier,12,24,0.25027771746801986,0.2877820165202213,0.7692891910879592,0.009100466418401032,0.4463754169033292
Leaf_2,1,fourier,12,24,0.15743404407098052,0.1883505696483421,1.0106875136046014,0.005956167986789406,0.2685551747896271
Leaf_2,2,fourier,12,24,0.2173060155763436,0.2433543914835816,0.5245582182218508,0.007695541556924002,0.36056633612698175
Leaf_2,3,fourier,12,24,0.23938410735794088,0.28156102503055,0.7378615252443007,0.008903741394282185,0.41919767997269486
Leaf_2,4,fourier,12,24,0.2537098693112871,0.30289425797806807,0.8102677644564024,0.009578357453973226,0.4304576604356458
Leaf_2,5,fourier,12,24,0.31030611476324144,0.3486211108184223,1.187648939812184,0.011024367506041818,0.5394775542140144
Leaf_2,6,fourier,12,24,0.22605425815368244,0.2639437144612843,1.1112717181396101,0.008346633117827811,0.3834007952007812
Line,0,fourier,12,24,0.09624925329203912,0.12096685178944198,0.6333871959463176,0.0038253077303465172,0.18805050943040214
Line,1,fourier,12,24,0.11052601085802223,0.13108686237578737,0.3551838244674453,0.0041453305643251925,0.20554904885577574
Line,2,fourier,12,24,0.10812639930014378,0.12671232952068315,0.2893091345898136,0.004006995689111506,0.19817718724993325
Line,3,fourier,12,24,0.08178751519292797,0.10535420017287965,0.33439666813648333,0.00333159233611605,0.15448953513230254
Line,4,fourier,12,24,0.1482143920343546,0.20088559185276605,0.5927098171825429,0.006352560193657051,0.27243143027089056
Line,5,fourier,12,24,0.1200833725138136,0.14630511657491727,0.3934409230970992,0.0046265740171319136,0.21940646646195486
Line,6,fourier,12,24,0.15480818063791293,0.19818206273132502,0.5445741872308619,0.006267067096213575,0.31592139885486403
Multi_Models_1,0,fourier,12,24,0.1395624204415829,0.18946820302356154,0.6273180633967436,0.005991510657336557,0.48093326593410946
Multi_Models_1,1,fourier,12,24,0.07336611069182916,0.08252393358825368,0.29268360172765184,0.0026096359161535358,0.23553362290491822
Multi_Models_1,2,fourier,12,24,0.0832372465659483,0.10529201418104812,0.38377057556820976,0.003329625842388607,0.2787856999089392
Multi_Models_1,3,fourier,12,24,0.05362481428677903,0.0645439090907355,0.2610378346584596,0.002041057618175716,0.24952951757860775
Multi_Models_1,4,fourier,12,24,0.06172227993277742,0.06831773923133119,0.15052802294272583,0.002160396605644475,0.2705965360876842
Multi_Models_1,5,fourier,12,24,0.04825409180365457,0.06319036874027896,0.19942625660241273,0.0019982549140518647,0.35183972659012835
Multi_Models_1,6,fourier,12,24,0.051269225793865364,0.06373297799765472,0.16618359507182695,0.0020154137253798636,0.38397495974702306
Multi_Models_2,0,fourier,12,24,0.06984844885003531,0.07761118672802254,0.19445884957139528,0.002454281219691823,0.21072164383215922
Multi_Models_2,1,fourier,12,24,0.1487975195340287,0.21066484899736646,0.8838941870379992,0.006661807457671169,0.42162948466629785
Multi_Models_2,2,fourier,12,24,0.1084478402352282,0.1302932233581054,0.36417741566429834,0.004120233494966656,0.32738984402133586
Multi_Models_2,3,fourier,12,24,0.14661094925687954,0.1755578764664533,0.6374312349768904,0.005551627508164654,0.4191401468513717
Multi_Models_2,4,fourier,12,24,0.06662278735400527,0.07847921598131508,0.524303348334261,0.0024817307148524187,0.2844860177808373
Multi_Models_2,5,fourier,12,24,0.11915121982666006,0.13147367857977382,0.2529119188574349,0.004157562766729767,0.5096534841767051
Multi_Models_2,6,fourier,12,24,0.0867645625091202,0.09733596616546884,0.21692542753999847,0.0030780335133596733,0.34359106094332287
Multi_Models_3,0,fourier,12,24,0.2235019948751034,0.24103938516598386,0.4219333658399872,0.007622334629311122,0.6837426224551623
Multi_Models_3,1,fourier,12,24,0.25138941183959,0.2852361284876297,1.1651072798499962,0.009019958369893487,0.7248245433513713
Multi_Models_3,2,fourier,12,24,0.18350080997081739,0.20830107933140402,0.4636682044050601,0.006587058497586602,0.48996494115468237
Multi_Models_3,3,fourier,12,24,0.16303873440354136,0.17837824865374272,0.3526056053567415,0.005640815507776909,0.4537247442812971
Multi_Models_3,4,fourier,12,24,0.12368408715884646,0.1509474701305856,0.8489027431076435,0.004773378126528846,0.4173606648773498
Multi_Models_3,5,fourier,12,24,0.0795759842857967,0.09005985164429996,0.19728501654029676,0.0028479425693284824,0.23719457077874012
Multi_Models_3,6,fourier,12,24,0.08674073935509315,0.09875636552977039,0.23569759681818056,0.0031229504851421554,0.2694798008829526
Multi_Models_4,0,fourier,12,24,0.14465323817252976,0.16852954756193844,0.4794592622741749,0.005329372233334024,0.3443874886287966
Multi_Models_4,1,fourier,12,24,0.2018338550395887,0.2184848610140793,0.391335127412633,0.006909097950698162,0.4729512089914237
Multi_Models_4,2,fourier,12,24,0.3323850881112433,0.4499479210030738,1.5398120712430077,0.014228602588272271,0.7167930551665739
Multi_Models_4,3,fourier,12,24,0.1419927531025289,0.16329262136054318,0.7150403233437652,0.005163766085987796,0.30408113587562496
Multi_Models_4,4,fourier,12,24,0.12232292353328675,0.13873686526255583,0.3661569996938499,0.004387244896615708,0.4736378854689724
Multi_Models_4,5,fourier,12,24,0.09761078453974233,0.10765295464142853,0.23544314800846033,0.003404285335137093,0.37595592336925665
Multi_Models_4,6,fourier,12,24,0.13685420745433577,0.17620387405559587,1.0895807412460132,0.005572055745611335,0.4896618431852382
NShape,0,fourier,12,24,0.2235938295075376,0.24779164898788505,0.8180666030642394,0.007835859959706735,0.3671913218478256
NShape,1,fourier,12,24,0.26857583799473955,0.3259866389664772,0.9250797240159228,0.010308602659170657,0.4258179059261136
NShape,2,fourier,12,24,0.2982475358772555,0.3360007431781169,0.8351691057990388,0.01062527643952132,0.4664215868698152
NShape,3,fourier,12,24,0.27444134254962027,0.2959111488383155,0.7508647157982605,0.009357532153661653,0.40930053464319405
NShape,4,fourier,12,24,0.27492915754557573,0.31890474009225067,1.4469099957434557,0.010084653353155277,0.4310750540993952
NShape,5,fourier,12,24,0.320425071837642,0.35537571447433625,0.9364197459448247,0.0112379668284857,0.4885001812265457
NShape,6,fourier,12,24,0.5166676985343138,0.5969172467481824,1.5135993362418663,0.018876180743609933,0.7542082993242228
PShape,0,fourier,12,24,0.1585099875194522,0.17941584249903264,0.5233284694769312,0.0056736271061497935,0.28181362079205896
PShape,1,fourier,12,24,0.19432480320229853,0.219678650114096,0.5180984728841288,0.006946848876717516,0.3095196449859412
PShape,2,fourier,12,24,0.19641600992641894,0.2319000640157385,0.5118617159005657,0.007333323918285869,0.30824016656861813
PShape,3,fourier,12,24,0.1687454495060471,0.1829708263917893,0.3382917873605224,0.005786045567613023,0.263968282527109
PShape,4,fourier,12,24,0.17575598074519563,0.2111856211076748,0.649554401730994,0.006678275717775838,0.29961187888572033
PShape,5,fourier,12,24,0.249608834181112,0.2900863945145015,0.7163664632960383,0.009173337248919992,0.3974687687943096
PShape,6,fourier,12,24,0.1569900506642986,0.19207429243843496,0.5519517169201299,0.00607392244070711,0.24182417270748405
RShape,0,fourier,12,24,0.13022080361388463,0.1427572082982861,0.5268469776182059,0.0045143793062967395,0.2088259768763121
RShape,1,fourier,12,24,0.19307765738310478,0.21692845020961107,0.3697254180861324,0.006859879919528016,0.3059175966227791
RShape,2,fourier,12,24,0.14699295813929966,0.1750385580538871,0.4770385457651441,0.0055352052180189315,0.2340288498462243
RShape,3,fourier,12,24,0.15589655325766535,0.1829797854151369,0.5518683054588487,0.005786328876806913,0.25604001354428246
RShape,4,fourier,12,24,0.1549676785086496,0.19140529859430172,0.8992122354573019,0.006052766997826184,0.24778710119375594
RShape,5,fourier,12,24,0.20636795202847416,0.24170110859181757,0.7689065245323096,0.007643260161378363,0.31513179572370836
RShape,6,fourier,12,24,0.16403469625269168,0.18105487038543233,0.5476526854850434,0.0057254577188453415,0.25714736383503356
Saeghe,0,fourier,12,24,0.09873699820505223,0.1163966500886552,0.3140328505750144,0.0036807852629379013,0.18422495304881245
Saeghe,1,fourier,12,24,0.13956849612566094,0.15391428212299996,0.30219342728882487,0.004867196959384161,0.25918471912805885
Saeghe,2,fourier,12,24,0.1140964516572639,0.12345735982522234,0.35069676237347,0.0039040645095866976,0.20809136613251375
Saeghe,3,fourier,12,24,0.14731300159485364,0.17661129589185665,0.4755168058874498,0.005584939555322057,0.27314232345771633
Saeghe,4,fourier,12,24,0.11172788534292545,0.1257328416290552,0.28463432451117954,0.0039760215623305005,0.20132308244223687
Saeghe,5,fourier,12,24,0.12011141945136944,0.13425490092732495,0.30426330795641243,0.004245512739705987,0.21126583913371225
Saeghe,6,fourier,12,24,0.13686680256923497,0.16485027488905185,0.4746966406449094,0.00521302341554265,0.23460761068852148
Sharpc,0,fourier,12,24,0.15503277640067495,0.17836262338405398,1.0398501589832685,0.005640321393364201,0.2890676102932883
Sharpc,1,fourier,12,24,0.1110100625080822,0.13339472587198023,0.5773480896779816,0.00421831161609248,0.20907565073193693
Sharpc,2,fourier,12,24,0.21998592797483965,0.255127101486563,1.164234993258458,0.008067827335344691,0.3692438035410044
Sharpc,3,fourier,12,24,0.11940294143905059,0.14430508790208207,0.3723604227727838,0.004563327557213884,0.2031619255723961
Sharpc,4,fourier,12,24,0.13924742082132932,0.15888776181513542,0.3495515500394192,0.005024472196621573,0.2377087567493379
Sharpc,5,fourier,12,24,0.24685194747083478,0.28759050225597405,0.70033136343103,0.009094410205606706,0.42344665440312207
Sharpc,6,fourier,12,24,0.2724207391058582,0.32951960769204186,0.9561040884984097,0.010420324939919925,0.4389501866085232
Sine,0,fourier,12,24,0.15976243353148062,0.19793348427269503,0.5278255424685802,0.006259206355148326,0.3195149135917342
Sine,1,fourier,12,24,0.154398177136607,0.1713036630787598,0.5561428266581859,0.005417097468589729,0.2990793306548884
Sine,2,fourier,12,24,0.17338230879012093,0.2091279631397669,0.9008766582605534,0.006613206859534011,0.3290560931284951
Sine,3,fourier,12,24,0.13655591779725412,0.15186839692808182,0.3400043082206082,0.0048025003889125735,0.24183369028286247
Sine,4,fourier,12,24,0.18986130978234134,0.21400058348702905,0.4644700985112453,0.006767292644240301,0.3680106183994397
Sine,5,fourier,12,24,0.18726744413521518,0.22909096427501816,1.3689440810256883,0.007244492384733222,0.3570922305078068
Sine,6,fourier,12,24,0.18411811297004993,0.21390548526080155,0.6145134396284492,0.006764285374277093,0.3390158425033174
Snake,0,fourier,12,24,0.3478564142694794,0.3889699298116086,1.3757050874130872,0.012300309195205125,0.6125194068592902
Snake,1,fourier,12,24,0.21671484118993567,0.24815760041271082,0.6964394988573522,0.007847432359861068,0.37857882788262776
Snake,2,fourier,12,24,0.22025127812987733,0.2501246359944496,0.5624475486288945,0.007909635486629957,0.37097303849790136
Snake,3,fourier,12,24,0.2230514901122869,0.26268432001741976,0.6696102783223203,0.00830680756867608,0.38681767970399555
Snake,4,fourier,12,24,0.21956298956931078,0.25889314947763037,1.196459653486774,0.008186920229637433,0.36710632907358276
Snake,5,fourier,12,24,0.17816648873829832,0.20290869856939436,0.6278897242029978,0.006416536445398353,0.30892500966878833
Snake,6,fourier,12,24,0.2382040140961399,0.27692478401216986,1.049767774947191,0.008757130580286385,0.39656357713957185
Spoon,0,fourier,12,24,0.11491291205740922,0.1261361966125216,0.34501816748137737,0.003988776766863835,0.22617198878015704
Spoon,1,fourier,12,24,0.10203558234979096,0.12031353140222797,0.5985994362589149,0.003804647925692323,0.19143280849587962
Spoon,2,fourier,12,24,0.16632255857095363,0.19459371311832144,0.527478001328598,0.006153593518032823,0.3156326278662713
Spoon,3,fourier,12,24,0.14274327229670125,0.16980222697635325,0.5574560614109668,0.005369617890141624,0.2630630458567557
Spoon,4,fourier,12,24,0.11327977011497044,0.12989119650154546,0.4363634848141351,0.004107520289493784,0.21670169654438665
Spoon,5,fourier,12,24,0.3022695477918145,0.38945184839029773,1.3875142680170478,0.012315548798759212,0.57269859705488
Spoon,6,fourier,12,24,0.1727132490044052,0.2172525412376013,1.015251285952232,0.006870128577704762,0.3291354795961814
Sshape,0,fourier,12,24,0.3558214785102557,0.4220902993596514,1.6423629927473335,0.013347667242388093,0.6071178536251366
Sshape,1,fourier,12,24,0.32483891099142637,0.3755601304405874,1.0395600004145327,0.011876254105421919,0.5446683164939258
Sshape,2,fourier,12,24,0.17725487473013538,0.2165462799082588,1.024127340579013,0.006847794633464556,0.27513463364482255
Sshape,3,fourier,12,24,0.24436904508836818,0.2830262235609943,0.7675844324068346,0.008950075040087538,0.3712730380742921
Sshape,4,fourier,12,24,0.20023414688635943,0.2403533509333165,0.7786361956773802,0.007600640322030374,0.3037518544178799
Sshape,5,fourier,12,24,0.2204110057902469,0.24880605476121884,0.47332089267627586,0.007867938286860327,0.3365316523694616
Sshape,6,fourier,12,24,0.31911426053029246,0.37261069717423023,0.9618469915111408,0.011782984836138334,0.4785692761588328
Trapezoid,0,fourier,12,24,0.15757725228330854,0.1859966897232269,0.8070838803175384,0.0058817317677703,0.32139869817555616
Trapezoid,1,fourier,12,24,0.11498065787244258,0.13424437277391868,0.3964979640820498,0.0042451798102627935,0.2094312580362185
Trapezoid,2,fourier,12,24,0.11121698795047277,0.13959156299161427,0.6496371455124677,0.0044142728119636885,0.22093315421004736
Trapezoid,3,fourier,12,24,0.12707394405694175,0.14816097266214778,0.3367342016284916,0.004685261339583279,0.2302690886003166
Trapezoid,4,fourier,12,24,0.13718110193959035,0.1513310826306643,0.289516762141586,0.004785509018920448,0.2507316987230223
Trapezoid,5,fourier,12,24,0.13417537275574767,0.16294874234497347,0.8075950927640411,0.005152891676700428,0.23987594770894552
Trapezoid,6,fourier,12,24,0.18118671875617987,0.20810027797061617,0.49683619122667183,0.0065807086010130945,0.33236018686781166
WShape,0,fourier,12,24,0.15278161475769897,0.17415497335969032,0.6996121832257988,0.00550726381662568,0.31022875811907624
WShape,1,fourier,12,24,0.3005334509737038,0.3356475172776167,0.7218626417715647,0.010614106455779874,0.5709613598803054
WShape,2,fourier,12,24,0.20708661274090542,0.24805614043482635,1.0324366152881304,0.007844223913646416,0.403125738260763
WShape,3,fourier,12,24,0.20274232057532196,0.2623026359876908,1.3248817064290976,0.008294737659871529,0.3746814727780651
WShape,4,fourier,12,24,0.22507502038550617,0.2622333738274248,0.612671367365888,0.008292547398050487,0.39692032132119376
WShape,5,fourier,12,24,0.2879574197361279,0.33832476539239376,1.166247979518717,0.01069876847482075,0.5304487597362073
WShape,6,fourier,12,24,0.2562322140802776,0.29865043168397803,0.8051758442262138,0.009444155883138863,0.4897453282428191
Worm,0,fourier,12,24,0.09826377014858055,0.11044889458226864,0.30335061152290815,0.0034927007192780044,0.1993043515934198
Worm,1,fourier,12,24,0.08563971611481429,0.10418388865735488,0.5498413232417859,0.0032945838365062317,0.17266296437424097
Worm,2,fourier,12,24,0.11436466206558103,0.13915615892772912,0.6966591352656343,0.004400504126519984,0.22905211262026615
Worm,3,fourier,12,24,0.11596186712931911,0.13183384417189836,0.5061555068130318,0.0041689522027891345,0.22916606882601986
Worm,4,fourier,12,24,0.1169744783916713,0.13301305568021587,0.2709458021269246,0.004206242144882794,0.22879302669265664
Worm,5,fourier,12,24,0.09145330183014125,0.10376107358867138,0.4262837333084247,0.0032812132500454278,0.174956108561017
Worm,6,fourier,12,24,0.13145045328372032,0.14915890911831642,0.3337207803605224,0.004716818861199375,0.25712518866468875
Zshape,0,fourier,12,24,0.20645822314775286,0.23875360658249514,1.1697756010470424,0.007550051963804544,0.3671457901061563
Zshape,1,fourier,12,24,0.18151458668761658,0.20415905319866637,0.4343754780355154,0.006456076130512703,0.2999522792009171
Zshape,2,fourier,12,24,0.3109892404176952,0.38070166835878155,1.4901268418207545,0.012038843810398058,0.551561543683091
Zshape,3,fourier,12,24,0.2217506995310822,0.24530592174445653,0.9924715631851431,0.007757254362395076,0.3561872563038333
Zshape,4,fourier,12,24,0.3306741923219581,0.3709577925776939,0.9191145043229136,0.01173071540333817,0.5468038800464067
Zshape,5,fourier,12,24,0.22862288407490086,0.27254924606019365,0.7774356792367015,0.00861876392111885,0.34385580018884004
Zshape,6,fourier,12,24,0.5532060387576366,0.6657263612040064,1.7207284259128817,0.021052115998206146,0.8722001480636475
heee,0,fourier,12,24,0.24009342379362644,0.2923143298368339,0.9148801715460689,0.00924379074990111,0.44375188220922973
heee,1,fourier,12,24,0.2478229249737042,0.27610528049920313,0.5911593189058635,0.008731215603771542,0.41747128423383406
heee,2,fourier,12,24,0.25465298999955077,0.29106769170070784,1.2072839368551094,0.009204368590619256,0.44783064962309643
heee,3,fourier,12,24,0.19112902291738193,0.20514098812561207,0.4053516929426024,0.006487127639344899,0.32511854170475807
heee,4,fourier,12,24,0.23318961752779124,0.2719535877104566,0.971287764951638,0.008599927550194187,0.3841325397265448
heee,5,fourier,12,24,0.2487712003629867,0.3009760707490227,0.7423405749393918,0.009517699047748922,0.41232318089667175
heee,6,fourier,12,24,0.30836654680853826,0.36875750660494444,0.9065484416741988,0.011661136251562093,0.4879995320447542
Angle,0,fourier,17,34,0.06513353607431875,0.07543133148773785,0.38541406230224867,0.002385348144404291,0.11071417638541092
Angle,1,fourier,17,34,0.07009465243857055,0.08185573186375467,0.36876195050038346,0.0025885055222948433,0.11749783140366937
Angle,2,fourier,17,34,0.05559538853661621,0.06472675001548288,0.2578758464781398,0.0020468395558926483,0.09274457499796707
Angle,3,fourier,17,34,0.09949153476764312,0.11104115326643152,0.38849266914311764,0.0035114295833376945,0.15764751792905984
Angle,4,fourier,17,34,0.08396982395375198,0.10070479369355173,0.3838792727129849,0.0031845651936898414,0.13294165868258567
Angle,5,fourier,17,34,0.10864032273376595,0.127130441934108,0.5142774261197376,0.00402021756455563,0.17584329698707954
Angle,6,fourier,17,34,0.10474488989016853,0.11624186375383176,0.24974041053551507,0.003675890489250787,0.16584296329539905
BendedLine,0,fourier,17,34,0.0686814218909343,0.07738485790053475,0.17635306045635274,0.002447124073741655,0.16001941789770144
BendedLine,1,fourier,17,34,0.049799792346354996,0.05693489363351417,0.36826774528416095,0.0018004394222132477,0.11170365448465219
BendedLine,2,fourier,17,34,0.06830538858890613,0.0792543044933682,0.2989858007386951,0.0025062411657156072,0.14514644153918949
BendedLine,3,fourier,17,34,0.06377735555218729,0.07163634890359419,0.32210322086743337,0.0022653402579386347,0.13195187195156666
BendedLine,4,fourier,17,34,0.05513267758392803,0.06353256654857317,0.1410379819691479,0.0020090761588971383,0.10785518725664212
BendedLine,5,fourier,17,34,0.0904275361033078,0.10358716826832935,0.30864896068202125,0.0032757138809504068,0.16672334750155643
BendedLine,6,fourier,17,34,0.107047437945514,0.12648033608518372,0.31485662420552263,0.003999659412527651,0.20715939119050983
CShape,0,fourier,17,34,0.1178806412834068,0.1359945263917341,0.6417607648430722,0.0043005245271375975,0.22096966226855058
CShape,1,fourier,17,34,0.08457416556100299,0.09166345990918737,0.15957172037637957,0.002898653115245631,0.13845353698832333
CShape,2,fourier,17,34,0.09548744095486163,0.10989375784367443,0.25356889107312136,0.0034751457542100527,0.15015856117082976
CShape,3,fourier,17,34,0.08415355787311415,0.09927140889359315,0.2476030686469788,0.003139237586376502,0.1456100627497166
CShape,4,fourier,17,34,0.09972907259738766,0.11444826710854088,0.30069117748674734,0.0036191719832232233,0.1456531978337795
CShape,5,fourier,17,34,0.11193464596786379,0.12507627891369213,0.35734982011738536,0.00395525922625758,0.1760819021233848
CShape,6,fourier,17,34,0.11758639573578525,0.13160299107739667,0.3047034185012976,0.0041616519869539,0.1779428608865889
DoubleBendedLine,0,fourier,17,34,0.07914901117086187,0.08853472846459053,0.21494404789380295,0.0027997139397264816,0.1772885064029652
DoubleBendedLine,1,fourier,17,34,0.06026907569942382,0.06952978069112727,0.15206203666907622,0.002198724721959585,0.12325801423355684
DoubleBendedLine,2,fourier,17,34,0.07283917215609939,0.08162889532365769,0.27619895489714896,0.0025813323210622584,0.1479067258753677
DoubleBendedLine,3,fourier,17,34,0.07768984008396089,0.08981458592135493,0.38940642933279934,0.002840186586163741,0.1479058228258925
DoubleBendedLine,4,fourier,17,34,0.07165091895869809,0.08122426596137837,0.17865033057770902,0.002568536817132417,0.14060828968069988
DoubleBendedLine,5,fourier,17,34,0.07573358645326851,0.08558579889253029,0.23416907044666252,0.0027064605986551215,0.1384859240140434
DoubleBendedLine,6,fourier,17,34,0.07689956883599405,0.08754969450213562,0.18579045436247926,0.0027685644307866982,0.14107661432474494
GShape,0,fourier,17,34,0.12873333444597035,0.14976866136545058,0.3672218871823764,0.004736100920292874,0.26302875321592006
GShape,1,fourier,17,34,0.12932960041351857,0.16478812871988663,1.1276736266058893,0.005211058181118488,0.22043601940730187
GShape,2,fourier,17,34,0.1172462504429831,0.1337907197269447,0.48756203954299837,0.004230834041303661,0.17596847807604518
GShape,3,fourier,17,34,0.11142335685980918,0.12650609975864788,0.370409536154032,0.004000474131418046,0.16970983562155148
GShape,4,fourier,17,34,0.1229140421732594,0.13716455845556685,0.32855248853814284,0.004337524189708988,0.20844580285078013
GShape,5,fourier,17,34,0.12648161764154014,0.14866958400602995,0.7373025758927402,0.004701345042487947,0.20350721122858903
GShape,6,fourier,17,34,0.19818864868440605,0.2336819508642902,0.6337602748597455,0.0073896721280270975,0.3282080494351799
JShape,0,fourier,17,34,0.09520410901216818,0.13979241199810355,1.0937612194883852,0.00442062421522657,0.19625412276953497
JShape,1,fourier,17,34,0.11308994313384686,0.13791028417390971,0.7993905362978541,0.004361106107506275,0.2122688195437913
JShape,2,fourier,17,34,0.05943955808417751,0.06711963277651418,0.21305034223998892,0.002122509152878761,0.11375361200819725
JShape,3,fourier,17,34,0.060027631055875955,0.073577662881778,0.41086941707709423,0.0023267299961844674,0.10971314817935993
JShape,4,fourier,17,34,0.10404323419808473,0.12445968557342238,0.42997464713035116,0.0039357608328041424,0.18176697731017136
JShape,5,fourier,17,34,0.09136095279613772,0.11450857307487701,0.9928124620647806,0.0036210790253244198,0.15552096536581622
JShape,6,fourier,17,34,0.11007337687872214,0.1259705099840993,0.3990999484695503,0.00398353729562735,0.19634322485743755
JShape_2,0,fourier,17,34,0.10983229654540339,0.13195022062446954,0.6678553778333266,0.00417263234935049,0.24740371272561737
JShape_2,1,fourier,17,34,0.08297803425774365,0.10066496380716819,0.639078505673805,0.0031833056620906644,0.1793433313441806
JShape_2,2,fourier,17,34,0.13707195795007426,0.16082861788785927,0.8957476545623628,0.005085847454625338,0.260412209916514
JShape_2,3,fourier,17,34,0.136456239815081,0.17561331548217776,0.9953713595551137,0.005553380643773926,0.2490230420603989
JShape_2,4,fourier,17,34,0.1268588392474741,0.14994618698004208,0.7862690161314692,0.004741714773144178,0.23084466664910974
JShape_2,5,fourier,17,34,0.09934261063352827,0.11263877236999204,0.2360585349186867,0.0035619507353441713,0.1825116407462038
JShape_2,6,fourier,17,34,0.15026291071760042,0.16757887554772022,0.7165644008901927,0.0052993093446069275,0.2527670652462237
Khamesh,0,fourier,17,34,0.08852878135400932,0.103753366093521,0.5895880273030196,0.0032809695176481283,0.16079621708121258
Khamesh,1,fourier,17,34,0.050386374727724136,0.062269881134677185,0.58867431783268,0.0019691465401353004,0.08804845075699057
Khamesh,2,fourier,17,34,0.06831843441010506,0.0756459421674919,0.21298078846830476,0.0023921347299864885,0.11472957031003997
Khamesh,3,fourier,17,34,0.08279345576347628,0.1005894760522774,0.5540115264541886,0.0031809185296815903,0.13226965141245883
Khamesh,4,fourier,17,34,0.09162855774164035,0.10737854670457672,0.43802451560988126,0.003395607794252299,0.1480492981015274
Khamesh,5,fourier,17,34,0.0930219991476298,0.10665432337646603,0.4123923945573246,0.0033727058417377274,0.16048856898834812
Khamesh,6,fourier,17,34,0.10125240833651353,0.10989726133678132,0.22182026306827077,0.0034752565443898972,0.16386304231579202
LShape,0,fourier,17,34,0.09105468087140471,0.10162353259563436,0.19555569023104022,0.0032136182687456773,0.1602965781494821
LShape,1,fourier,17,34,0.08572911465631917,0.0985894260946219,0.1982634401727602,0.0031176713966784434,0.14998345704870306
LShape,2,fourier,17,34,0.06653432613698683,0.07289005185941529,0.14859466746503983,0.0023049858264354364,0.1107683257556948
LShape,3,fourier,17,34,0.058527134607692065,0.06613770403886059,0.24215333796378252,0.002091457839769168,0.10229887138564372
LShape,4,fourier,17,34,0.09315069919627661,0.1029018128676832,0.4057512542348224,0.0032540410402230164,0.15570214704745283
LShape,5,fourier,17,34,0.096619774832533,0.12091021022828603,0.8091631094306366,0.003823516566911712,0.1565769074093973
LShape,6,fourier,17,34,0.10782679258625112,0.12543066021367616,0.2952089672817045,0.003966465746938789,0.17496554772231263
Leaf_1,0,fourier,17,34,0.07913062740149332,0.10073341608886509,0.6787465988465198,0.0031854703133026405,0.17097716651992284
Leaf_1,1,fourier,17,34,0.10370574938127052,0.12619287052953354,0.6724545618800702,0.003990568953480646,0.19591619520466097
Leaf_1,2,fourier,17,34,0.08397506004158475,0.09547383375827753,0.4616835181347324,0.0030191477162443067,0.15824230554696764
Leaf_1,3,fourier,17,34,0.10208981261564364,0.11874892182133366,0.30286383009351003,0.0037551706264468483,0.19615088317790214
Leaf_1,4,fourier,17,34,0.10182171236855396,0.11203578508530149,0.3896949918992262,0.003542882603146746,0.17811259456447406
Leaf_1,5,fourier,17,34,0.08015650939939327,0.09061094590457194,0.32974940601561875,0.0028653697000075337,0.15530253879177802
Leaf_1,6,fourier,17,34,0.0858559093859757,0.09701423486710005,0.24183359507891428,0.0030678594763855877,0.150946219859485
Leaf_2,0,fourier,17,34,0.087551430824406,0.09619423945468224,0.21013685480655822,0.003041928944644294,0.15614976367091454
Leaf_2,1,fourier,17,34,0.12767452068546983,0.14867143190775384,0.8345141810541304,0.0047014034782713425,0.21779058920324326
Leaf_2,2,fourier,17,34,0.09111735885797499,0.1066514403341302,0.29646246105921675,0.0033726146719340075,0.15118703526845192
Leaf_2,3,fourier,17,34,0.0704682106116023,0.07918186850340683,0.17997935378547586,0.0025039505385871363,0.12340046599685438
Leaf_2,4,fourier,17,34,0.10638714430593524,0.12034166593891579,0.252117176439364,0.0038055376178607937,0.18050208832110648
Leaf_2,5,fourier,17,34,0.1405554564857577,0.16105631340344295,0.7728126824820893,0.005093047819047848,0.2443603599440034
Leaf_2,6,fourier,17,34,0.13903949609963007,0.16667625415622,0.8803308720068433,0.005270765949987615,0.23581884192012376
Line,0,fourier,17,34,0.04109751157234794,0.05563102703441977,0.3764646913672213,0.001759207540031688,0.08029577085707224
Line,1,fourier,17,34,0.03495824055509312,0.03977677075107684,0.16443558909479977,0.0012578519353976928,0.06501305023123656
Line,2,fourier,17,34,0.07170819127163393,0.08074469980893348,0.18709437186373765,0.0025533716038279235,0.1314288438436304
Line,3,fourier,17,34,0.041427758737387736,0.04920892887707126,0.1703635578933062,0.0015561229646877707,0.07825344948816376
Line,4,fourier,17,34,0.05804399672408468,0.07079376279516837,0.19612476235953813,0.0022386953456642027,0.10669010498330002
Line,5,fourier,17,34,0.07212912160502975,0.08526306133991746,0.19410431673179487,0.0026962547411278717,0.13178840141705508
Line,6,fourier,17,34,0.05924968122452417,0.07732090115583061,0.19378328808351955,0.0024451015838917057,0.12091248729249843
Multi_Models_1,0,fourier,17,34,0.07677141175071459,0.10168129499345264,0.3328628915966637,0.003215444876147862,0.26455492579464085
Multi_Models_1,1,fourier,17,34,0.03608753651314628,0.04250109789347069,0.20005089542307664,0.0013440027240115174,0.11585496541254567
Multi_Models_1,2,fourier,17,34,0.06422519751709667,0.07437954917237564,0.22330143220532775,0.00235208786721199,0.21510882904334896
Multi_Models_1,3,fourier,17,34,0.039488644662269146,0.046593883038858974,0.17972724407763796,0.001473427954342821,0.1837504256837761
Multi_Models_1,4,fourier,17,34,0.043220187434675546,0.04938980486022103,0.19138718307045624,0.001561842765495526,0.18948154575010992
Multi_Models_1,5,fourier,17,34,0.039817656111470055,0.0527763158901589,0.14870776793694934,0.0016689336472543895,0.2903263270755074
Multi_Models_1,6,fourier,17,34,0.038520949798566774,0.04865140682675835,0.11601651788057041,0.0015384925694402131,0.28849821543612236
Multi_Models_2,0,fourier,17,34,0.03759267293173558,0.04219184649567894,0.15722676960356904,0.0013342233361453904,0.11341110599646526
Multi_Models_2,1,fourier,17,34,0.07711895053738889,0.10050196299728578,0.3637905616703975,0.0031781511238938597,0.21852261700941156
Multi_Models_2,2,fourier,17,34,0.050323012911343216,0.06263525734439565,0.29909285203524427,0.0019807007503907974,0.15191859341774616
Multi_Models_2,3,fourier,17,34,0.061757034266458906,0.07552291650477111,0.2632225056968986,0.0023882443169379944,0.1765547016969073
Multi_Models_2,4,fourier,17,34,0.04667708442306301,0.05610394431982756,0.4390222501131639,0.0017741624976992134,0.19931585567830246
Multi_Models_2,5,fourier,17,34,0.03585294832891951,0.044207972810799884,0.15834786541141305,0.001397978848209236,0.15335621456854542
Multi_Models_2,6,fourier,17,34,0.053577070405517804,0.06516837991834623,0.16725719825798185,0.0020608051196515194,0.21216729423296474
Multi_Models_3,0,fourier,17,34,0.07866650177245364,0.0914097423028196,0.5311314158203664,0.002890629860059549,0.240658434620812
Multi_Models_3,1,fourier,17,34,0.08900695205657701,0.10588374578748232,0.5783414379624319,0.0033483380387870306,0.25663142654819554
Multi_Models_3,2,fourier,17,34,0.09270481668849814,0.10645969247671198,0.4634082059297741,0.0033665510722750195,0.24753084229306238
Multi_Models_3,3,fourier,17,34,0.09397653007769348,0.10487145215391828,0.2642617433939715,0.0033163265033575285,0.26152973545787617
Multi_Models_3,4,fourier,17,34,0.09048643093770802,0.10761211990277166,0.6658360244480965,0.003402994027318958,0.3053382035316986
Multi_Models_3,5,fourier,17,34,0.038802203079970315,0.043278867840763235,0.10021348909352158,0.0013685979693022527,0.11565891377187534
Multi_Models_3,6,fourier,17,34,0.0409907063438784,0.04990012161318551,0.1849514491693688,0.0015779803981706185,0.12734693600408348
Multi_Models_4,0,fourier,17,34,0.09074936587332191,0.10527342682948465,0.2904081094470141,0.003329038058722498,0.21605424532904935
Multi_Models_4,1,fourier,17,34,0.06777114075761365,0.07943200409418631,0.16642961493820613,0.002511860520494486,0.15880607814657455
Multi_Models_4,2,fourier,17,34,0.19826912062746807,0.2582913695796131,0.7883133452890739,0.00816789027835905,0.4275701101012947
Multi_Models_4,3,fourier,17,34,0.07023331705863739,0.0906407498831098,0.45312611243396583,0.002866312184562678,0.15040645639205513
Multi_Models_4,4,fourier,17,34,0.05339689461888904,0.06329134620844155,0.28235374955113457,0.0020014481019693738,0.20675431495077026
Multi_Models_4,5,fourier,17,34,0.048232531359630966,0.05565202818491227,0.20391279666584836,0.0017598716547220907,0.1857715410161845
Multi_Models_4,6,fourier,17,34,0.07667910090539413,0.0945762483595939,0.7026323138254823,0.0029907635737008013,0.27435641608352035
NShape,0,fourier,17,34,0.1288821686633773,0.14797499599106048,0.5534553297334373,0.00467938024086036,0.21165348783708077
NShape,1,fourier,17,34,0.1524206838795302,0.1655473398949107,0.35042077925332,0.005235066546499775,0.24165783829995505
NShape,2,fourier,17,34,0.16517754751307967,0.19420864338402194,1.0658462212296596,0.006141416543849001,0.2583168829868285
NShape,3,fourier,17,34,0.15330028333538548,0.1806514802547663,0.40636466412768285,0.005712701402859966,0.22863132554010757
NShape,4,fourier,17,34,0.16366640085826573,0.19003666147591883,1.0351033740039046,0.0060094868919827885,0.2566206626975697
NShape,5,fourier,17,34,0.1795205386667095,0.24715654987033406,0.9449158221571538,0.007815776362192495,0.27368587348561096
NShape,6,fourier,17,34,0.1907912575478354,0.21225997050251763,0.49610738176093677,0.006712249628681106,0.2785085080590267
PShape,0,fourier,17,34,0.06479374118213979,0.08398948661474843,0.39401680384396026,0.002655980772108301,0.11519626676496669
PShape,1,fourier,17,34,0.09513328732840155,0.10960646507826398,0.37836845808840985,0.003466060759270198,0.15152785869325452
PShape,2,fourier,17,34,0.12578516457207206,0.14479083240727786,0.3769396455016049,0.004578688147187185,0.19739755478222604
PShape,3,fourier,17,34,0.07030998036470418,0.07992521658890127,0.3333091273089384,0.002527457269032016,0.10998580889566818
PShape,4,fourier,17,34,0.11026836078766271,0.12814140393001197,0.6007844304051958,0.004052186989904894,0.1879748877799893
PShape,5,fourier,17,34,0.13096071282101385,0.14681508911076124,0.4645668850496443,0.0046427007647059015,0.20853746405315482
PShape,6,fourier,17,34,0.10273456141502327,0.11790037728970246,0.28485613586907027,0.0037283372922864945,0.158250158003828
RShape,0,fourier,17,34,0.06258435034429337,0.07788580995038806,0.5222449481266381,0.0024629655685023226,0.10036213673329637
RShape,1,fourier,17,34,0.08612426235176315,0.09592542065393748,0.319862313987619,0.0030334281477620096,0.13645767048687302
RShape,2,fourier,17,34,0.10762476673479936,0.1317910944008109,0.41976198081351934,0.0041676003363282635,0.17135038775152905
RShape,3,fourier,17,34,0.11736853991049095,0.13382348276653522,0.5149948535853457,0.0042318700995854245,0.19276271296830075
RShape,4,fourier,17,34,0.08335038304321282,0.10205272020566156,0.5167239016958035,0.0032271903726577775,0.13327391877083664
RShape,5,fourier,17,34,0.1051113950679306,0.13177411167414527,0.6887125828828525,0.004167063295356828,0.16050914084862727
RShape,6,fourier,17,34,0.08629163976601387,0.10170632856085128,0.545588409505709,0.0032162365070572516,0.13527423279188536
Saeghe,0,fourier,17,34,0.07055203927835582,0.08113032873715484,0.28651012770345785,0.002565566261276214,0.13163703940604518
Saeghe,1,fourier,17,34,0.05645914595353431,0.0621594699210741,0.13054842010614343,0.00196565503099321,0.10484707002217528
Saeghe,2,fourier,17,34,0.05936090718002854,0.06766665717608472,0.1563580033878642,0.0021398075832620507,0.10826359707542288
Saeghe,3,fourier,17,34,0.10523574872979793,0.12283796699972384,0.26621795126964626,0.003884477588637272,0.1951242362023367
Saeghe,4,fourier,17,34,0.07931133123329091,0.09350258975249212,0.21831193238211968,0.0029568115074219466,0.1429115178137972
Saeghe,5,fourier,17,34,0.07287985013870092,0.0864758463849468,0.4309946746467836,0.002734606371672698,0.12818949909859131
Saeghe,6,fourier,17,34,0.06527907300380628,0.07429849233532543,0.32029190389298784,0.002349524624961911,0.11189687387953248
Sharpc,0,fourier,17,34,0.09104364185932771,0.11527815420946703,0.9257885577653016,0.0036454153176204303,0.1697561547672785
Sharpc,1,fourier,17,34,0.07666686469496294,0.09122763670654686,0.4328927051452309,0.0028848711754707,0.14439388883786747
Sharpc,2,fourier,17,34,0.11606536384205403,0.1411858610703954,0.7548958135204272,0.004464688943945479,0.19481435380408602
Sharpc,3,fourier,17,34,0.08788586967649809,0.10122469251520208,0.2980076809949598,0.003201005837982369,0.14953620320313593
Sharpc,4,fourier,17,34,0.07091139160529462,0.08216158189717475,0.24552026012397393,0.0025981773495753046,0.12105257417649816
Sharpc,5,fourier,17,34,0.10582934180422365,0.12115372298486597,0.27711416572564557,0.0038312171164126994,0.18153829120581508
Sharpc,6,fourier,17,34,0.1203930695555078,0.1434098604802101,0.4027507240097838,0.004535017980444325,0.19398875622031025
Sine,0,fourier,17,34,0.05374444108443463,0.0642542691123123,0.3891502396987896,0.0020318983978431233,0.10748553379881676
Sine,1,fourier,17,34,0.07222861324999981,0.08348067342382363,0.4278282241492243,0.0026398906862396963,0.13991153072894022
Sine,2,fourier,17,34,0.09894851039914063,0.11707253251472785,0.6611255005858102,0.003702158541906601,0.1877908448677936
Sine,3,fourier,17,34,0.08360256026855728,0.08985897393277249,0.16457565426652931,0.002841590258332592,0.14805594655266685
Sine,4,fourier,17,34,0.09347118611957865,0.1050540789073806,0.21898123128483282,0.003322101668383758,0.18117640211072958
Sine,5,fourier,17,34,0.09930761396945532,0.11911466459068784,0.9362705450104236,0.0037667364283358166,0.18936541555592523
Sine,6,fourier,17,34,0.09452851655194963,0.11188193425906509,0.5185181503787414,0.0035380174128386874,0.17405492682113766
Snake,0,fourier,17,34,0.12051054100599486,0.1445439126453282,0.7026905253130312,0.00457087985871651,0.21219975274079803
Snake,1,fourier,17,34,0.12391936359846208,0.13668083887475854,0.4211785859167927,0.004322227633467227,0.216474548607175
Snake,2,fourier,17,34,0.12076167428971266,0.13731036001980013,0.33474937406234606,0.004342134840002913,0.20340097740060067
Snake,3,fourier,17,34,0.13891260341378348,0.16946962251770364,0.48076691301915936,0.005359100013649024,0.24090334885057602
Snake,4,fourier,17,34,0.0942782532100204,0.13093855252070105,0.8787045494270865,0.00414064059490997,0.15763195571025287
Snake,5,fourier,17,34,0.08758617578676627,0.09964952505006501,0.35399779060648523,0.003151194669122099,0.15186671968106602
Snake,6,fourier,17,34,0.13887536912766246,0.15399965034527016,0.4807434048992397,0.004869896539605895,0.2312006091367406
Spoon,0,fourier,17,34,0.0501260800228204,0.05694604665379132,0.16259419424839447,0.0018007921116819058,0.09865832312082295
Spoon,1,fourier,17,34,0.06574864951329902,0.08519058912565246,0.5438224485848125,0.00269396296848634,0.12335352375403838
Spoon,2,fourier,17,34,0.05678509026632272,0.06402671511175542,0.2143232228738999,0.002024702508518694,0.10776185394440507
Spoon,3,fourier,17,34,0.06108764475004861,0.07073004362288725,0.29206227918726646,0.002236680368513913,0.11257904932122403
Spoon,4,fourier,17,34,0.08547065616974758,0.09622471689493156,0.3225775467401326,0.003042892725928689,0.16350347619833783
Spoon,5,fourier,17,34,0.13831237783758785,0.18450671134980404,0.6218127006662392,0.005834614514526208,0.26205519319288867
Spoon,6,fourier,17,34,0.07582375364228269,0.08998736425420288,0.47471322248516107,0.002845650316785003,0.14449550143775527
Sshape,0,fourier,17,34,0.16316763990528982,0.19853577944548198,0.7820066270895731,0.006278252600845642,0.278403618958386
Sshape,1,fourier,17,34,0.16139762032380964,0.2103715944273362,0.8423597364224781,0.00665253393391568,0.2706208128810511
Sshape,2,fourier,17,34,0.12701283945848593,0.1431232932646594,0.6132269887575466,0.004525955929405598,0.19714905503051888
Sshape,3,fourier,17,34,0.1589485495483637,0.19255486991686344,0.462929869319323,0.006089119634947255,0.2414925788451761
Sshape,4,fourier,17,34,0.1294651291219685,0.1557147790140658,0.5831802338106068,0.004924133670342362,0.1963964371949346
Sshape,5,fourier,17,34,0.09809931741541442,0.10860814763777027,0.2914813198069866,0.0034344911898719003,0.14978165571978236
Sshape,6,fourier,17,34,0.14911217813939068,0.17404660948950015,0.4255563062600517,0.005503837050166962,0.2236205522123983
Trapezoid,0,fourier,17,34,0.09073706308965968,0.10202662048635844,0.48953026564790003,0.0032263650270648882,0.18506969458293449
Trapezoid,1,fourier,17,34,0.08769288839375765,0.09775615599324503,0.3594634875696276,0.0030913210824137396,0.1597280123193317
Trapezoid,2,fourier,17,34,0.07524354633585573,0.08951985854408451,0.5019947469322509,0.0028308664881539184,0.14947171589769517
Trapezoid,3,fourier,17,34,0.08359312638275508,0.09341367698181849,0.1908906300217684,0.0029539998387378974,0.15147804822035482
Trapezoid,4,fourier,17,34,0.08534298120399411,0.09512032399179206,0.23963422994575362,0.0030079687558722235,0.15598497423345822
Trapezoid,5,fourier,17,34,0.10471418446749098,0.12114519291021981,0.7430333866943201,0.003830947371767769,0.18720584651129835
Trapezoid,6,fourier,17,34,0.11480512648175166,0.14029222096393756,0.4131613673995808,0.0044364295624966564,0.21059299242680443
WShape,0,fourier,17,34,0.08914798057960695,0.1035677186118349,0.495729667259337,0.003275098828808104,0.1810182943012869
WShape,1,fourier,17,34,0.13264970771921303,0.14636030998374522,0.3395472449550491,0.004628319385969165,0.25201140592404087
WShape,2,fourier,17,34,0.13013957327480397,0.1579249315295706,0.8024764034759955,0.00499402482959582,0.2533365670478378
WShape,3,fourier,17,34,0.12902209696850908,0.1708864077091245,1.0052346412760982,0.005403902695249899,0.2384415309832435
WShape,4,fourier,17,34,0.12778180045645132,0.14126039034494217,0.3509263735454344,0.004467045766544756,0.2253435019546106
WShape,5,fourier,17,34,0.1102563219209501,0.12748555556693617,0.6353318749205356,0.004031447243634768,0.20310408833930205
WShape,6,fourier,17,34,0.1981848982163604,0.22212982452833088,0.4838095675009179,0.007024361817630629,0.3787975230910356
Worm,0,fourier,17,34,0.043447585335938135,0.04838321756047922,0.11866443403953647,0.0015300116801856987,0.08812294511584044
Worm,1,fourier,17,34,0.06011756873173132,0.0823424302517575,0.4646285752805505,0.002603896276691057,0.12120635260253183
Worm,2,fourier,17,34,0.07159026930609798,0.08821948682292989,0.4804078408104215,0.002789745123716699,0.14338259853565918
Worm,3,fourier,17,34,0.04482322548777262,0.05390864455589607,0.23532339826378837,0.0017047410236906786,0.08858051902251586
Worm,4,fourier,17,34,0.04404259090236629,0.05242533912412664,0.2643541944762029,0.0016578347873897697,0.08614389920336944
Worm,5,fourier,17,34,0.05123193515663081,0.06498479215525012,0.34527482362796963,0.002054999564832328,0.09801002073935333
Worm,6,fourier,17,34,0.05923504403968666,0.06650805985115245,0.1608704173466516,0.002103169518884409,0.11586739713549443
Zshape,0,fourier,17,34,0.10479742424834924,0.13304596089957152,0.9740279150405075,0.004207282699283507,0.18636183408017976
Zshape,1,fourier,17,34,0.08769579299882453,0.09758008446332717,0.228561517702353,0.0030857532117572303,0.14491701998362766
Zshape,2,fourier,17,34,0.14363937256548023,0.17345762074037918,0.8826291873661319,0.005485211590532604,0.25475464668641623
Zshape,3,fourier,17,34,0.1251150782149314,0.14366507443522591,0.7563456713035129,0.0045430885543294225,0.20096620450737043
Zshape,4,fourier,17,34,0.09025804903133432,0.09882977135068371,0.2043526367473289,0.0031252717810181605,0.1492509925531166
Zshape,5,fourier,17,34,0.0821703760669235,0.09588197339759341,0.2378346175630962,0.0030320542248806846,0.12358675523073681
Zshape,6,fourier,17,34,0.26290534551671535,0.32261738323624956,1.3165831738057017,0.010202057437899727,0.4145039374504444
heee,0,fourier,17,34,0.10725286005067579,0.12053592336850137,0.26960685529814454,0.003811680577159796,0.1982297464370364
heee,1,fourier,17,34,0.11968798400583273,0.13888173509062596,0.3304188673790149,0.004391826082825094,0.20162096140046512
heee,2,fourier,17,34,0.144815631143514,0.17048651508160378,0.7250873602642053,0.005391256980025152,0.25467157550631153
heee,3,fourier,17,34,0.12606990416743516,0.1411526015111016,0.34215409707754935,0.00446363718433206,0.21445023246674882
heee,4,fourier,17,34,0.14048228317498823,0.16869469992995142,0.7550594685671868,0.005334594809772936,0.23141603298937846
heee,5,fourier,17,34,0.11546355187119793,0.1297103743057129,0.3024697658925971,0.004101802189590344,0.19137383634317007
heee,6,fourier,17,34,0.11502803756694885,0.13348602532915455,0.4322151474464788,0.004221198758430558,0.18203540262605158
Angle,0,fourier,22,44,0.03185268668478366,0.042369686511720774,0.33471648391934933,0.0013398471312435212,0.0541432906075375
Angle,1,fourier,22,44,0.04459022377728014,0.052939914425367426,0.2688066145373926,0.0016741070871856515,0.0747454251267787
Angle,2,fourier,22,44,0.04088294559234979,0.048257495396422594,0.2643206579754075,0.0015260359962778556,0.0682011856276573
Angle,3,fourier,22,44,0.051405943100683665,0.06098683648027424,0.3488898396562309,0.0019285731056591319,0.08145436046947853
Angle,4,fourier,22,44,0.0622752803744611,0.07338709448210888,0.3668449807242949,0.002320703694254391,0.098594693642132
Angle,5,fourier,22,44,0.06413425631794209,0.0735454023395445,0.24139969786207335,0.0023257098282643686,0.10380656828862905
Angle,6,fourier,22,44,0.08281762857716113,0.09859869156323656,0.2838954846455901,0.0031179643965225544,0.1311254510910826
BendedLine,0,fourier,22,44,0.027845682936497817,0.030579564952879175,0.07516711564194459,0.0009670107510815774,0.06487707813531003
BendedLine,1,fourier,22,44,0.029410070583603006,0.036387609204344605,0.3559406120035385,0.0011506772369383625,0.06596839480758354
BendedLine,2,fourier,22,44,0.04969922148042651,0.058067365774067306,0.3412875278040635,0.00183625133572159,0.10560901993497436
BendedLine,3,fourier,22,44,0.029022626152981547,0.03482699740147076,0.22171429507697002,0.001101326358534132,0.06004623140422873
BendedLine,4,fourier,22,44,0.04394336383757861,0.04963726596458489,0.10710682552238193,0.00156966817271643,0.08596570932318431
BendedLine,5,fourier,22,44,0.04281396173566044,0.05169640277287688,0.306587741852272,0.0016347837959973523,0.07893709513679593
BendedLine,6,fourier,22,44,0.06726820058861617,0.0776688166098667,0.1930325443082862,0.002456103636570962,0.13017816911705732
CShape,0,fourier,22,44,0.036680257099969894,0.04690635060616326,0.424278016564396,0.0014833090464189558,0.0687578887852968
CShape,1,fourier,22,44,0.04421070952192516,0.05166542469393067,0.115381435851596,0.001633804183127287,0.07237587347709316
CShape,2,fourier,22,44,0.05164563692845306,0.057524041339749955,0.12178472798440615,0.0018190699085129363,0.08121523055156024
CShape,3,fourier,22,44,0.05540045279497439,0.06439558250651856,0.12910945720978026,0.002036367119738933,0.09585885150574458
CShape,4,fourier,22,44,0.05991905769464031,0.06757063338952322,0.16157943969167984,0.0021367710445111686,0.0875111152356159
CShape,5,fourier,22,44,0.04994631721122937,0.05844658974577452,0.16105442897252806,0.0018482434506608904,0.07856944078901312
CShape,6,fourier,22,44,0.0679294266911441,0.07753796656833244,0.2627162038795794,0.0024519657949392034,0.1027972364334437
DoubleBendedLine,0,fourier,22,44,0.023274771880962518,0.025510060972906447,0.04775936515572889,0.000806698959241553,0.052133936768178644
DoubleBendedLine,1,fourier,22,44,0.045512132922598994,0.049711664540530685,0.08714401621379621,0.0015720208622630478,0.0930781675755294
DoubleBendedLine,2,fourier,22,44,0.04437087423899965,0.05351212413446678,0.24008254046649838,0.0016922019469858146,0.09009919441222788
DoubleBendedLine,3,fourier,22,44,0.04516749993976666,0.05391522893267855,0.2585190068459198,0.0017049492399667326,0.08598983131333332
DoubleBendedLine,4,fourier,22,44,0.02469346249461698,0.02785287141369032,0.07855003601427576,0.0008807851304305537,0.04845863218675585
DoubleBendedLine,5,fourier,22,44,0.05712502984789027,0.06375063258422706,0.21237354887910415,0.0020159720124270355,0.1044584432522074
DoubleBendedLine,6,fourier,22,44,0.045180393700279646,0.051721344224266094,0.1284487562179915,0.001635572513942755,0.08288599108648169
GShape,0,fourier,22,44,0.05247482280899885,0.0597590483635003,0.21525144302608062,0.0018897470363281876,0.10721688580567439
GShape,1,fourier,22,44,0.0775430780688719,0.10066358749748332,0.8399990573281886,0.0031832621393569653,0.13216840852703232
GShape,2,fourier,22,44,0.0688333544948952,0.07842818601229344,0.47320815050328646,0.0024801170055420573,0.1033082131460223
GShape,3,fourier,22,44,0.05697918836580449,0.06741084615243165,0.42788911563461707,0.002131718128408822,0.08678547266868494
GShape,4,fourier,22,44,0.07226238873597858,0.08041182840758135,0.15649699226942151,0.002542845285865876,0.12254736212119478
GShape,5,fourier,22,44,0.07191583793350513,0.08240604944142733,0.46740728057257247,0.002605908092113566,0.11571161006568378
GShape,6,fourier,22,44,0.08073386785685355,0.09164521486076592,0.24257505416419636,0.0028980761561553125,0.13369840032992947
JShape,0,fourier,22,44,0.052535235794472016,0.09152213841459236,0.8157596205713578,0.0028941841371930366,0.1082963405919487
JShape,1,fourier,22,44,0.06078370458902745,0.07914268518923652,0.5487368862110763,0.002502711453396615,0.11409047403393541
JShape,2,fourier,22,44,0.03341949301066608,0.04045889399408812,0.15607115841570435,0.001279422566326255,0.06395720567205784
JShape,3,fourier,22,44,0.038304308640211324,0.04747463174285366,0.33963222366650414,0.0015012796738514676,0.07000919769496836
JShape,4,fourier,22,44,0.06515925266709084,0.07260432388153015,0.3092178247861768,0.0022959503144219236,0.11383537326932548
JShape,5,fourier,22,44,0.07762479345155998,0.09909487978251144,0.9372199832214241,0.0031336552457330714,0.13213831997622352
JShape,6,fourier,22,44,0.056024519749097404,0.0658290604065134,0.29523751655653013,0.002081697671133921,0.09993365508125296
JShape_2,0,fourier,22,44,0.04081135279198958,0.052203320983228566,0.49798892915597337,0.0016508139573186288,0.09192997433063126
JShape_2,1,fourier,22,44,0.05654857740469626,0.0678478128996464,0.4989047775875779,0.002145536230238358,0.12222042068423732
JShape_2,2,fourier,22,44,0.06758228446882833,0.08377853127043519,0.5875679417368898,0.002649309778382152,0.1283942559290228
JShape_2,3,fourier,22,44,0.08476977098187742,0.10477081547039874,0.5994303623224614,0.0033131440919966556,0.15469887103204077
JShape_2,4,fourier,22,44,0.08399986495938637,0.09553899422958062,0.5586749518190146,0.0030212082712715847,0.1528543138195699
JShape_2,5,fourier,22,44,0.07494409458931613,0.08295066254530362,0.18939841895615558,0.002623130270631795,0.13768683529158615
JShape_2,6,fourier,22,44,0.06583293799032083,0.08009155701566241,0.7223191901443283,0.002532717415187312,0.11074188868618078
Khamesh,0,fourier,22,44,0.043804580934725196,0.05538153490862301,0.4500440803592535,0.0017513179062737378,0.07956294887834944
Khamesh,1,fourier,22,44,0.034726361906117074,0.04377805865516097,0.5252428659935469,0.0013843837689075649,0.060683118854704884
Khamesh,2,fourier,22,44,0.04583734550665311,0.05560453897027631,0.18442551806518015,0.0017583699138966685,0.07697628026079742
Khamesh,3,fourier,22,44,0.04746155916451658,0.059436886561858575,0.3757051597240965,0.001879559385645275,0.07582391420061695
Khamesh,4,fourier,22,44,0.0562669145176319,0.0644435503361884,0.25409834067335363,0.0020378839957006503,0.09091354710790533
Khamesh,5,fourier,22,44,0.05161296870598374,0.05877719797002792,0.2458638763782315,0.0018586982006791348,0.08904658645013418
Khamesh,6,fourier,22,44,0.04887858282244209,0.05519999516596435,0.11956825542005066,0.001745577115547316,0.0791032373151112
LShape,0,fourier,22,44,0.046066050184638836,0.05104055972313636,0.16317396745613852,0.0016140442177496406,0.08109665689662425
LShape,1,fourier,22,44,0.044229727560634584,0.04938690566448197,0.17347348454487946,0.0015617510848763454,0.07738009975327904
LShape,2,fourier,22,44,0.031847780865918454,0.035548712420160104,0.0880266701396118,0.0011241489913402247,0.053021133155971886
LShape,3,fourier,22,44,0.043214222335649886,0.05156443043945982,0.20692236230108368,0.0016306104643801014,0.07553361705434065
LShape,4,fourier,22,44,0.04163048070727688,0.048846390768331485,0.2403101996638213,0.0015446585030654961,0.06958568518184208
LShape,5,fourier,22,44,0.06844528273621577,0.08792466937903212,0.6640805670681673,0.00278042217755004,0.11091881259476868
LShape,6,fourier,22,44,0.07237468551584664,0.08274910312205612,0.25306211492067865,0.0026167564020184754,0.11743905377117643
Leaf_1,0,fourier,22,44,0.048217481643856926,0.061243402613919265,0.5717566664244165,0.0019366864391869463,0.10418328097367607
Leaf_1,1,fourier,22,44,0.04794783847107139,0.05989549345056671,0.3844381476201372,0.0018940618088348856,0.0905808804004121
Leaf_1,2,fourier,22,44,0.04993208069127392,0.06060748928500131,0.44010905017329555,0.0019165770940485407,0.09409183590260756
Leaf_1,3,fourier,22,44,0.03550099181892969,0.04144882363116696,0.11970772571395917,0.0013107268900909848,0.0682100468260384
Leaf_1,4,fourier,22,44,0.06181211229837446,0.07590058881427059,0.29960278106646776,0.0024001873640099383,0.10812542276959612
Leaf_1,5,fourier,22,44,0.047976497858475624,0.05728731984322693,0.2368259853617017,0.001811584117511572,0.09295404672169973
Leaf_1,6,fourier,22,44,0.0480066215368321,0.05694367780035064,0.15243072320753626,0.001800717201958749,0.084402088348195
Leaf_2,0,fourier,22,44,0.03612466121799706,0.04121140438741895,0.14990046210460398,0.001303219034385001,0.06442907053335828
Leaf_2,1,fourier,22,44,0.044424154130877795,0.06506386498441581,0.6059640607798817,0.0020575000672442977,0.07577990229432412
Leaf_2,2,fourier,22,44,0.030025976979037906,0.03808089399028682,0.25907240477376225,0.001204223603447243,0.04982078604336334
Leaf_2,3,fourier,22,44,0.04626663287194202,0.050742082988528614,0.2214190729952365,0.0016046055546503398,0.08101985288048466
Leaf_2,4,fourier,22,44,0.041357681498243024,0.045759282500580464,0.1447151612944706,0.0014470355679691946,0.07016964246248293
Leaf_2,5,fourier,22,44,0.052704776467263716,0.0668134714102272,0.540886633645121,0.002112827480388602,0.09162901583698964
Leaf_2,6,fourier,22,44,0.08447210217515544,0.10537394538738917,0.6091696553743104,0.003332216734623436,0.143269458451069
Line,0,fourier,22,44,0.022631393893112604,0.030347378174557203,0.24270032739637926,0.0009596683604608371,0.04421691602953893
Line,1,fourier,22,44,0.026290209072356064,0.032436835122009414,0.16291232632944627,0.0010257427907289542,0.04889281199141411
Line,2,fourier,22,44,0.028617574756114334,0.035084871918568225,0.21800211272813855,0.0011094810667795717,0.0524511174679789
Line,3,fourier,22,44,0.030706710852403597,0.03957896166018834,0.12308341457878993,0.0012515966627067439,0.058002318249180104
Line,4,fourier,22,44,0.042696236935596245,0.050126922823676485,0.13889879561760643,0.0015851524821829661,0.07847953721561113
Line,5,fourier,22,44,0.036507216913203834,0.041408156773633124,0.10892518219327756,0.0013094408911401,0.06670298556417342
Line,6,fourier,22,44,0.03881110257973885,0.04615836764586917,0.13223086985132942,0.0014596557483637098,0.0792029062518929
Multi_Models_1,0,fourier,22,44,0.03444532463392214,0.04620769328643989,0.15628777600754395,0.0014612155620762125,0.11869887624431717
Multi_Models_1,1,fourier,22,44,0.01938328982417927,0.024147010505490354,0.1680091199389586,0.0007635955188136332,0.06222786560516739
Multi_Models_1,2,fourier,22,44,0.013041321341545163,0.016635224371469193,0.11011252789878898,0.0005260519840178561,0.04367917065900885
Multi_Models_1,3,fourier,22,44,0.02203724706899274,0.02489254935209678,0.06977655326443613,0.0007871715272077449,0.1025447584858506
Multi_Models_1,4,fourier,22,44,0.019295911837314512,0.020949579081216734,0.08499424990288981,0.0006624838591846248,0.08459517227032692
Multi_Models_1,5,fourier,22,44,0.01985566487840106,0.025395895356090558,0.11257874702898815,0.0008030887254453906,0.14477552972104119
Multi_Models_1,6,fourier,22,44,0.026725714002381388,0.03842627088431777,0.11756551609704223,0.001215145379810567,0.20015915589469946
Multi_Models_2,0,fourier,22,44,0.022695577081078114,0.026003347115119622,0.13529660422645076,0.0008222980367174666,0.0684689408137349
Multi_Models_2,1,fourier,22,44,0.020985277658939743,0.02515856025915936,0.09813916855191135,0.0007955835306953965,0.05946343616900464
Multi_Models_2,2,fourier,22,44,0.025802773717821602,0.031705638323119525,0.20703372697817501,0.0010026203177057932,0.07789519869157645
Multi_Models_2,3,fourier,22,44,0.027249054510259208,0.03076943825212807,0.15314885821148363,0.0009730150720063498,0.07790122611497348
Multi_Models_2,4,fourier,22,44,0.024297112069897688,0.03194791466270097,0.37263803432285464,0.0010102817682682507,0.1037511177611268
Multi_Models_2,5,fourier,22,44,0.020607069954743394,0.02335375151341615,0.10385308006113633,0.0007385104669199937,0.08814399899880959
Multi_Models_2,6,fourier,22,44,0.02579142957217045,0.02957692464886855,0.08679445127567213,0.000935304480736005,0.10213506982203184
Multi_Models_3,0,fourier,22,44,0.030197608918085744,0.04162388610403389,0.4297845090727742,0.001316262851561794,0.0923812439574217
Multi_Models_3,1,fourier,22,44,0.035593554099145774,0.04234248931449346,0.3370617485312647,0.0013389870803514098,0.10262596744777737
Multi_Models_3,2,fourier,22,44,0.04845886005289811,0.05937658667276548,0.4245253401542724,0.0018776525357233783,0.1293898512928479
Multi_Models_3,3,fourier,22,44,0.0417627902494163,0.04842010952357044,0.2782931654148525,0.00153117830649293,0.11622275771283389
Multi_Models_3,4,fourier,22,44,0.03521522878808834,0.04754387293137274,0.45832644173751586,0.0015034692724876413,0.11883057585191797
Multi_Models_3,5,fourier,22,44,0.02454721064760036,0.028006203455390056,0.06390623701356082,0.0008856339153311045,0.07316862173468738
Multi_Models_3,6,fourier,22,44,0.03726998911763074,0.04432648094177698,0.15674171497342468,0.0014017264043606076,0.11578768316942202
Multi_Models_4,0,fourier,22,44,0.043451989159607095,0.048478945088574386,0.11892240792514126,0.0015330388504212838,0.10344961240863924
Multi_Models_4,1,fourier,22,44,0.022379437300555,0.024968480416822994,0.11048017025720142,0.0007895726783047101,0.05244106309998973
Multi_Models_4,2,fourier,22,44,0.08650908931197539,0.11066614579590972,0.33930973964109595,0.0034995708058734214,0.18655805162611722
Multi_Models_4,3,fourier,22,44,0.039981680449343054,0.053351202427220495,0.39059413550077776,0.001687113155787204,0.08562179787072509
Multi_Models_4,4,fourier,22,44,0.040245810383462574,0.045858350430625194,0.20727757318065773,0.0014501683709893902,0.15583293775529536
Multi_Models_4,5,fourier,22,44,0.03770683066703722,0.04549733197905021,0.1727276440804016,0.0014387519651461486,0.14523094356425717
Multi_Models_4,6,fourier,22,44,0.03636109106942489,0.056294474190200554,0.5566383913923012,0.0017801875812259664,0.13009931667041935
NShape,0,fourier,22,44,0.06172910951483606,0.06879409316518413,0.3635929707335247,0.0021754602396780397,0.10137307173978938
NShape,1,fourier,22,44,0.044377668995759616,0.05331937600836667,0.1796691932510996,0.0016861067160537579,0.07035929301289827
NShape,2,fourier,22,44,0.07121778533333693,0.08186586867073813,0.63374049385651,0.0025888260762775353,0.11137564758355493
NShape,3,fourier,22,44,0.05349578811234158,0.0613407732369263,0.29863156995218837,0.0019397655686458643,0.07978336817668628
NShape,4,fourier,22,44,0.07070259501141211,0.08958351030346552,0.6686249382588554,0.0028328793335211286,0.11085810338053965
NShape,5,fourier,22,44,0.10007847991669595,0.11908632876074449,0.7023867665189298,0.0037658403707156946,0.1525734403235297
NShape,6,fourier,22,44,0.10765035661378465,0.12359205001636941,0.3168322551843638,0.00390832378741178,0.15714315528849815
PShape,0,fourier,22,44,0.03191967968276475,0.038262583970557366,0.18797168644510215,0.0012099691451041028,0.056749739538139485
PShape,1,fourier,22,44,0.04774702231248925,0.05469082244177696,0.24554589855071088,0.0017294756602386674,0.07605123562076856
PShape,2,fourier,22,44,0.06412325205413344,0.07315664613550721,0.27110421714624044,0.002313416277671579,0.10063009579255808
PShape,3,fourier,22,44,0.0342406971824354,0.03993904045432413,0.22744169252669197,0.0012629833539727034,0.05356267712246898
PShape,4,fourier,22,44,0.06088474472968858,0.07039838751703523,0.47837767960432964,0.0022261924815699698,0.10379045245911553
PShape,5,fourier,22,44,0.05098873697910558,0.060337571028006104,0.32449897460552135,0.0019080415293068656,0.08119276136980391
PShape,6,fourier,22,44,0.07539267895915562,0.08440303028432952,0.32656273104522426,0.0026690581711865044,0.11613329723986686
RShape,0,fourier,22,44,0.029111272558241447,0.03737411050512158,0.35061875125665093,0.0011818731471901032,0.046683707682473256
RShape,1,fourier,22,44,0.04558526997704242,0.05307611929052929,0.20166204043717476,0.0016784142632087276,0.0722265663556659
RShape,2,fourier,22,44,0.05175440751611487,0.05844237880229864,0.1243017453849368,0.0018481102889360704,0.08239867146554763
RShape,3,fourier,22,44,0.06858883289933053,0.08587713854609066,0.43835314449404644,0.002715673567434873,0.11264832568495305
RShape,4,fourier,22,44,0.04346530682632764,0.05379010326961801,0.5109776485880984,0.0017009924190766312,0.0694992819447299
RShape,5,fourier,22,44,0.07008829113746523,0.08054802811562482,0.4683174830146188,0.002547152298806549,0.107027514826081
RShape,6,fourier,22,44,0.06377177177329461,0.0774428128302628,0.5317110331921818,0.002448956769537412,0.09997118520175893
Saeghe,0,fourier,22,44,0.03272972331919662,0.04029506667880389,0.22869220821871344,0.0012742418917337682,0.061067602331373004
Saeghe,1,fourier,22,44,0.026766169063065743,0.029998248406848376,0.0670454012241572,0.000948627907811583,0.04970593080331495
Saeghe,2,fourier,22,44,0.03767695784221237,0.043136171004172594,0.1530014389662189,0.0013640854991169799,0.0687159812178432
Saeghe,3,fourier,22,44,0.051360333093082966,0.05908118562288885,0.14513566341497794,0.0018683111343152266,0.09523043154866385
Saeghe,4,fourier,22,44,0.05951018040175406,0.07277504111437366,0.16811808405216885,0.002301348867338192,0.107231716759001
Saeghe,5,fourier,22,44,0.049667397124852186,0.06116931660916399,0.34726885298098376,0.0019343436340092588,0.08736075536446081
Saeghe,6,fourier,22,44,0.041869144356516584,0.048571520703832895,0.26994383480439066,0.0015359663484213668,0.07176919263592946
Sharpc,0,fourier,22,44,0.055730195888627446,0.07804481271050212,0.8098055414449762,0.0024679936772644606,0.10391218502768323
Sharpc,1,fourier,22,44,0.0650156826732492,0.07459133329884328,0.33032774729953157,0.0023587850693310582,0.12245012619194795
Sharpc,2,fourier,22,44,0.047462368285987884,0.07572934253094103,0.5208187838009453,0.0023947720810483394,0.07966502926944721
Sharpc,3,fourier,22,44,0.03353362582146344,0.04006771460802254,0.2033000391625892,0.001267052387989519,0.057056852295303946
Sharpc,4,fourier,22,44,0.04497247662407266,0.05145977655628816,0.1517999629318462,0.0016273010180120654,0.07677234840826201
Sharpc,5,fourier,22,44,0.042835985978652444,0.050767711007211946,0.13898642975014044,0.0016054159837599067,0.07348029916945456
Sharpc,6,fourier,22,44,0.06606573287492583,0.07433020796835935,0.2218573911341204,0.002350527561340125,0.10645138791216915
Sine,0,fourier,22,44,0.035229916389329013,0.04103580732429598,0.2932258114724148,0.0012976661676859513,0.07045763789497128
Sine,1,fourier,22,44,0.031947088025463664,0.04224018269615373,0.33826940027894,0.0013357518610147786,0.06188359137540038
Sine,2,fourier,22,44,0.0415989030655949,0.053277265944472664,0.41385291019107595,0.001684775078910555,0.07894907281322107
Sine,3,fourier,22,44,0.04153445280939863,0.046573967334715055,0.12014396414785268,0.0014727981644798128,0.07355543544944963
Sine,4,fourier,22,44,0.06471447268031706,0.07154614257433545,0.24726801492996323,0.0022624876833404277,0.12543689463524485
Sine,5,fourier,22,44,0.06687617453699772,0.08407393072871715,0.825092596532533,0.0026586511294596606,0.12752329933014317
Sine,6,fourier,22,44,0.05437750640871956,0.06555287615563034,0.3684920795687483,0.0020729639582673424,0.10012505478687128
Snake,0,fourier,22,44,0.07842618199028131,0.10135241234080694,0.6083227960788066,0.003205044693495077,0.13809593988889868
Snake,1,fourier,22,44,0.0667813254636513,0.08017297783180673,0.34591661112056477,0.002535292167466971,0.11666019631908578
Snake,2,fourier,22,44,0.055847896772013766,0.06742458249413816,0.31054992180374846,0.0021321525096739307,0.09406557880229006
Snake,3,fourier,22,44,0.04855767466794126,0.057679042449845466,0.2847464107576795,0.0018239714739904996,0.08420910811857363
Snake,4,fourier,22,44,0.05189145353831104,0.07806551008920577,0.5902285136141296,0.0024686481858474467,0.08676180378172622
Snake,5,fourier,22,44,0.05113573083390863,0.05887056955612653,0.1760897689066071,0.0018616508694872765,0.08866485641690745
Snake,6,fourier,22,44,0.05933626324254174,0.07220047262261675,0.3670690872545085,0.0022831794162809964,0.09878339328094034
Spoon,0,fourier,22,44,0.01575542640998702,0.01874524022726866,0.12266881729118569,0.0005927765440518131,0.0310098844544634
Spoon,1,fourier,22,44,0.047531616064154035,0.056382573736130676,0.3739483592990677,0.0017829735334856244,0.08917585949885566
Spoon,2,fourier,22,44,0.025991235314618492,0.02973078510788131,0.16254641940922487,0.0009401699756591982,0.049323928000686426
Spoon,3,fourier,22,44,0.03575838422428599,0.04109043909992847,0.2241286763329085,0.0012993937761221308,0.06589949436919433
Spoon,4,fourier,22,44,0.04030865415846035,0.04786454761912215,0.23296663534552034,0.0015136098965001558,0.07710956451177453
Spoon,5,fourier,22,44,0.08342158256522583,0.1064922570157421,0.33558230221223134,0.003367580853417906,0.1580556944893026
Spoon,6,fourier,22,44,0.0425698301375427,0.05320955777310794,0.32914938005391764,0.0016826339585333798,0.08112430018782592
Sshape,0,fourier,22,44,0.030695345247985877,0.03782691251495311,0.33417643971624267,0.001196192003991799,0.052373713361158425
Sshape,1,fourier,22,44,0.057486095311062906,0.06762670691097661,0.46332163175599694,0.0021385442449533584,0.09638886751381946
Sshape,2,fourier,22,44,0.07792801477614088,0.09025018309190731,0.5010429373342428,0.002853961378176445,0.12095969619309248
Sshape,3,fourier,22,44,0.08013331589682877,0.09523339262546299,0.24401757594955936,0.003011544300015457,0.12174757908974917
Sshape,4,fourier,22,44,0.08165967747771156,0.09255269735452286,0.49647720547649793,0.0029267732723253265,0.12387636599814443
Sshape,5,fourier,22,44,0.0719836866854311,0.08549748926964436,0.2101056944980541,0.0027036680031788203,0.10990734758021634
Sshape,6,fourier,22,44,0.10994833143588124,0.12790897418030658,0.38329993657622163,0.004044836915854375,0.16488731435161386
Trapezoid,0,fourier,22,44,0.03992285615836104,0.048383785643230315,0.36587641128925735,0.0015300296445396279,0.08142770489282335
Trapezoid,1,fourier,22,44,0.0509300007323064,0.05880376793776949,0.2981887507987243,0.0018595384168333404,0.09276633411669548
Trapezoid,2,fourier,22,44,0.03991184019861827,0.05046333879631843,0.36087587119466386,0.0015957908893310605,0.07928508861735105
Trapezoid,3,fourier,22,44,0.04578672625403268,0.05311841042242069,0.23721007503221203,0.0016797516262247617,0.08296954818514063
Trapezoid,4,fourier,22,44,0.04693733333294605,0.05240173938599432,0.1611769917503101,0.0016570884981429535,0.08578934819521136
Trapezoid,5,fourier,22,44,0.0787299755669012,0.09348006278104444,0.5834390901274509,0.002956099142036344,0.14075181692687755
Trapezoid,6,fourier,22,44,0.05406198037477861,0.06532924047711854,0.21016671083642297,0.002065891977165598,0.09916869196127288
WShape,0,fourier,22,44,0.040662720647575104,0.049680757107774066,0.3897181745247885,0.0015710434834216537,0.08256716849240174
WShape,1,fourier,22,44,0.03732862211560831,0.04139944213721036,0.19139727283633026,0.0013091653101393382,0.07091789874482436
WShape,2,fourier,22,44,0.0733507697104729,0.09278249518482949,0.5827550649492628,0.0029340401177766653,0.14278848255886692
WShape,3,fourier,22,44,0.07205604834494422,0.09804038658505136,0.6561930408273295,0.003100309242921796,0.1331644337493955
WShape,4,fourier,22,44,0.06133253169738179,0.06942533439720011,0.1957768441718058,0.002195421840139853,0.10816006212982103
WShape,5,fourier,22,44,0.0704546397128246,0.0815692212988908,0.5022707831031529,0.002579445262708131,0.1297850782507213
WShape,6,fourier,22,44,0.06991859903181306,0.08133848670492591,0.2681150566221423,0.0025721487941888993,0.13363779162593983
Worm,0,fourier,22,44,0.021232067535929114,0.02612165148749768,0.08321838812567063,0.0008260391494561802,0.04306412675635749
Worm,1,fourier,22,44,0.029796245624513544,0.037302944684871414,0.2563676304537159,0.0011796226863546567,0.06007385743612435
Worm,2,fourier,22,44,0.030096501598745766,0.03501897750208046,0.28446003879301374,0.001107397302367681,0.06027794905491737
Worm,3,fourier,22,44,0.029875201043060184,0.041404698936464,0.24460909589420796,0.0013093315447277756,0.05903994604355687
Worm,4,fourier,22,44,0.025843454326174495,0.03087675996362189,0.19289191856743296,0.0009764088825134293,0.05054779655166124
Worm,5,fourier,22,44,0.03837536548452098,0.046695521219715444,0.24554043838997092,0.0014766420358302466,0.07341456760356958
Worm,6,fourier,22,44,0.03424568719715526,0.03885063479309332,0.09257603120370218,0.0012285649448955938,0.06698667491480598
Zshape,0,fourier,22,44,0.054576455337153336,0.07940753443733112,0.7351523093066601,0.0025110867220022337,0.09705360973494653
Zshape,1,fourier,22,44,0.04891343456288037,0.053758870894211434,0.16032437778649725,0.0017000047646464093,0.08082929558675421
Zshape,2,fourier,22,44,0.07614622374703091,0.09159983253380799,0.6156175603336655,0.002896641040968257,0.13505074535421338
Zshape,3,fourier,22,44,0.06209775626387968,0.07331836869463759,0.6680718694847798,0.002318530394030411,0.09974457565648039
Zshape,4,fourier,22,44,0.06594920847596791,0.07589937214921562,0.180174509941426,0.0024001488896827064,0.10905381767905813
Zshape,5,fourier,22,44,0.0698792310654821,0.08052916269519675,0.19667048528669642,0.0025465557218308553,0.1051004977556406
Zshape,6,fourier,22,44,0.12681124071461092,0.1599087736617957,1.2694200101321227,0.005056759426156183,0.19993415685737878
heee,0,fourier,22,44,0.06420328159841153,0.06967096837549173,0.2149338485923112,0.0022031894685611516,0.1186635044106553
heee,1,fourier,22,44,0.06177260405103941,0.06981292598700554,0.1592892254043144,0.0022076785623969613,0.10405933327754842
heee,2,fourier,22,44,0.0749272778920128,0.08790867149285385,0.5898265262376152,0.0027799162799693254,0.13176649342671984
heee,3,fourier,22,44,0.05838138451449062,0.064020641721019,0.21859944591224417,0.002024510451040221,0.09930920122089815
heee,4,fourier,22,44,0.07154765330911671,0.08437159784556335,0.4581476799910856,0.002668064190197356,0.1178602292352482
heee,5,fourier,22,44,0.08225374050980369,0.09288992540269567,0.3131678198110885,0.002937437359556518,0.13633058761691663
heee,6,fourier,22,44,0.07885112265908487,0.09368684088105857,0.3066930751185903,0.0029626380396992114,0.124784323582053
Angle,0,fast,3,6,2.679329747488628,2.974646427817039,4.705941451616168,0.09406657945585493,4.554332593269037
Angle,1,fast,3,6,2.3495136553481855,2.6478949483841037,5.897098010084715,0.08373379041747755,3.9384282502671013
Angle,2,fast,3,6,4.709810994174647,5.672981999206491,14.498743600219795,0.17939544242628036,7.856936168146197
Angle,3,fast,3,6,3.412480060228663,3.812945255898955,8.853145276481538,0.12057591602174268,5.4071837642655085
Angle,4,fast,3,6,2.9678400010996455,3.4306951849331844,8.478805267095046,0.10848810742161435,4.69870667667494
Angle,5,fast,3,6,3.958734146731276,4.524861095924015,8.650992020610675,0.1430886715900552,6.407536785052316
Angle,6,fast,3,6,4.826327965268314,5.5307905228138745,12.467096086467738,0.17489895313365306,7.641542536679669
BendedLine,0,fast,3,6,3.0414868686713152,3.3464216226125183,5.210276463422204,0.10582314338691985,7.086297063580869
BendedLine,1,fast,3,6,5.322788692230181,5.9605475704452076,10.374135027476727,0.1884890642438979,11.93930578739075
BendedLine,2,fast,3,6,4.984234867868917,5.501755923324705,9.399236408987282,0.1739807984802877,10.5913159973476
BendedLine,3,fast,3,6,3.7092389569061925,4.060526672669509,6.324116042211416,0.1284051278550063,7.674213200623412
BendedLine,4,fast,3,6,4.85497798693618,5.305467939596928,8.40230797008423,0.16777362742126928,9.497716832467503
BendedLine,5,fast,3,6,5.138819966914767,5.6295664333360955,8.995022299990742,0.17802252168572516,9.47456166574163
BendedLine,6,fast,3,6,5.442512581726501,5.995075195630242,9.320647430792723,0.18958092362171086,10.532410813521954
CShape,0,fast,3,6,3.1864920599589994,3.5436097512617946,6.618369771383371,0.11205877952769999,5.97314424696527
CShape,1,fast,3,6,3.9220908808646473,4.349735945232702,7.398160826805957,0.13755072807240762,6.420723766451775
CShape,2,fast,3,6,3.064002861350572,3.5216855135292158,6.320674594797434,0.11136547425572045,4.818290829484027
CShape,3,fast,3,6,2.975292579257524,3.4852928194437984,6.614093231566017,0.11021463622072389,5.148119106475304
CShape,4,fast,3,6,3.8852417070783805,4.397591540743584,7.975110941186542,0.13906405487838883,5.674352164866737
CShape,5,fast,3,6,3.5383840933030863,3.9702856884102893,6.795822639090436,0.12555145736946094,5.566153322813125
CShape,6,fast,3,6,4.61069671247456,5.188095737522408,9.513244221070629,0.16406199249581904,6.977342562158553
DoubleBendedLine,0,fast,3,6,7.402039493997775,8.183334068367675,12.469194746022863,0.25877974510093915,16.58007480843599
DoubleBendedLine,1,fast,3,6,8.029873352377331,8.924299128471343,14.790017541861843,0.2822111176662506,16.422124156957093
DoubleBendedLine,2,fast,3,6,7.522414361632279,8.439291670022076,15.426967522684734,0.266873835157559,15.274963264580522
DoubleBendedLine,3,fast,3,6,8.316562443383486,9.246820868080489,14.82031787377744,0.2924101505870971,15.833061439464819
DoubleBendedLine,4,fast,3,6,7.392835404762307,8.417568188116734,17.578952864210553,0.2661868783422557,14.50775450282432
DoubleBendedLine,5,fast,3,6,8.432332327966297,9.39598423466064,15.628048642115909,0.29712711040561623,15.419305868374122
DoubleBendedLine,6,fast,3,6,8.771330929850578,9.711275807675706,16.217317138009875,0.3070975053834652,16.091503365179314
GShape,0,fast,3,6,8.896812920744527,9.60057271452162,14.080122653827905,0.3035967661995381,18.178023743499576
GShape,1,fast,3,6,10.006962335403612,10.783165098612866,18.65461599888246,0.3409936209725083,17.056381033591993
GShape,2,fast,3,6,11.408349414515909,12.403597686034438,20.60080937413731,0.3922361986826291,17.12216703090525
GShape,3,fast,3,6,11.255020794046425,12.112673235033297,18.68153664104184,0.3830363597606525,17.14261518146505
GShape,4,fast,3,6,10.730182391211862,11.678108052968426,17.927715400350547,0.369294202089345,18.196956537469223
GShape,5,fast,3,6,12.113121790087423,13.041212265140778,19.10866127478568,0.4123993420756855,19.489849044777987
GShape,6,fast,3,6,11.03883036869215,11.967086712777201,18.29205907498835,0.3784325096911319,18.280729029660854
JShape,0,fast,3,6,2.340010528340878,2.82460684296683,9.294181666741164,0.0893219111827274,4.823706857571865
JShape,1,fast,3,6,2.4822421179486582,3.1546522585386,9.022584100012702,0.09975886362776336,4.65914642449886
JShape,2,fast,3,6,2.412255720734963,2.7200268227107216,4.928496279058319,0.08601480056516891,4.616501369886256
JShape,3,fast,3,6,2.536728321578279,3.074396314098956,7.945585094456697,0.09722094782579135,4.636405690856485
JShape,4,fast,3,6,2.37680050074797,2.896880286737262,7.948958605401414,0.09160739814931411,4.1523492230906935
JShape,5,fast,3,6,2.150312411455164,2.626172469763024,7.05536891386362,0.0830468653288083,3.6604112789171888
JShape,6,fast,3,6,1.8880633263215036,2.1902196796380786,4.082436715607177,0.0692608276378064,3.367830194157373
JShape_2,0,fast,3,6,3.692219639912986,4.015076857306131,8.073240838242803,0.12696787849718238,8.316942063897367
JShape_2,1,fast,3,6,3.38550250851887,3.8769910952140396,9.312933764664983,0.12260122329067095,7.317205132455791
JShape_2,2,fast,3,6,3.5113316333980227,4.049274439421157,9.748470302382904,0.12804930099672363,6.670902233234251
JShape_2,3,fast,3,6,3.234633245776468,3.816810717666319,9.804750636559655,0.12069815265567439,5.902978214147853
JShape_2,4,fast,3,6,3.7964814828011515,4.411371274714077,11.36886038799771,0.13949980832736836,6.908446486941979
JShape_2,5,fast,3,6,4.584704868145488,5.001069727110707,11.335438159726646,0.1581477107498656,8.422991931519995
JShape_2,6,fast,3,6,4.476160223652003,5.157967232893871,11.514796556456215,0.163109245524608,7.52964173195583
Khamesh,0,fast,3,6,2.932921073719258,3.2601703642436983,5.239479794623991,0.10309563911190855,5.327110646265175
Khamesh,1,fast,3,6,3.182996200769004,3.614845253034552,5.96478475417992,0.11431144388636875,5.562176000110029
Khamesh,2,fast,3,6,2.8779887055868083,3.2570882446895744,5.401911156673837,0.10299817393378881,4.833108521882109
Khamesh,3,fast,3,6,3.2965074462980937,3.708078875405393,5.982105796504565,0.11725974989836761,5.266453571476288
Khamesh,4,fast,3,6,3.309909478602512,3.940407014185684,7.407787395435353,0.12460661072930175,5.348002709683618
Khamesh,5,fast,3,6,2.982985100164557,3.412442715962806,6.04149897165022,0.10791091367293493,5.146470882432892
Khamesh,6,fast,3,6,3.1423228430346963,3.6487010263796615,7.028211483270416,0.1153820574435384,5.085415640552106
LShape,0,fast,3,6,3.018570816504367,3.311875200335899,4.929095608499727,0.10473068959287889,5.314021949853368
LShape,1,fast,3,6,2.5213025675578025,2.8420627638523777,4.72319536095353,0.08987391586926775,4.4110297518419115
LShape,2,fast,3,6,2.2287647283447414,2.3793570181584767,3.984485692860927,0.075241875440874,3.7105138324208986
LShape,3,fast,3,6,1.881090981561772,2.0993992341658063,4.016164161647332,0.06638883297977133,3.2879361970710765
LShape,4,fast,3,6,2.8357146547957743,3.2319789421284293,6.002310767101614,0.10220414806827365,4.739919978864498
LShape,5,fast,3,6,3.2220494701302727,3.5612091154929075,6.095570401741026,0.11261532029111215,5.2214833084377545
LShape,6,fast,3,6,1.8093985670898673,2.0286840328972944,3.6772751423433334,0.06415262196771407,2.9360273429779578
Leaf_1,0,fast,3,6,1.909305696189879,2.1893596716539276,4.195540286688109,0.06923363179744794,4.125427646346876
Leaf_1,1,fast,3,6,2.2544915343543317,2.782572454717389,7.9860877131859125,0.08799266711352688,4.259083090060476
Leaf_1,2,fast,3,6,2.7858589163514855,3.148450626878627,6.1455129792552565,0.09956275081521411,5.249662669294072
Leaf_1,3,fast,3,6,2.689355761302427,3.077982342229653,5.421146423787594,0.09733434799225574,5.167210069677574
Leaf_1,4,fast,3,6,3.5970223910628993,3.9413657140472442,7.652432446242511,0.12463692748085194,6.292125479678965
Leaf_1,5,fast,3,6,2.3305595605121727,2.74608927268283,5.463438228723159,0.08683896759832947,4.515438849133948
Leaf_1,6,fast,3,6,2.8790563444479877,3.2315777283988396,6.998692675505323,0.10219146057613328,5.061767734625834
Leaf_2,0,fast,3,6,3.6523646177704263,4.02697835108819,7.414323152880821,0.12734423677627885,6.51406683516907
Leaf_2,1,fast,3,6,3.288512932394771,3.6675100257569,7.69749623039219,0.11597685022894602,5.609632723142475
Leaf_2,2,fast,3,6,3.655120112011121,4.057826150809034,8.668784278364646,0.12831972985550452,6.064780412988087
Leaf_2,3,fast,3,6,3.4754563567403243,3.927431998630596,8.167277592732605,0.12419630471099982,6.086048308183855
Leaf_2,4,fast,3,6,3.722213698544486,4.118098769282205,8.627831890186934,0.1302257174046801,6.3153057650709625
Leaf_2,5,fast,3,6,2.867742665595264,3.3886807036405364,9.754983201122979,0.10715949286566133,4.985666494296803
Leaf_2,6,fast,3,6,3.3624228685765156,3.755337980213331,8.284732425588107,0.11875421401210458,5.702859181432002
Line,0,fast,3,6,2.1517631371464225,2.4550989995526304,4.353336310616475,0.07763704719787022,4.204086164556388
Line,1,fast,3,6,0.9639991168615881,1.1389460629978032,2.094351063916124,0.0360166369115468,1.792782531735833
Line,2,fast,3,6,1.467901920191407,1.6522052022092089,2.8828110483422558,0.052247316009601606,2.6904130312783128
Line,3,fast,3,6,1.8260479671483651,2.1154949625602195,3.9643045715419643,0.06689782460302925,3.4492465128520022
Line,4,fast,3,6,1.8023262032391005,2.213326155746893,4.683113304468209,0.06999151856984759,3.3128382380661168
Line,5,fast,3,6,1.8709486928452634,2.0869756345308526,3.513539480269604,0.06599596426392643,3.4184436449065547
Line,6,fast,3,6,1.4240488662481976,1.6783723361850018,3.416520256640163,0.05307479344162444,2.906096486690673
Multi_Models_1,0,fast,3,6,1.921767820062129,2.0802722406392586,3.604717483300249,0.06578398433641948,6.6224279512006365
Multi_Models_1,1,fast,3,6,2.2763197299244546,2.5021355904404676,4.483409169619194,0.07912447480362109,7.3078677310716875
Multi_Models_1,2,fast,3,6,2.042530669210329,2.288748081204604,4.125908659391483,0.07237656926946562,6.841028093716691
Multi_Models_1,3,fast,3,6,0.6616033553381342,0.7087605291220636,1.604013901402671,0.022412975876518217,3.0786039687342095
Multi_Models_1,4,fast,3,6,0.9844669791377813,1.052646259951043,1.8995918383097838,0.0332875975190298,4.3159999069626505
Multi_Models_1,5,fast,3,6,0.36997485526856294,0.4222554291382793,0.9046426817205266,0.013352889104487928,2.6976334453165443
Multi_Models_1,6,fast,3,6,0.3354005046156703,0.38001666216040264,0.724289060255588,0.012017182012415955,2.511943437116288
Multi_Models_2,0,fast,3,6,2.3294783469298546,2.591076135278841,4.8586057469039075,0.081937021783877,7.027665103778917
Multi_Models_2,1,fast,3,6,1.7674214432993145,2.152604737346935,6.56562415905392,0.06807133872084835,5.008127787748735
Multi_Models_2,2,fast,3,6,2.736210117193551,3.0026014854839618,6.347330216208561,0.09495059599934322,8.260260430586277
Multi_Models_2,3,fast,3,6,1.486286238097023,1.8529090584059624,5.606274589781616,0.058594129217208024,4.249083954893821
Multi_Models_2,4,fast,3,6,1.3273018810930886,1.485108242637991,3.235224030107102,0.046963246186260396,5.667712828326847
Multi_Models_2,5,fast,3,6,0.938875094231812,1.0960407002129047,2.4672939482008847,0.034659850209185765,4.0159132544181535
Multi_Models_2,6,fast,3,6,1.0767241051756637,1.1920298745291378,2.216419671394702,0.037695294424768086,4.2638695677358935
Multi_Models_3,0,fast,3,6,4.503975833539112,4.984738745946555,7.716134217655826,0.15763127978082536,13.778670072361622
Multi_Models_3,1,fast,3,6,4.809265536569586,5.3154596919061055,8.245999706368025,0.16808959437240173,13.866430057220752
Multi_Models_3,2,fast,3,6,5.152855070843509,5.6225440331743535,8.731017699904106,0.17780045389420276,13.75862227510581
Multi_Models_3,3,fast,3,6,5.01824700615037,5.459312318639235,8.37356646669675,0.17263861385114887,13.965410415725755
Multi_Models_3,4,fast,3,6,4.165482377269474,4.894366012315907,9.146881410174359,0.15477344301433987,14.056040145886506
Multi_Models_3,5,fast,3,6,4.464826860629219,5.305033467251887,11.062741684472144,0.1677598881993624,13.308446013119077
Multi_Models_3,6,fast,3,6,4.631981001840888,5.373268196192599,10.709136746883514,0.169917659789131,14.390300651690373
Multi_Models_4,0,fast,3,6,2.3465014096536367,2.590935260108504,4.974480377830307,0.08193256691983673,5.586502851534571
Multi_Models_4,1,fast,3,6,2.254602558027316,2.5431573697775636,6.321705662196948,0.08042169736740164,5.283142441118329
Multi_Models_4,2,fast,3,6,2.8189938227360525,3.1216442867077396,7.114384676312947,0.0987150599084814,6.0791992991526875
Multi_Models_4,3,fast,3,6,1.4528484478833048,1.9594876836194612,6.087076476327519,0.06196444127284907,3.111312349641496
Multi_Models_4,4,fast,3,6,1.4363489740072273,1.586038588738409,2.777327890426554,0.050154943973324546,5.56158462529866
Multi_Models_4,5,fast,3,6,1.5664480705252968,1.701824674132133,2.5995935374950343,0.05381642148531376,6.033302913619662
Multi_Models_4,6,fast,3,6,1.2472095756385442,1.404686577382476,3.760537842433001,0.04442008983194985,4.4624929770553425
NShape,0,fast,3,6,13.27808767712832,14.731215416728473,21.941325511691993,0.4658419341944847,21.8056042803798
NShape,1,fast,3,6,12.6140127599461,14.355523634613565,25.38336178194221,0.4539615168975765,19.99909053200359
NShape,2,fast,3,6,13.660923886879303,15.317601302404613,25.506650919608937,0.4843850840596018,21.363964596335567
NShape,3,fast,3,6,13.999741932958205,15.655939230948889,25.164787317436023,0.4950842687898339,20.879149638289306
NShape,4,fast,3,6,13.57843491017921,15.322600482983706,28.109154653176873,0.4845431720302459,21.290301166111487
NShape,5,fast,3,6,13.789766185081993,15.501228494173466,27.122702636500218,0.4901918857229028,21.023021831130308
NShape,6,fast,3,6,13.904729064855221,15.882364432867318,27.222868955416754,0.5022444623670915,20.297498934650474
PShape,0,fast,3,6,5.132423205948848,5.744991671736665,10.980780114066878,0.18167258821386245,9.124893577624773
PShape,1,fast,3,6,6.371423745557264,7.022670091669317,10.440147549003951,0.22207632745618502,10.148374182202973
PShape,2,fast,3,6,5.996577097962896,6.563061637115391,12.295973645115506,0.20754223197358113,9.410566502242274
PShape,3,fast,3,6,6.073791046823834,6.565558223351287,10.765383832925519,0.2076211809623857,9.501223267067502
PShape,4,fast,3,6,5.4937580180311905,6.03352901547451,10.800696675991441,0.1907969401761276,9.365229876940106
PShape,5,fast,3,6,5.912629973318384,6.361476832139189,9.7556816630059,0.20116756071952469,9.415074444544725
PShape,6,fast,3,6,6.090360554033635,6.7804637407848505,11.96868907916386,0.21441709013065657,9.381463323550665
RShape,0,fast,3,6,3.1970811569955457,3.917090106005015,9.387589204588247,0.1238692653508625,5.126934999894743
RShape,1,fast,3,6,3.9575671447063416,4.541341733276805,11.287097319245296,0.14360983510331587,6.270479172945358
RShape,2,fast,3,6,3.1919374414598654,3.957090657034836,9.8252054101636,0.12513419384002275,5.0819131587109325
RShape,3,fast,3,6,3.064056447142612,3.785127079224897,10.142443457675798,0.1196962280353128,5.032318148369748
RShape,4,fast,3,6,2.7776365750656176,3.357451963008254,7.9010143890585045,0.10617195337709476,4.441329454818193
RShape,5,fast,3,6,2.815998804889018,3.3202146777670727,7.416236095204803,0.10499440702465968,4.30013842468161
RShape,6,fast,3,6,3.0192690236032975,3.607431724949058,8.839466870048376,0.11407700754389088,4.733127124107583
Saeghe,0,fast,3,6,3.862600771967419,4.80798049930183,11.998966102572446,0.15204169323467387,7.206897706006963
Saeghe,1,fast,3,6,4.6790649798099615,5.574003694757864,11.165586089242552,0.176265473616288,8.689225550457211
Saeghe,2,fast,3,6,4.595692927811957,5.433739432858089,11.353997142026369,0.17182992819703133,8.381715695652293
Saeghe,3,fast,3,6,4.802547425101935,5.656654186623499,11.734383162836048,0.17887911165657425,8.90470595267568
Saeghe,4,fast,3,6,5.128490322880935,5.818716910096418,11.480069238821958,0.18400398495641884,9.24105452196271
Saeghe,5,fast,3,6,4.145027502279808,5.170552426490409,11.929068753589124,0.16350722429020026,7.29075318151587
Saeghe,6,fast,3,6,3.5008907251665202,4.558572680519474,10.513513080639482,0.14415472549860622,6.000984847274742
Sharpc,0,fast,3,6,4.723711866640344,5.054587920361215,9.645385958555764,0.15984010461915218,8.807634957621955
Sharpc,1,fast,3,6,4.7921170910568,5.13579851114518,8.394857358172475,0.16240820898920427,9.025443068491127
Sharpc,2,fast,3,6,5.027603890852142,5.263810523917668,8.481997351262443,0.16645630427144054,8.438774245451373
Sharpc,3,fast,3,6,5.182014762686044,5.496509106866141,9.252877491771738,0.1738148795755485,8.817103539021918
Sharpc,4,fast,3,6,5.4509587295477155,5.8010539925188525,8.434806987895412,0.18344543445972955,9.30531147399365
Sharpc,5,fast,3,6,5.470413340988379,5.882068877160743,8.624860766418957,0.1860073500581712,9.383876656340405
Sharpc,6,fast,3,6,5.407958384828004,5.85564156539691,9.336504504941573,0.18517164508208048,8.713816539749388
Sine,0,fast,3,6,5.168425967631227,5.871366292692395,9.934251980147108,0.18566890462046798,10.336529933537635
Sine,1,fast,3,6,5.2486722149200995,5.813147650944375,10.423407260604689,0.1838278695184169,10.167020116282384
Sine,2,fast,3,6,5.576042092402248,6.297764748138787,12.027607646686626,0.19915280772035227,10.582571191083764
Sine,3,fast,3,6,5.9857890522420325,6.741069818204903,12.021237501985743,0.21317134491744688,10.600532581148647
Sine,4,fast,3,6,5.188988047563579,5.826710704752353,12.121686002389726,0.1842567709390232,10.057882263850171
Sine,5,fast,3,6,5.585257693546261,6.363784912674475,11.290144516487683,0.20124054863467072,10.65028754442359
Sine,6,fast,3,6,5.719424655010563,6.399044798740521,11.92177849665409,0.20235556413473813,10.531150557512287
Snake,0,fast,3,6,5.524139877380978,6.224721409775255,14.034555034415298,0.1968429745490411,9.727125165154748
Snake,1,fast,3,6,5.641415859147399,6.375321086436009,14.317984906359987,0.2016053544803699,9.854980821007441
Snake,2,fast,3,6,6.241709223427329,7.111140671725299,13.79111883423594,0.22487401284511677,10.513018837828536
Snake,3,fast,3,6,5.469842418836608,6.456025068612475,14.753731604752732,0.20415743847960258,9.485844509425744
Snake,4,fast,3,6,5.738722547341067,6.56941995083494,12.88959932179903,0.2077432995078978,9.59506596288687
Snake,5,fast,3,6,6.430858049855905,7.368429110720598,15.361767773589575,0.23301018767366105,11.150541829156525
Snake,6,fast,3,6,6.387113716976946,7.367726647522816,14.387575541268728,0.23298797383688666,10.633308060792457
Spoon,0,fast,3,6,4.00785135881929,4.300523705654838,7.636987238369376,0.13599450041416827,7.888266830332821
Spoon,1,fast,3,6,4.005284360233692,4.363667365921105,9.262417575893087,0.1379912782765811,7.514465211514804
Spoon,2,fast,3,6,3.962178944186472,4.327906148595664,9.069895088756873,0.1368604092900944,7.519081975260008
Spoon,3,fast,3,6,3.9964755974521395,4.373680990522229,8.795689225662098,0.13830793689031554,7.365146016638244
Spoon,4,fast,3,6,4.371017681240803,4.714819765365073,9.041783130500168,0.1490956921573429,8.361660216904124
Spoon,5,fast,3,6,3.9197398752465378,4.277813648636182,8.658847003274328,0.1352763453544558,7.426581816703115
Spoon,6,fast,3,6,4.022256699681538,4.332463974646748,9.840531652521497,0.13700454040509716,7.665117734394946
Sshape,0,fast,3,6,12.753187501888352,14.177078568316682,22.00282877994375,0.4483185884303975,21.760034991260962
Sshape,1,fast,3,6,12.48472293700489,13.983899100158297,22.646379349464905,0.44220971726479286,20.933554429293817
Sshape,2,fast,3,6,13.424206391119577,14.923711342752595,23.9013784810276,0.4719291898598798,20.837024160922777
Sshape,3,fast,3,6,13.206196066419942,14.621676714706428,25.278713577107126,0.4623780162912032,20.0643438010385
Sshape,4,fast,3,6,13.385192602245844,15.041649276566924,27.018554655686682,0.4756587147937545,20.30511347787322
Sshape,5,fast,3,6,13.226762780183506,14.759842066058095,25.500705303497607,0.4667471883310901,20.195109214056377
Sshape,6,fast,3,6,13.978597032638765,15.566556686452044,24.35795124822496,0.4922577445531201,20.963422482308367
Trapezoid,0,fast,3,6,2.1491923847147283,2.4381776337467183,4.567485701314843,0.07710194662719448,4.383549177099724
Trapezoid,1,fast,3,6,1.8010243005912094,2.1768648380000597,4.6564219424243865,0.06883851046413647,3.2804716202360407
Trapezoid,2,fast,3,6,2.4627014294875917,2.6376850741769875,4.633089208751681,0.08341092584629461,4.892169844921368
Trapezoid,3,fast,3,6,1.9980289998616063,2.3757693875204233,5.165920900710268,0.07512842459867748,3.6206031079744463
Trapezoid,4,fast,3,6,2.7336144219064984,2.978518650885409,5.869514200671457,0.09418902990089789,4.996342630052616
Trapezoid,5,fast,3,6,2.907333432979054,3.019595050528673,5.309996429901363,0.09548797971041832,5.197670393741299
Trapezoid,6,fast,3,6,2.3182552644229473,2.7411316075923584,5.1072563830772815,0.08668219246270752,4.252495757858184
WShape,0,fast,3,6,6.634383627753391,7.393942101797074,12.56525682400314,0.2338169792909132,13.47136301044855
WShape,1,fast,3,6,7.1804214077736885,7.872846884141135,12.118841118495327,0.24896127823645745,13.64155357153518
WShape,2,fast,3,6,7.3378041217693735,8.100948386923653,12.26773442260835,0.25617448110145735,14.284157071524929
WShape,3,fast,3,6,7.811959385098524,8.561541974075693,13.328044419470361,0.27073972921213446,14.43702745132444
WShape,4,fast,3,6,8.01909214973144,8.786924886725844,13.622558136787251,0.277866962708707,14.141687635189182
WShape,5,fast,3,6,7.786760839603694,8.623788936876851,14.843083455312554,0.2727081510109288,14.3440569564599
WShape,6,fast,3,6,7.831300078784366,8.681591590946843,13.946742501605069,0.2745360314275686,14.96822966393543
Worm,0,fast,3,6,2.295698809740779,2.578528791155161,5.405317155616952,0.08154023992370941,4.656271197790805
Worm,1,fast,3,6,2.6464599955453036,2.8750428641364336,5.883250292565162,0.09091683821285157,5.335674248570383
Worm,2,fast,3,6,2.896461740707369,3.176630058957988,5.4625647881992725,0.10045386270062207,5.801098598554458
Worm,3,fast,3,6,2.814737162080072,3.235613182614532,7.430807221619559,0.10231907284328244,5.562537635695839
Worm,4,fast,3,6,2.6512074014218805,2.9247750116208144,5.3067876430528065,0.09248950680267212,5.185556491478863
Worm,5,fast,3,6,2.7408974446845735,3.146888537924071,6.277859098596131,0.09951335322517223,5.243514900943711
Worm,6,fast,3,6,2.740623577914895,3.1138935096203517,6.107817349750879,0.09846995881615749,5.3608286386756365
Zshape,0,fast,3,6,10.623973752715541,12.10245964809665,22.766719128230672,0.382713377782653,18.89267076911907
Zshape,1,fast,3,6,11.959638910265031,13.442058732330523,25.18122448287559,0.425075220359201,19.763265393803778
Zshape,2,fast,3,6,11.21075363815282,12.731560105703586,26.28654771138116,0.40260728101357424,19.88306918337539
Zshape,3,fast,3,6,11.36412554132644,12.92092080559045,26.22554926908046,0.4085953921232349,18.253636653308572
Zshape,4,fast,3,6,12.177025777850526,13.603387027492676,26.957781553333977,0.43017686899664426,20.13596796290302
Zshape,5,fast,3,6,12.92337288297112,14.43015564924047,25.961826517632293,0.45632158842345677,19.437147518255138
Zshape,6,fast,3,6,12.748217348137384,14.201041907669554,25.223363265156618,0.4490763757573838,20.099196826490708
heee,0,fast,3,6,10.905307004377793,11.790649295443632,18.88722295858408,0.3728530686586144,20.155697864601848
heee,1,fast,3,6,10.50907067662021,11.228707588458533,18.72507348969418,0.3550829115954558,17.703104875944323
heee,2,fast,3,6,10.818733036912734,11.546393935248016,18.493873673362042,0.3651290359693846,19.025734761755718
heee,3,fast,3,6,10.700228244501359,11.4624809554966,21.493876925336195,0.362475474556724,18.201540245743427
heee,4,fast,3,6,11.505387633707503,12.307227028218533,20.341405018567205,0.38918869089955943,18.952789661605422
heee,5,fast,3,6,9.674957652503286,10.438929318797857,19.681925588689374,0.33010792980911186,16.03565568884188
heee,6,fast,3,6,11.200990887023735,12.027630830968677,22.334262968306486,0.3803470828152469,17.725912125931657
Angle,0,fast,7,14,0.2452479391895111,0.27789017465624505,0.6862804222391743,0.008787658912957328,0.41687316909379174
Angle,1,fast,7,14,0.3482581561512242,0.4170433110729155,1.0423193091567742,0.013188067459285328,0.5837760327333149
Angle,2,fast,7,14,0.5944555225632225,0.6971729308438164,2.1007107871000636,0.02204654384481515,0.9916744220432804
Angle,3,fast,7,14,0.5312813653435926,0.5894197075391556,1.2222306871459154,0.018639087736140512,0.8418323102963978
Angle,4,fast,7,14,0.4318188756572673,0.4952428711669394,1.2223782441435351,0.015660954678488593,0.6836589012255663
Angle,5,fast,7,14,0.4764810547807511,0.5192924991079746,0.963418721554139,0.01642147069022156,0.7712237732379953
Angle,6,fast,7,14,0.6467554728906635,0.7674583931347262,1.8985086116991765,0.02426916531718666,1.0240102812096448
BendedLine,0,fast,7,14,0.3956125459582065,0.43015784892750025,0.7250674671105203,0.013602785560095186,0.9217294513469585
BendedLine,1,fast,7,14,0.5615584308452114,0.6298184131190201,1.2623906096299027,0.019916606977689766,1.2596062348173267
BendedLine,2,fast,7,14,0.4350509608485096,0.490916531562146,1.074674500124656,0.015524143807663194,0.9244673101182289
BendedLine,3,fast,7,14,0.5318838095014898,0.604438883343564,1.2545987223407005,0.019114035777344735,1.1004386073521526
BendedLine,4,fast,7,14,0.6753620382401087,0.714639521170642,1.1022183734081428,0.02259888592871349,1.3212000993336248
BendedLine,5,fast,7,14,0.422134273593197,0.4755996430888845,0.9633242925084076,0.015039781265240339,0.7782987596631115
BendedLine,6,fast,7,14,0.3500197019329362,0.42026765015886036,0.9309344410442902,0.013290030013888237,0.6773620158384129
CShape,0,fast,7,14,0.31118053262973955,0.36068743612801984,0.8905399503920073,0.011405938215710464,0.5833142444010464
CShape,1,fast,7,14,0.3221009892747037,0.34907321734999036,0.647633422672617,0.011038664369889754,0.5273007535658605
CShape,2,fast,7,14,0.3143935239265402,0.38050573082195216,1.266849760300108,0.012032647721443022,0.4943988311148947
CShape,3,fast,7,14,0.33590153993061483,0.3868311785310681,0.9457824079333784,0.012232675941254028,0.5812070878900951
CShape,4,fast,7,14,0.49123050328634954,0.5397989637144676,1.0153657198466197,0.017069942039363024,0.7174366693050742
CShape,5,fast,7,14,0.4577051060898832,0.5396900828827804,1.5153352706377476,0.017066498925146376,0.7200057229379232
CShape,6,fast,7,14,0.4616560875998399,0.5536723815994885,1.516011421486262,0.017508658033842845,0.6986216769311592
DoubleBendedLine,0,fast,7,14,0.5122535994042418,0.5465777839107975,0.9158646674131082,0.01728430715605455,1.1474138993584089
DoubleBendedLine,1,fast,7,14,0.584388460397177,0.6326389234965867,1.0286868970969372,0.020005799347262286,1.1951495909576428
DoubleBendedLine,2,fast,7,14,0.40103981971603253,0.44949567154493597,1.0029783318750964,0.014214301204689344,0.8143487209427197
DoubleBendedLine,3,fast,7,14,0.3956040185779063,0.4270013908628871,0.7951338022415961,0.013502969591865343,0.753150448215104
DoubleBendedLine,4,fast,7,14,0.4578034687601546,0.48804121196240113,0.8825024131342376,0.015433218218302023,0.8983968899179445
DoubleBendedLine,5,fast,7,14,0.46191589711610526,0.5274250244606562,1.1157305385329104,0.01667864372265694,0.8446562856015235
DoubleBendedLine,6,fast,7,14,0.3542088031960628,0.41352953872356313,0.8278314605172179,0.013076952221252585,0.6498161104842362
GShape,0,fast,7,14,0.6130279436498377,0.6801762414323518,1.4558431796759392,0.021509061332588203,1.25254252442603
GShape,1,fast,7,14,0.5311274395253115,0.6024552744551656,1.7423466836841803,0.019051308556601795,0.9052809116598338
GShape,2,fast,7,14,0.642706947428683,0.7183500557753192,1.4819548417277937,0.02271622333559001,0.9646036692911116
GShape,3,fast,7,14,0.5070836974236833,0.5731605384086015,1.2374417319438284,0.018124927662996008,0.7723433700208593
GShape,4,fast,7,14,0.6574617418934813,0.7510697092126034,1.8677741606276201,0.023750909626721765,1.1149673235827728
GShape,5,fast,7,14,0.5588394354058148,0.5989815014606833,1.1932109445787198,0.018941458209232324,0.8991650893200243
GShape,6,fast,7,14,0.5681629058736815,0.6762890200500503,1.7944417458336661,0.021386136599214393,0.9408996949929607
JShape,0,fast,7,14,0.6458529753659893,0.7856661825516175,3.343290141898385,0.024844946174327517,1.331363850087038
JShape,1,fast,7,14,0.5653729755666916,0.639481991118917,1.8412778360901139,0.020222196145953455,1.061200057227583
JShape,2,fast,7,14,0.39278964340571715,0.461243731835647,1.0982826120879365,0.014585807490765611,0.7517088305659191
JShape,3,fast,7,14,0.6148023554567214,0.6926808065599166,1.5314945053773967,0.02190449040211839,1.123680890596133
JShape,4,fast,7,14,0.3691835197506726,0.4295108107883605,1.2377313676561292,0.013582324417568402,0.6449758408129629
JShape,5,fast,7,14,0.4583774622198062,0.5328143454744297,2.0802856635469804,0.016849069017110262,0.7802819831074581
JShape,6,fast,7,14,0.3597121317579919,0.41014874503421567,1.0949552645189888,0.012970042137677967,0.6416359883963934
JShape_2,0,fast,7,14,0.6875740951142029,0.754488646807649,2.226155133791538,0.02385902592650499,1.5488011200320277
JShape_2,1,fast,7,14,1.065957491408807,1.1948286834554906,2.549214984747963,0.03778380053419694,2.3038912561694085
JShape_2,2,fast,7,14,0.8900525077745792,0.9909257413584021,2.8173031208576984,0.03133582334783464,1.690940612198265
JShape_2,3,fast,7,14,1.03203369604828,1.1775313352337102,3.002613959177787,0.03723681035557805,1.8833889226835958
JShape_2,4,fast,7,14,1.0749083196050964,1.1845260914829803,2.8822728432697957,0.03745800396983194,1.9560075922934466
JShape_2,5,fast,7,14,0.9503427757552478,1.124821323485206,2.4157424674979318,0.03556997342938298,1.7459639742530861
JShape_2,6,fast,7,14,1.1235419317844744,1.243289903950989,2.430620681048259,0.039316278883771025,1.8899833326932216
Khamesh,0,fast,7,14,0.30128186846942456,0.3422987622773413,0.7305989251280446,0.01082443729052923,0.5472229932921011
Khamesh,1,fast,7,14,0.33271316586698846,0.3645776467969049,0.9198523259056615,0.011528957478626103,0.5814047737973699
Khamesh,2,fast,7,14,0.32200682998830277,0.37633371030212404,0.8673079395314676,0.011900716848566854,0.5407574918899442
Khamesh,3,fast,7,14,0.38656274511371624,0.4459771828148578,1.0153716058023445,0.01410303682160254,0.6175671624494539
Khamesh,4,fast,7,14,0.5503214677090323,0.6043863229811912,1.222881965827627,0.019112373672747315,0.889184649771025
Khamesh,5,fast,7,14,0.3260788509068819,0.39573160298447374,0.9425498866015218,0.012514132075404236,0.5625758276422058
Khamesh,6,fast,7,14,0.496452520960333,0.5661058345058433,1.1286916715797657,0.01790183833748806,0.8034398567541848
LShape,0,fast,7,14,0.4915872212883753,0.5362552136331712,1.0165565720128356,0.016957878822209987,0.8654112966012875
LShape,1,fast,7,14,0.24313533473220075,0.2816715714814312,0.6896121298485541,0.008907237180002506,0.42536632018211457
LShape,2,fast,7,14,0.2993783644107319,0.3401832909297292,0.7072779918789902,0.010757540212696431,0.49841400850711115
LShape,3,fast,7,14,0.33347498923263513,0.37103036295382635,0.7600263752937115,0.011733010280130506,0.5828769042343437
LShape,4,fast,7,14,0.3571399531394503,0.4208456969815389,1.371915913474781,0.013308309459427115,0.596962319982906
LShape,5,fast,7,14,0.4348632873077566,0.5056343564649142,1.878056003915234,0.015989562296626132,0.70471649091037
LShape,6,fast,7,14,0.3869752862792847,0.4525607149285204,1.3982358532451007,0.014311226386882906,0.6279268936307678
Leaf_1,0,fast,7,14,0.5807758246626925,0.6278097383754833,1.3828860541027772,0.019853087105009454,1.2548795345735468
Leaf_1,1,fast,7,14,0.8287162912655538,0.924960140650304,2.066407306067109,0.029249807893246584,1.5655732074405826
Leaf_1,2,fast,7,14,0.778202089547367,0.8570374973814904,2.090203684003082,0.027101905318961027,1.466441259708079
Leaf_1,3,fast,7,14,0.7151544407611771,0.7634232196122636,1.3751038676313292,0.024141561926336794,1.3740663399200734
Leaf_1,4,fast,7,14,0.9530282588124614,1.0045088127124326,1.7047608045727292,0.031765357778827885,1.6670937064575837
Leaf_1,5,fast,7,14,0.6344145374952752,0.6852238112168333,1.2889902024468622,0.02166867950426427,1.2291726405962191
Leaf_1,6,fast,7,14,1.0300228072147448,1.127226467317006,1.8128334706647142,0.0356460307554709,1.8109184356681876
Leaf_2,0,fast,7,14,1.9262388958703685,2.2167146151641863,4.352801938282254,0.07009867106502453,3.435486382479941
Leaf_2,1,fast,7,14,2.054825256421035,2.2560492973766073,3.534558583855808,0.07134254293332615,3.50517551115877
Leaf_2,2,fast,7,14,1.9081354597219549,2.1399092462956677,3.824502584353434,0.06766987204348544,3.166085438183412
Leaf_2,3,fast,7,14,1.7630516957871238,1.9783529795820902,3.8273485015631743,0.06256101431259994,3.087369452813306
Leaf_2,4,fast,7,14,1.6834928389772759,1.917050975355624,3.757860230786422,0.060622474727710915,2.856303504445825
Leaf_2,5,fast,7,14,1.8184971998712425,2.001073083405474,3.9239244883903104,0.06327948708017386,3.161518175302759
Leaf_2,6,fast,7,14,1.9890180649096345,2.2026909137470225,3.6765387530862426,0.06965520268798085,3.3734870291035493
Line,0,fast,7,14,0.27678835182002687,0.35026346715527035,1.521880234161054,0.011076303373582322,0.540785396082263
Line,1,fast,7,14,0.226201053138032,0.26219682379310205,0.6343833627516887,0.008291391584480315,0.4206739297089407
Line,2,fast,7,14,0.18582075074320226,0.21753531070616475,0.5449338422192599,0.006879070533438921,0.34057763833175014
Line,3,fast,7,14,0.2372875929822526,0.31848381962480454,1.0558649186877525,0.010071342679246151,0.4482157190619848
Line,4,fast,7,14,0.18924776239266103,0.23783620035622852,0.6690546165939714,0.007521041031658323,0.34785446862844394
Line,5,fast,7,14,0.2658214739645222,0.3372306824430691,0.9334427177091736,0.01066417053413054,0.485687144617422
Line,6,fast,7,14,0.23129380483459341,0.2759151768341262,0.6512498539106035,0.008725203998039652,0.4720077586901985
Multi_Models_1,0,fast,7,14,0.3564316276213978,0.4190384019367411,1.3166263899424364,0.013251157771972144,1.2282663643392524
Multi_Models_1,1,fast,7,14,0.19781295672212018,0.21261384762215105,0.5540903735952343,0.006723440205779721,0.6350561848644337
Multi_Models_1,2,fast,7,14,0.23158225896238904,0.2502484652397169,0.5161223878809224,0.0079135513111898,0.7756362063246642
Multi_Models_1,3,fast,7,14,0.1603174687984889,0.1789812125584727,0.5163483837215486,0.0056598829006350646,0.7459968147353238
Multi_Models_1,4,fast,7,14,0.13983715860229384,0.15618611275014369,0.4331832154214474,0.00493903855178319,0.6130598347199145
Multi_Models_1,5,fast,7,14,0.05935908644860282,0.07865564396540255,0.28513675116825205,0.0024873098575795027,0.4328106480937741
Multi_Models_1,6,fast,7,14,0.09317225472496583,0.11110699790162386,0.2581268047424902,0.0035135117735268016,0.6978028671897538
Multi_Models_2,0,fast,7,14,0.3052783500662837,0.35354907709996086,0.6931310619724551,0.011180203482863542,0.9209761535356432
Multi_Models_2,1,fast,7,14,0.3821379573019217,0.501854305668108,2.04553673055586,0.015870026594735707,1.0828179832110312
Multi_Models_2,2,fast,7,14,0.33242709431075057,0.3685073647894157,0.9170155524790172,0.011653226072810888,1.0035539142024252
Multi_Models_2,3,fast,7,14,0.39519232366112,0.5113727823608328,1.7826365348279416,0.016171027256778086,1.129799441402117
Multi_Models_2,4,fast,7,14,0.2106768841481645,0.23980407230250572,0.9963021253601545,0.007583270606596166,0.8996115321822082
Multi_Models_2,5,fast,7,14,0.3026618581780253,0.3561197516394066,0.8376844808719915,0.01126149534954007,1.2945958150678738
Multi_Models_2,6,fast,7,14,0.289550978437539,0.32240411674464914,0.664955698642043,0.01019531335927922,1.1466331991021532
Multi_Models_3,0,fast,7,14,0.5297094850060057,0.578802302031234,1.0142507162414642,0.018303335893674024,1.6204998645304027
Multi_Models_3,1,fast,7,14,0.6188353764483673,0.6956422577846353,1.5206049695973094,0.021998139712614453,1.784271922439107
Multi_Models_3,2,fast,7,14,0.4937464680554966,0.558751424291628,0.9609714797480571,0.01766927146624679,1.3183509064870969
Multi_Models_3,3,fast,7,14,0.4608493136831192,0.5143236651503499,0.8986162899442971,0.016264342364008734,1.2825095690790809
Multi_Models_3,4,fast,7,14,0.3453075457071495,0.3800219198319417,1.0144664748848087,0.012017348274588481,1.1652088006956989
Multi_Models_3,5,fast,7,14,0.22550888813863065,0.24880904182382602,0.4709404465604901,0.00786803274607385,0.6721812417264766
Multi_Models_3,6,fast,7,14,0.22218106611143765,0.26620421577206205,0.6217986497835783,0.008418116445786349,0.6902559270398559
Multi_Models_4,0,fast,7,14,0.49686641964900685,0.5614704113091559,1.0112508315508992,0.01775525338528495,1.1829294705647218
Multi_Models_4,1,fast,7,14,0.5104525992849713,0.5668528501271471,0.9530991448868211,0.017925461045598518,1.1961282408111797
Multi_Models_4,2,fast,7,14,0.8151441078021435,0.9634118966323777,3.075102772569182,0.030465759182610155,1.7578695805901448
Multi_Models_4,3,fast,7,14,0.6224204378860897,0.6865737994512007,1.584966709952113,0.02171136988061457,1.3329293897692245
Multi_Models_4,4,fast,7,14,0.21720238256205934,0.26230409669977234,0.9271299404873079,0.008294783851643363,0.8410138854106277
Multi_Models_4,5,fast,7,14,0.257732182073961,0.2946504941219189,0.824466109727475,0.009317666751193185,0.9926765874332063
Multi_Models_4,6,fast,7,14,0.32145649980849944,0.36810221656169106,1.5587229834855585,0.011640414160914984,1.1501654580304113
NShape,0,fast,7,14,0.7851972345215887,0.8844492154210326,1.769144171239205,0.02796873995479382,1.2894703359670299
NShape,1,fast,7,14,0.7264392793538992,0.7856094874877133,1.3771738128001707,0.024843153318987263,1.1517449038845076
NShape,2,fast,7,14,0.640659547268189,0.7253388711444685,1.4280785419559963,0.022937229082719036,1.0019108516729043
NShape,3,fast,7,14,0.7930911874452686,0.9050998020944234,1.8490864662860031,0.028621768843860165,1.182812487456997
NShape,4,fast,7,14,0.7134360368013889,0.7907378082053259,2.6059139593387814,0.02500532505938211,1.1186317264644232
NShape,5,fast,7,14,0.7124932867435592,0.8054790200589098,1.7717900126665334,0.025471483108666083,1.086223052711939
NShape,6,fast,7,14,0.8317607264397316,0.9898841963306539,2.15311020828662,0.03130288680210157,1.2141669485287698
PShape,0,fast,7,14,0.44233899028111395,0.4877406303845601,0.8730476800044635,0.015423712994215369,0.7864309020485305
PShape,1,fast,7,14,0.3189074544052165,0.35916187669564886,1.0833475549337725,0.011357695790588006,0.507954313830512
PShape,2,fast,7,14,0.5085599288662661,0.5680330271425962,1.3229069815801022,0.017962781519708503,0.7980948052176964
PShape,3,fast,7,14,0.5891416861919937,0.6333705828624043,1.1010547308385814,0.020028936447936064,0.9215935571859829
PShape,4,fast,7,14,0.4850168761617195,0.5394904919918694,1.0331980092453175,0.017060187306991364,0.8268100860178995
PShape,5,fast,7,14,0.5465540111572081,0.6038969720701833,1.2383155217110264,0.01909689903820868,0.8703143484762342
PShape,6,fast,7,14,0.4763027678456323,0.5271225342437141,0.980002910020817,0.016669078142102386,0.7336867674426996
RShape,0,fast,7,14,0.3467130214387099,0.3728099393004626,0.7775025212924355,0.011789285425385822,0.5559993748184525
RShape,1,fast,7,14,0.5673417888497664,0.6359143996705856,1.3396259401506303,0.020109378998576795,0.8989120691692007
RShape,2,fast,7,14,0.5968495952937961,0.6716099247009137,1.3348793618570247,0.02123817061229067,0.9502497676482031
RShape,3,fast,7,14,0.9285432554280003,1.0383483881726567,2.009616810698318,0.03283545911390237,1.525012726248632
RShape,4,fast,7,14,0.5392756516327872,0.5731852080487273,1.4740297710395531,0.018125707785514547,0.862280133176311
RShape,5,fast,7,14,0.6448201500593878,0.7240734985734043,1.3804939219679988,0.022897214488586375,0.9846651566276553
RShape,6,fast,7,14,0.6237603167933405,0.6774426326954632,1.0877459623190868,0.021422617034185163,0.9778316709363915
Saeghe,0,fast,7,14,0.49237854003344794,0.5589057907157008,1.1622015578826348,0.017674152961190043,0.9186871696415756
Saeghe,1,fast,7,14,0.41544714482304895,0.475337495885277,1.01372095597419,0.015031491442783903,0.7715032728200217
Saeghe,2,fast,7,14,0.37268035439882574,0.41307622479367323,0.8761223720209245,0.013062617176117244,0.6797018044922148
Saeghe,3,fast,7,14,0.5533188792759184,0.6097647086557028,1.1155754304940066,0.01928245316141009,1.0259434175002504
Saeghe,4,fast,7,14,0.409310131116759,0.48656141023724286,1.1612689933599858,0.015386422778932552,0.7375381447374705
Saeghe,5,fast,7,14,0.3471212668456845,0.41379866032150847,0.974676647402035,0.013085462593423096,0.6105569816448845
Saeghe,6,fast,7,14,0.360500143602344,0.401765481118803,1.0707859704525413,0.012704940055687916,0.6179444230139843
Sharpc,0,fast,7,14,0.3937886740909232,0.4585649445614915,1.8333104467567725,0.014501096799231557,0.7342418398405858
Sharpc,1,fast,7,14,0.2767037464688952,0.31341486459944584,0.9560429213301151,0.009911048246875248,0.521142088797015
Sharpc,2,fast,7,14,0.5486061175178306,0.6126347373346658,1.192358987255681,0.019373211437165368,0.9208289427554447
Sharpc,3,fast,7,14,0.7253094980615774,0.8276254181485437,1.8013704840722973,0.026171813707986533,1.234100872945043
Sharpc,4,fast,7,14,0.5323239002676766,0.5893471429724246,1.0565027906367896,0.018636793043057584,0.908728160092466
Sharpc,5,fast,7,14,0.43831657444074906,0.518929770770037,1.1959552245627842,0.01641000021302386,0.7518826118975668
Sharpc,6,fast,7,14,0.6194022404868456,0.6797832743428515,1.4038023312061179,0.021496634622105118,0.9980397598942993
Sine,0,fast,7,14,0.47213512537298097,0.5039255342184704,0.9639784361634165,0.01593552459247485,0.9442408359249566
Sine,1,fast,7,14,0.5915918208627359,0.6332476276938804,1.0862237086410664,0.020025048264109814,1.1459519087973988
Sine,2,fast,7,14,0.6116686956152657,0.6503886255619817,1.5179858201185457,0.020567094210422715,1.1608641773931105
Sine,3,fast,7,14,0.4960150830945412,0.5520055227290037,1.1626238408808778,0.01745594732815497,0.8784178665827516
Sine,4,fast,7,14,0.948412602015346,1.0433777819498482,2.0207000629859366,0.032994502509760396,1.8383203432316757
Sine,5,fast,7,14,0.666930309886727,0.7119600610317045,1.7543522626666326,0.022514153959326752,1.2717407077909149
Sine,6,fast,7,14,0.7397324409976547,0.7783086623425285,1.4317480628768833,0.024612280956413123,1.362065973121555
Snake,0,fast,7,14,1.1094430378516391,1.2340331805886933,2.9997385356566846,0.03902355558882156,1.9535514183809564
Snake,1,fast,7,14,0.753250947978265,0.8126475227038574,1.8106593951363479,0.025698171066375838,1.31585294030307
Snake,2,fast,7,14,0.6898426085169067,0.757284943737093,1.3675938431311379,0.02394745259961677,1.1619138410444494
Snake,3,fast,7,14,0.9252989277245423,0.9860306681039938,2.0101795958907536,0.03118102753986161,1.6046608075777486
Snake,4,fast,7,14,0.9819068068966041,1.1106001252125186,3.0511469816298167,0.03512025965339752,1.6417348118608384
Snake,5,fast,7,14,0.8272589961268937,0.9183238669803497,2.1254737694907475,0.029039950493513985,1.4343942858551597
Snake,6,fast,7,14,0.9942210643903133,1.1382677664597567,2.7972021408762773,0.035995187291654476,1.655185632610733
Spoon,0,fast,7,14,0.48663830517383555,0.5746159358483796,1.294507448288107,0.018170951371100773,0.9578031861448663
Spoon,1,fast,7,14,0.32700481280937477,0.38182498847706897,1.4578648782844874,0.01207436631155084,0.6135060756861181
Spoon,2,fast,7,14,0.43596974155157625,0.5387936540974618,1.7904714987512194,0.017038151357928924,0.8273458295640633
Spoon,3,fast,7,14,0.2851151894332387,0.33148628355251963,1.088746766207242,0.010482516691303737,0.5254417174662668
Spoon,4,fast,7,14,0.3739242904821412,0.43635669607322825,1.4026660372414594,0.013798810318572528,0.7153089032966492
Spoon,5,fast,7,14,0.6780327429591885,0.8127785593365165,2.4157299407518074,0.02570231480853706,1.2846428080060628
Spoon,6,fast,7,14,0.3669162505429636,0.4759670486029152,2.16535924164355,0.01505139964773276,0.6992234631114532
Sshape,0,fast,7,14,0.9832198193809242,1.0873824045433085,2.2215317496183578,0.03438605085947479,1.6776117869091374
Sshape,1,fast,7,14,0.6351664961850354,0.7129306950344216,1.454558316604022,0.022544848101556676,1.0650050054489306
Sshape,2,fast,7,14,0.5023193630934474,0.5533814595118904,1.5390519195360717,0.017499458269658236,0.779699030268304
Sshape,3,fast,7,14,0.4261776058752932,0.4897200587144837,1.0213694673091305,0.015486308014091588,0.6474971264684127
Sshape,4,fast,7,14,0.442511525274288,0.48598681014274553,1.2052783091217363,0.015368252328508957,0.6712825883770687
Sshape,5,fast,7,14,0.4582110415378174,0.5475853672565223,1.2895033857093292,0.01731616973910398,0.6996135169829032
Sshape,6,fast,7,14,0.5901791237659738,0.6565915251180144,1.4677974596717547,0.020763247117365824,0.8850798318927682
Trapezoid,0,fast,7,14,0.2837143232049988,0.3373840791559142,0.8648913218573276,0.010669021364112276,0.5786711775371175
Trapezoid,1,fast,7,14,0.21903331126950584,0.2461890894738265,0.6978480320353483,0.007785182578202758,0.39895772715008526
Trapezoid,2,fast,7,14,0.29858517430736425,0.3264348719920184,0.7649280636272868,0.010322777032002843,0.5931410801150216
Trapezoid,3,fast,7,14,0.26212149690216346,0.30333080588923667,0.6690721431114673,0.00959216231104404,0.47498705294899246
Trapezoid,4,fast,7,14,0.3551176713230652,0.41098571953643204,0.9116561901783529,0.01299650959538286,0.6490635788638419
Trapezoid,5,fast,7,14,0.4798485176050111,0.5492358921934134,1.2645846814321846,0.017368363920458797,0.8578632244739113
Trapezoid,6,fast,7,14,0.3941979249288166,0.4379605862968262,1.0533139688251554,0.013849529780806993,0.7230976800708602
WShape,0,fast,7,14,0.6995027114020629,0.7564800678791115,1.262288888181787,0.023922000190167735,1.4203663039125798
WShape,1,fast,7,14,0.5118139715486713,0.5574409133952958,1.0553037880935947,0.017627829472938,0.9723576535469876
WShape,2,fast,7,14,0.7650370048834234,0.8597251050602944,2.090102590201962,0.02718689493618082,1.4892614414254417
WShape,3,fast,7,14,0.6088012225355269,0.6686541228310653,1.3152023279510354,0.021144699950081614,1.1251056910140902
WShape,4,fast,7,14,0.6799051407696929,0.7626018626648624,1.4011423124844387,0.02411558833907889,1.1990142952336984
WShape,5,fast,7,14,0.691884136437992,0.7469360081219647,1.8838275682686516,0.023620190520594362,1.2745255266941948
WShape,6,fast,7,14,0.6988001313548834,0.8152114514970613,1.9278478521318914,0.025779249613825952,1.3356404109254605
Worm,0,fast,7,14,0.2639935939710201,0.28904268800667743,0.5244327328726972,0.009140332351185347,0.5354473168661619
Worm,1,fast,7,14,0.2693675603553251,0.32562508123865663,1.1042735691733068,0.010297169199915175,0.5430868245155505
Worm,2,fast,7,14,0.39126422396225885,0.4421515722389752,1.038058999593584,0.013982060392996369,0.7836327714577856
Worm,3,fast,7,14,0.1936843365301844,0.2171235383441514,0.6861131644886688,0.006866049148024225,0.3827627054874833
Worm,4,fast,7,14,0.36277613460276903,0.42551003017717437,0.9957480008953777,0.013455808626068514,0.7095620428390803
Worm,5,fast,7,14,0.3444623011692001,0.3648334987455502,0.6511398220839921,0.011537048227641218,0.6589787635056592
Worm,6,fast,7,14,0.33208799457692645,0.37636655355824655,0.787717546561865,0.01190175544351809,0.6495845858710734
Zshape,0,fast,7,14,0.7658896171622036,0.8851077747344629,2.1201437850464755,0.027989565428841384,1.3619857050977402
Zshape,1,fast,7,14,0.3020608596047453,0.3492238892556663,0.6956488885817557,0.011043429033903098,0.4991546131317766
Zshape,2,fast,7,14,0.7837773220470093,0.9208951566842487,3.2114963520228534,0.029121261813398587,1.39008484367953
Zshape,3,fast,7,14,0.6340689230613833,0.7569230510560352,2.2318236039465327,0.023936008548209896,1.0184737657664258
Zshape,4,fast,7,14,0.6444395884724682,0.763827347999021,1.9420399897816414,0.024154341588029624,1.0656473217878502
Zshape,5,fast,7,14,0.4960845985785102,0.5839148689022107,1.8139211963424025,0.01846500945369609,0.7461263875478346
Zshape,6,fast,7,14,0.7477364800287036,0.9139090442128497,2.2308538510701057,0.0289003415394013,1.178902294809093
heee,0,fast,7,14,0.397259838611131,0.45108652151537854,1.267665352552901,0.014264608297911447,0.7342341923590159
heee,1,fast,7,14,0.9606790827167992,1.026330429656394,1.8823384600105104,0.03245541789653429,1.6183165074051111
heee,2,fast,7,14,0.4710089573022354,0.5459394387100803,1.9074294069024191,0.017264120908377513,0.8283124707364695
heee,3,fast,7,14,0.7077922370677038,0.7768079942241424,1.4752510382398523,0.024564825663752128,1.2039844939973934
heee,4,fast,7,14,0.6250371870595843,0.6880384659239704,1.8938231130754186,0.021757686701278943,1.0296218358011548
heee,5,fast,7,14,0.7402456020162995,0.904081300418485,1.9868705584667097,0.02858956099289352,1.2269122021471117
heee,6,fast,7,14,0.8405682675872763,0.9517851215198827,1.9083359343105586,0.030098088270629708,1.3302251021702034
Angle,0,fast,12,24,0.10855327378571702,0.12449983457237884,0.5520206071743503,0.0039370304556289246,0.18451917438372215
Angle,1,fast,12,24,0.1234655117767711,0.14260862458725393,0.6134309214202516,0.004509680676796122,0.20696200611920243
Angle,2,fast,12,24,0.19501258131407193,0.2198660664028076,0.44345447805668736,0.006952775500146959,0.32532120827464067
Angle,3,fast,12,24,0.12362928266012936,0.14078343623019027,0.46346782977565437,0.004451963153124704,0.19589455123229324
Angle,4,fast,12,24,0.2285125130396038,0.2551238641719473,0.5570097055514087,0.008067724962467812,0.3617827343539823
Angle,5,fast,12,24,0.2486648488402227,0.2711909975735254,0.6304976371709918,0.008575812332655364,0.4024845081877528
Angle,6,fast,12,24,0.1943179974276391,0.21254159360904706,0.4451669450848672,0.006721155333264759,0.30766438867632234
BendedLine,0,fast,12,24,0.09521749272241674,0.10689442476820982,0.24831275310629075,0.0033802985144105943,0.22184525799881455
BendedLine,1,fast,12,24,0.15072934867138008,0.1798015787799874,0.4665645617461937,0.005685825158389591,0.33809416247328716
BendedLine,2,fast,12,24,0.13195729602654704,0.15267928921261598,0.5879890475458684,0.004828143054474426,0.28040440657850974
BendedLine,3,fast,12,24,0.13725412751663732,0.15736946604332508,0.4435329519107203,0.004976459468614332,0.2839713077171981
BendedLine,4,fast,12,24,0.12689597001576924,0.14206750651784625,0.31435363128912397,0.004492569020972108,0.24824458393716425
BendedLine,5,fast,12,24,0.1462366049523149,0.1633333789184993,0.5743268148998608,0.005165054953137873,0.2696198232920866
BendedLine,6,fast,12,24,0.16394892457954488,0.19719047847363227,0.4532277033480119,0.006235710448750811,0.3172757802902711
CShape,0,fast,12,24,0.20871608147746826,0.2292930700373763,0.725354077467096,0.007250883530106188,0.39124254442432704
CShape,1,fast,12,24,0.1724244739979498,0.19138530416470953,0.31911268036018886,0.006052134718445912,0.28227033787460787
CShape,2,fast,12,24,0.18351808812004783,0.222887245376603,0.746603400505329,0.0070483135679089955,0.28859095798739076
CShape,3,fast,12,24,0.12616085037503072,0.14810854013085833,0.4081431206818625,0.004683603277359652,0.21829486243902319
CShape,4,fast,12,24,0.1950545199261701,0.23513270931401858,0.6151289304011466,0.007435549138385865,0.2848749500947784
CShape,5,fast,12,24,0.17074267164728726,0.19257554051012146,0.47237739263071005,0.006089773296500078,0.2685914994175653
CShape,6,fast,12,24,0.27405760128379486,0.3246750168171978,0.7761442164796398,0.010267125524958173,0.4147298955376803
DoubleBendedLine,0,fast,12,24,0.1409515008540514,0.1586733901567099,0.30515822850366087,0.005017693169557449,0.31572196155080445
DoubleBendedLine,1,fast,12,24,0.08453733936146929,0.09816000262904828,0.30543986054130295,0.0031040918343590877,0.17288973586138173
DoubleBendedLine,2,fast,12,24,0.1260189205391567,0.14028238577909152,0.40431226659447,0.004436118546643434,0.25589316000667917
DoubleBendedLine,3,fast,12,24,0.1430337415884305,0.15849427723462473,0.41865965393083304,0.005012029121635875,0.27230746283735063
DoubleBendedLine,4,fast,12,24,0.12317340851540637,0.14866977154269506,0.3241783279628616,0.004701350972918013,0.24171640164834166
DoubleBendedLine,5,fast,12,24,0.15050745006137328,0.1734939962862196,0.5477720487513567,0.005486361886292479,0.2752169053238759
DoubleBendedLine,6,fast,12,24,0.12811491764460098,0.15032145812845765,0.3874395876453996,0.0047535818888355804,0.23503407235404425
GShape,0,fast,12,24,0.31274154618924593,0.3616891786277553,0.8044257707535665,0.01143761609499201,0.6389954810616758
GShape,1,fast,12,24,0.28098983465713445,0.3360971242687404,1.580338473517888,0.010628324277218732,0.47893351906823134
GShape,2,fast,12,24,0.2763961031283187,0.3142306931482066,0.7567875149732549,0.009936847010817988,0.4148277785419847
GShape,3,fast,12,24,0.2134795473776052,0.24830644371137978,0.718690714846538,0.007852139198243535,0.32515246277851756
GShape,4,fast,12,24,0.38511615024261586,0.4474977389545696,1.0089138969486182,0.014151121028718966,0.6531055663678121
GShape,5,fast,12,24,0.24092391902013424,0.2624914454583962,0.6732347417064948,0.008300708339583929,0.38764332550682984
GShape,6,fast,12,24,0.2883854032490882,0.34468142197209484,0.9016116980957523,0.010899783605774259,0.47757735528376066
JShape,0,fast,12,24,0.20877988547372706,0.2894113677500959,1.810429111123008,0.009151991028349037,0.43037967269178834
JShape,1,fast,12,24,0.18133875926992993,0.20416168350585603,0.7639418608714531,0.0064561593081293575,0.3403712416957018
JShape,2,fast,12,24,0.24749364885483274,0.28308393388505193,0.6482227798810936,0.008951900000772822,0.4736457910143836
JShape,3,fast,12,24,0.1996823775095874,0.21586862509119062,0.6174589466538211,0.006826365306571354,0.3649616332872385
JShape,4,fast,12,24,0.23384790685824677,0.25664197024454893,0.8077205344448536,0.00811573169165935,0.40854004114297776
JShape,5,fast,12,24,0.2113380820156106,0.2336495550073293,1.283366857782171,0.007388647681079604,0.3597543756682152
JShape,6,fast,12,24,0.16497992373276496,0.18208378763756267,0.4495918863103547,0.005757994939251078,0.2942826974238752
JShape_2,0,fast,12,24,0.18821544970508264,0.22210871523076015,0.9892152620791548,0.0070236942830293305,0.4239663788702592
JShape_2,1,fast,12,24,0.21824963786685037,0.2508789251862269,1.1220769111564612,0.007933488205234596,0.4717105854559239
JShape_2,2,fast,12,24,0.21043640232852587,0.25483997911531264,1.3732413083270103,0.008058747728741295,0.3997915357509663
JShape_2,3,fast,12,24,0.24187885524456162,0.28353991505065673,1.2485361028622601,0.008966319391307317,0.4414119019013939
JShape_2,4,fast,12,24,0.2270382540275552,0.2555927052941555,0.9921489712458762,0.008082551020537083,0.413140860963935
JShape_2,5,fast,12,24,0.16942175352411573,0.19802664262642206,0.4438665487586433,0.006262152280956819,0.31126061633163155
JShape_2,6,fast,12,24,0.23748533352744058,0.27250140033073295,0.9408107631018565,0.008617250906304772,0.3994896046408116
Khamesh,0,fast,12,24,0.13950587136772308,0.1680066637930703,0.6786730500281184,0.005312837196722459,0.25338670693824267
Khamesh,1,fast,12,24,0.15721156201689765,0.17769757986658283,0.7399253908631935,0.005619290870780812,0.2747217784862374
Khamesh,2,fast,12,24,0.22551420320602772,0.2457991343715805,0.4603108973536741,0.007772851115119747,0.3787140009287402
Khamesh,3,fast,12,24,0.17516638826360748,0.20415670769373623,0.5446971241835,0.006456001959134279,0.2798433390797984
Khamesh,4,fast,12,24,0.215803970904248,0.25625839049864024,0.6833052972593104,0.008103601835045549,0.34868633979793545
Khamesh,5,fast,12,24,0.19476243976641716,0.22109350006146417,0.488901633580918,0.006991590360528043,0.3360188507794295
Khamesh,6,fast,12,24,0.27331207987233214,0.29807707914869885,0.5805959880600622,0.009426024884001724,0.4423178633014945
LShape,0,fast,12,24,0.13912257166519928,0.16859174838481564,0.4554861484897171,0.0053313391960603095,0.24491736139059955
LShape,1,fast,12,24,0.1782046618104793,0.19818998842803662,0.40982003547939916,0.006267317728750098,0.31176982694478983
LShape,2,fast,12,24,0.1371142328343912,0.15819807912378614,0.35257783668764087,0.005002662514946986,0.22827185439695882
LShape,3,fast,12,24,0.18011217972530558,0.20978753142875936,0.5819490060408645,0.006634064240190375,0.3148159026101613
LShape,4,fast,12,24,0.1512144626384955,0.17859145122415268,0.7756147432501842,0.005647557565031888,0.25275619722220727
LShape,5,fast,12,24,0.25474052877944225,0.29583689216427833,1.398794793345807,0.009355183951447393,0.4128190554910028
LShape,6,fast,12,24,0.16093052794743415,0.18643941704272407,0.4968562017464888,0.005895732034890221,0.26113452224817507
Leaf_1,0,fast,12,24,0.10645582183115845,0.1264793663490112,0.6375955375938505,0.003999628746777304,0.23001858286666038
Leaf_1,1,fast,12,24,0.2865064762681759,0.3419416480138098,1.0554919299507348,0.010813144345952298,0.5412550323086807
Leaf_1,2,fast,12,24,0.26717364366533924,0.30453782636526994,0.8960640805318615,0.009630331649911299,0.503461067298445
Leaf_1,3,fast,12,24,0.23111508635401315,0.2688960801913668,0.8490458835147039,0.00850324067296004,0.4440543786161302
Leaf_1,4,fast,12,24,0.22559565268962012,0.24936009349257166,0.6131251885744875,0.007885458529890577,0.3946253317521658
Leaf_1,5,fast,12,24,0.14377278854752717,0.16427292590072845,0.41525169172203036,0.005194766037463691,0.2785585255384567
Leaf_1,6,fast,12,24,0.30862802863121164,0.34814855731553906,0.7801227474573477,0.011009424052187796,0.5426095256312784
Leaf_2,0,fast,12,24,0.25028614995296755,0.28775680897977346,0.7699140539115555,0.009099669285980772,0.44639045641232805
Leaf_2,1,fast,12,24,0.1575108408506523,0.18839719541227773,1.0120053477375743,0.005957642422906226,0.2686861767765845
Leaf_2,2,fast,12,24,0.21865185386357341,0.24500763603432463,0.5271163286495334,0.007747821740020099,0.36279942654078756
Leaf_2,3,fast,12,24,0.24039716546873155,0.28234779822696027,0.7398542749361924,0.008928621347308456,0.42097169753137087
Leaf_2,4,fast,12,24,0.25552495453445934,0.30530577230824296,0.8288522576589574,0.009654616232908106,0.4335372305792078
Leaf_2,5,fast,12,24,0.3104113784273494,0.34864395743333504,1.1888305055100548,0.011025089979441308,0.5396605586130863
Leaf_2,6,fast,12,24,0.2245985808755342,0.2625877539171478,1.1118587175981522,0.008303753880459883,0.38093188428286207
Line,0,fast,12,24,0.09626859697861877,0.12088851720955353,0.6323608506653033,0.003822830573426518,0.18808830286766162
Line,1,fast,12,24,0.1102664694217368,0.1306837324545679,0.3527343740796517,0.004132582476885015,0.20506637066126768
Line,2,fast,12,24,0.10817808765304761,0.12677736937284162,0.28811118210663733,0.00400905242982652,0.19827192315585784
Line,3,fast,12,24,0.0816800166813396,0.1050915831250544,0.3323871621391831,0.0033232876558808777,0.15428647975100718
Line,4,fast,12,24,0.1487254289548518,0.20178808324042685,0.5943766048196749,0.006381099477193992,0.2733707622565456
Line,5,fast,12,24,0.11961887894082991,0.14562850950678333,0.3925031975756877,0.004605177822969194,0.21855778199041476
Line,6,fast,12,24,0.15511914010289335,0.19852024085231912,0.5441484410568633,0.006277761227385349,0.31655598256199735
Multi_Models_1,0,fast,12,24,0.13950866773506085,0.18937922354222197,0.6272311409041254,0.005988696879076022,0.4807480336586971
Multi_Models_1,1,fast,12,24,0.07332386398778289,0.08250636190821292,0.2928058825121095,0.0026090802508410907,0.2353979946268757
Multi_Models_1,2,fast,12,24,0.08333100874856775,0.10537228064032211,0.3835687292287795,0.0033321640906988368,0.2790997366747498
Multi_Models_1,3,fast,12,24,0.05363940299730048,0.06456314137721379,0.26122050938413865,0.0020416657964745593,0.24959740245516965
Multi_Models_1,4,fast,12,24,0.06181022164213157,0.06842458704660437,0.15072493251963406,0.002163775430237236,0.27098208117699035
Multi_Models_1,5,fast,12,24,0.04827758649314281,0.06321791703594552,0.19957801291133107,0.001999126067651485,0.352011035691945
Multi_Models_1,6,fast,12,24,0.051194738335986985,0.06365963781393176,0.1661561097599471,0.0020130945051340656,0.3834170945131008
Multi_Models_2,0,fast,12,24,0.07000661247159622,0.07793310850707945,0.1952390289408746,0.0024644612801941563,0.21119879828409724
Multi_Models_2,1,fast,12,24,0.14804341216136155,0.20843912108711113,0.8621025715807209,0.006591423761189033,0.4194926620639023
Multi_Models_2,2,fast,12,24,0.10773954286972619,0.1295914113140469,0.3637946666564971,0.0040980402494810225,0.3252515869245652
Multi_Models_2,3,fast,12,24,0.14586876488879397,0.17401107507026892,0.6207752457117641,0.005502713353165943,0.41701834580849645
Multi_Models_2,4,fast,12,24,0.06668223813623549,0.07854716647032821,0.5245683812050761,0.002483879497986457,0.2847398786137797
Multi_Models_2,5,fast,12,24,0.1190693966345653,0.13139550759427882,0.2528280015026518,0.0041550907831187246,0.5093034963629149
Multi_Models_2,6,fast,12,24,0.08704306638239839,0.09769488083801753,0.21721387754037721,0.003089383391868747,0.344693947173936
Multi_Models_3,0,fast,12,24,0.22310641645221763,0.2405113763736106,0.42167771333974646,0.007605637525226178,0.682532459528421
Multi_Models_3,1,fast,12,24,0.25097261078289756,0.2848457694387767,1.1647399865738275,0.009007614132897164,0.7236227917208042
Multi_Models_3,2,fast,12,24,0.18321853452206993,0.20790567578233726,0.46295599968365053,0.0065745547394869515,0.4892112383581827
Multi_Models_3,3,fast,12,24,0.16311945621570484,0.1785868339250795,0.35248415256447846,0.005647411553214794,0.45394938711673
Multi_Models_3,4,fast,12,24,0.12394237624419568,0.15131781550657683,0.8499169813375764,0.004785089475619283,0.41823223782475305
Multi_Models_3,5,fast,12,24,0.07972120259858115,0.09025246726456417,0.2014650938884102,0.0028540336100580923,0.2376274274462293
Multi_Models_3,6,fast,12,24,0.08624734089860397,0.09828804986770501,0.23510548787613114,0.0031081410435815924,0.26794694655407314
Multi_Models_4,0,fast,12,24,0.1446325042300845,0.16847538682825278,0.4786032525589096,0.005327659520552097,0.3443381256801457
Multi_Models_4,1,fast,12,24,0.2027644145278291,0.21945386875083306,0.39231458885698,0.0069397406658828304,0.4751317610842101
Multi_Models_4,2,fast,12,24,0.3321791738349525,0.4497991995567017,1.5390904189773957,0.014223899603197766,0.7163489981721894
Multi_Models_4,3,fast,12,24,0.1421461893847611,0.1634878355802031,0.7145475905137951,0.005169939301645574,0.30440972362370533
Multi_Models_4,4,fast,12,24,0.12243149743527869,0.13883328182604704,0.3659755113634389,0.004390293856063693,0.47405828674676387
Multi_Models_4,5,fast,12,24,0.09780623309115538,0.10790047226957723,0.23552282171790223,0.003412112529797018,0.3767087094570251
Multi_Models_4,6,fast,12,24,0.13619666271868738,0.17466946429977068,1.0734738346653363,0.005523533448687431,0.4873091601861293
NShape,0,fast,12,24,0.22413657032559905,0.24854295950630664,0.8174976462422101,0.007859618484389276,0.36808262425471083
NShape,1,fast,12,24,0.2697916485403084,0.32797487105097584,0.9462673235652682,0.010371476078211058,0.42774553241843855
NShape,2,fast,12,24,0.2987686692825214,0.3367019027636564,0.848377454171639,0.010647449052456967,0.4672365738876963
NShape,3,fast,12,24,0.275479119461104,0.2969495523975201,0.7525400890915559,0.009390369357436775,0.41084827027502163
NShape,4,fast,12,24,0.27368014400962487,0.31715784284778376,1.4278959302490764,0.010029411611847403,0.42911666386393377
NShape,5,fast,12,24,0.3214810561467199,0.35695676254892184,0.9626353708701458,0.011287963958544842,0.4901100693773029
NShape,6,fast,12,24,0.5172345365263892,0.5976661876137508,1.513999046240908,0.018899864333289672,0.7550357439645754
PShape,0,fast,12,24,0.15875884700057666,0.1796664923820353,0.5233369178354634,0.005681553351405225,0.2822560660445104
PShape,1,fast,12,24,0.19384567625552887,0.21942606681763357,0.5182521104303935,0.006938861491560167,0.30875649380799836
PShape,2,fast,12,24,0.1968143078892433,0.2324576233109281,0.51168233970274,0.007350955491319842,0.3088652247319059
PShape,3,fast,12,24,0.16867287665184663,0.18268046315893666,0.33701389697421485,0.005776863475967181,0.2638547569076777
PShape,4,fast,12,24,0.17562607996274449,0.21073014009871474,0.6487274281227151,0.006663872143583184,0.2993904365351733
PShape,5,fast,12,24,0.24944239407968283,0.28969588083878284,0.7168918007562162,0.00916098812219284,0.39720373513710716
PShape,6,fast,12,24,0.15727553821999365,0.19227626455764546,0.551898258903961,0.006080309359912673,0.2422639317347734
RShape,0,fast,12,24,0.13043020975126615,0.14293820378140618,0.5268490545785768,0.004520102886025361,0.20916178682364012
RShape,1,fast,12,24,0.19250194991922767,0.21610511370331908,0.3701402131840495,0.006833843733121534,0.30500542974602013
RShape,2,fast,12,24,0.14735040004199146,0.1758981127487646,0.49256052135282075,0.005562386724111972,0.23459793640950397
RShape,3,fast,12,24,0.1559659102770965,0.18326107862779314,0.571808723844819,0.005795224149230311,0.2561539235174246
RShape,4,fast,12,24,0.15574658027284963,0.1926952650169427,0.9099894092604608,0.006093559317833033,0.24903253386799618
RShape,5,fast,12,24,0.20658488679419773,0.24199371834748667,0.7794713818322782,0.007652513294313359,0.31546306345014263
RShape,6,fast,12,24,0.16412864696056706,0.18121679946916355,0.5472878794590432,0.005730578366085489,0.2572946447299448
Saeghe,0,fast,12,24,0.09860985841698244,0.11624850303336119,0.3158757521408215,0.0036761004417041414,0.18398773374993171
Saeghe,1,fast,12,24,0.14027293370611998,0.15475129288082123,0.30417323804353447,0.004893665563591949,0.260492890108637
Saeghe,2,fast,12,24,0.11435445025000596,0.12372608928016054,0.34943153539725696,0.003912562481106501,0.20856190907091496
Saeghe,3,fast,12,24,0.14846437198137244,0.1776158837151117,0.47634182223076244,0.005616707411633624,0.2752771518783541
Saeghe,4,fast,12,24,0.11254983912481643,0.12667724099082242,0.2827649072283013,0.004005886092370439,0.20280416541885857
Saeghe,5,fast,12,24,0.12148247949946063,0.13569543414089835,0.3018135623127223,0.004291066399706124,0.21367741792352057
Saeghe,6,fast,12,24,0.13753707725230166,0.16570914423381172,0.47753093134505287,0.005240183248962026,0.23575654921084677
Sharpc,0,fast,12,24,0.15516671347009353,0.17850509808775303,1.03980952693925,0.005644826839090666,0.28931734373343815
Sharpc,1,fast,12,24,0.11102153637964524,0.1334682941501563,0.5777194663808435,0.0042206380493182115,0.20909726054918465
Sharpc,2,fast,12,24,0.22005697627333792,0.25524982033371435,1.1651274002625303,0.008071708046032976,0.3693630572778871
Sharpc,3,fast,12,24,0.11932121753892684,0.14429579704400683,0.36995869181353,0.004563033754484533,0.20302287384792161
Sharpc,4,fast,12,24,0.13923901229420893,0.1588423205140755,0.34977919360294196,0.005023035216509664,0.23769440258380944
Sharpc,5,fast,12,24,0.24803437605184375,0.2887846345975123,0.7013576534116399,0.009132171985876016,0.42547497717646393
Sharpc,6,fast,12,24,0.27310441844511696,0.3305754428018068,0.965652203655896,0.010453713377724234,0.4400517957390653
Sine,0,fast,12,24,0.15989142040216722,0.1979431093898672,0.5261968058336232,0.0062595107280784285,0.319772879297006
Sine,1,fast,12,24,0.15520418905457548,0.17186673318540865,0.5549202581167196,0.005434903308783373,0.3006406282647209
Sine,2,fast,12,24,0.1734484925064493,0.2090624620297287,0.9003840551012259,0.006611135532564111,0.32918170084058357
Sine,3,fast,12,24,0.1374042663858384,0.1528895229082858,0.35835194012087973,0.0048347912276667385,0.24333607313915284
Sine,4,fast,12,24,0.1902184508276582,0.21443237704588713,0.46709506164474784,0.006780947155490117,0.36870286948047126
Sine,5,fast,12,24,0.18720100309830223,0.22895608871534642,1.368824528649123,0.007240227245040695,0.35696553695368655
Sine,6,fast,12,24,0.18433766880011268,0.2140851632800023,0.6139384839834874,0.00676996729213851,0.3394201096528366
Snake,0,fast,12,24,0.3476942489628637,0.3884843651206227,1.3740273160302345,0.01228495429145641,0.6122338597388498
Snake,1,fast,12,24,0.21606526058259481,0.24711400004592243,0.6952286987424319,0.007814430818600684,0.3774440765033863
Snake,2,fast,12,24,0.2203463757875826,0.2503208664838393,0.5628317344780904,0.007915840839558366,0.3711332131281351
Snake,3,fast,12,24,0.22301013152598084,0.2624588911357021,0.6698818005848296,0.008299678881509953,0.3867459553125437
Snake,4,fast,12,24,0.2193373612423451,0.2586446527814562,1.196918319108183,0.008179062074128062,0.3667290815829658
Snake,5,fast,12,24,0.1782919419679388,0.20325864930581822,0.6289686328729039,0.006427602859357879,0.30914253452688095
Snake,6,fast,12,24,0.23845248572376884,0.2772105670835235,1.0496880029151205,0.008766167834508343,0.3969772343058632
Spoon,0,fast,12,24,0.11500420202279284,0.1260983360408136,0.346066252162913,0.0039875795104627005,0.2263516660040374
Spoon,1,fast,12,24,0.1015567053297203,0.11933957763163246,0.5806208276240415,0.0037738488031844137,0.1905343692380725
Spoon,2,fast,12,24,0.16486066910236047,0.19228090102562456,0.5089024081150623,0.006080455977903797,0.31285837993149557
Spoon,3,fast,12,24,0.14200094906875932,0.16842433862663006,0.5440583599118477,0.005326045234676266,0.2616950107388083
Spoon,4,fast,12,24,0.11230435354915923,0.12827708741380983,0.42090957884461205,0.004056477678401572,0.2148357462124407
Spoon,5,fast,12,24,0.30120584354159885,0.38866152577315066,1.387637729428721,0.01229055660319391,0.5706832371344709
Spoon,6,fast,12,24,0.17130448823631167,0.21455228856269348,0.9894214596757818,0.006784739090598053,0.32645083812417175
Sshape,0,fast,12,24,0.3565795207863165,0.42271636564439957,1.6410450662087313,0.01336746519664853,0.6084112578387496
Sshape,1,fast,12,24,0.32569581912500045,0.37674362983161125,1.049224840539128,0.011913679642272497,0.5461051231531996
Sshape,2,fast,12,24,0.17781266883882604,0.21755334561233206,1.033055413702711,0.006879640847247682,0.2760004404553687
Sshape,3,fast,12,24,0.24547020553020193,0.28439696152416366,0.770974400247829,0.008993421580476288,0.3729460453183111
Sshape,4,fast,12,24,0.2013657174515775,0.2425523045944644,0.8050437599166013,0.007670177342414308,0.3054684280539678
Sshape,5,fast,12,24,0.21889524555344694,0.24669781085082104,0.4671293711747538,0.007801269760659958,0.33421733373887713
Sshape,6,fast,12,24,0.32035482083245864,0.3745453898329224,0.9799773303825421,0.011844165189877073,0.48042971964027575
Trapezoid,0,fast,12,24,0.1577848762194363,0.18619126769161878,0.8063855354465006,0.005887884863396367,0.3218221734031961
Trapezoid,1,fast,12,24,0.11497001742563705,0.13425815704456592,0.3967206703814217,0.004245615707174088,0.20941187701856054
Trapezoid,2,fast,12,24,0.11195575351506275,0.14055191442140075,0.6497354229054185,0.004444641790686934,0.22240071604043346
Trapezoid,3,fast,12,24,0.12699486920786118,0.1481106970463037,0.33649294510030736,0.00468367148501493,0.23012579806531258
Trapezoid,4,fast,12,24,0.1374144656918719,0.1514170515225904,0.28812342213210435,0.00478822759398452,0.25115822751746003
Trapezoid,5,fast,12,24,0.13474441378791305,0.16393963647024618,0.8060455498188803,0.0051842265002598475,0.24089326746049508
Trapezoid,6,fast,12,24,0.18183676934210552,0.20890986776212322,0.4997151666010386,0.006606310078128926,0.33355260834160916
WShape,0,fast,12,24,0.15319219119627048,0.17463586945420048,0.7006910525987012,0.005522471086390997,0.31106244886683404
WShape,1,fast,12,24,0.3009249537828309,0.3360198357617115,0.7210650277790288,0.010625880200027084,0.5717051472210221
WShape,2,fast,12,24,0.2078294161828724,0.24926808749693824,1.0492606420790518,0.007882549044844648,0.4045717186742831
WShape,3,fast,12,24,0.20315215762748515,0.26311683754690474,1.3232433528013763,0.008320484973887295,0.3754388792725147
WShape,4,fast,12,24,0.22562191358758218,0.26309023610645343,0.6223526162268951,0.008319643762478622,0.39788476875354145
WShape,5,fast,12,24,0.28890765768015014,0.3394162172668434,1.1794649757699893,0.01073328321361796,0.5321992009622845
WShape,6,fast,12,24,0.2573883539701852,0.30040644052300136,0.825019017724762,0.00949968575836588,0.4919550976580732
Worm,0,fast,12,24,0.09825917176087032,0.11045084663275574,0.303387830722513,0.0034927624485344734,0.1992950248733115
Worm,1,fast,12,24,0.08579894271622132,0.10445581301085559,0.551182685169973,0.003303182839589541,0.17298398992469136
Worm,2,fast,12,24,0.11500423796789486,0.14051330969126663,0.7099371478575635,0.004443421001930135,0.23033306959561214
Worm,3,fast,12,24,0.11622937243079973,0.1321418009868452,0.5067319593608554,0.004178690652351165,0.22969471794014693
Worm,4,fast,12,24,0.11683192369177384,0.1328140055924892,0.2578329098894104,0.004199947628426068,0.22851420073243656
Worm,5,fast,12,24,0.09176264100594639,0.10408216619128625,0.4275592868886639,0.003291367089686371,0.17554789450358319
Worm,6,fast,12,24,0.13171339097271276,0.14948295755305976,0.33418773135559593,0.004727066172459391,0.25763951099070853
Zshape,0,fast,12,24,0.205505575866125,0.2367369776323075,1.135601892794646,0.007486280557024273,0.36545169222246265
Zshape,1,fast,12,24,0.18127517976740973,0.20407873489358805,0.4366023159908962,0.006453536242694186,0.2995566600240621
Zshape,2,fast,12,24,0.3086753916900496,0.3771665317639761,1.4471715530078435,0.01192705297560409,0.547457768342326
Zshape,3,fast,12,24,0.2205754061180324,0.24404048129208022,0.9793179435035747,0.0077172376216668465,0.3542994402246443
Zshape,4,fast,12,24,0.3288760366658693,0.36817403630143913,0.9067776778209667,0.01164268530050063,0.5438304442219397
Zshape,5,fast,12,24,0.22680456128770082,0.2696357774709599,0.766306140003982,0.008526631954785488,0.34112098718215333
Zshape,6,fast,12,24,0.5515125882071663,0.6642325617622031,1.7195925444849058,0.02100487791217028,0.8695302064553171
heee,0,fast,12,24,0.2406241030068508,0.2926519382464475,0.9151457778554367,0.00925446686521717,0.4447327083226515
heee,1,fast,12,24,0.24824840808855447,0.2766724998675398,0.5918440716654526,0.008749152655140598,0.41818803383395764
heee,2,fast,12,24,0.2542703454593668,0.2908609593553769,1.206655819539959,0.009197831139846515,0.4471577340880947
heee,3,fast,12,24,0.19146298506383738,0.20606970019184342,0.40822517833573313,0.006516496093542621,0.3256866254231953
heee,4,fast,12,24,0.23368246147394076,0.272652054586638,0.9720035790613304,0.008622015012183347,0.38494440004318475
heee,5,fast,12,24,0.2476315896112454,0.29931820986435886,0.739780569769572,0.009465272883356527,0.41043434517349964
heee,6,fast,12,24,0.30739396353195203,0.3677782256303691,0.9049720484276709,0.011630168668072817,0.4864603891358987
Angle,0,fast,17,34,0.0652621164275209,0.0755530111633267,0.38609772189006947,0.002389195993602402,0.11093273764835047
Angle,1,fast,17,34,0.06972039383284467,0.08144733911751699,0.36890554889565175,0.0025755910097148217,0.11687047149778369
Angle,2,fast,17,34,0.05515486650878941,0.06405585359313364,0.23603897378147273,0.0020256239482058292,0.09200969339495191
Angle,3,fast,17,34,0.09968647695334562,0.11136976841174508,0.389012645830905,0.0035218213066658746,0.15795641005528382
Angle,4,fast,17,34,0.08385236203412628,0.10044644947369873,0.3847189150268416,0.003176395632139094,0.13275569208539853
Angle,5,fast,17,34,0.1085401625940307,0.1270081151213835,0.5142318880256322,0.004016349251084447,0.17568117956369067
Angle,6,fast,17,34,0.10482658088280275,0.11627670467892301,0.24993627665979737,0.003676992256041543,0.1659723049397237
BendedLine,0,fast,17,34,0.06870842699188966,0.07742393173462582,0.17641080568104453,0.0024483596968680886,0.1600823365213433
BendedLine,1,fast,17,34,0.049860762853259716,0.05691849348214235,0.36790884717418293,0.0017999208038901827,0.11184041466207766
BendedLine,2,fast,17,34,0.0680753067584555,0.07889233497551754,0.2993296917050769,0.0024947946845159962,0.14465752610158436
BendedLine,3,fast,17,34,0.06392755633757612,0.07176568548975046,0.3221338058318032,0.0022694302399090785,0.1322626291886621
BendedLine,4,fast,17,34,0.05521011021528086,0.06357356220048005,0.14094319916204925,0.002010372555239029,0.10800666749160116
BendedLine,5,fast,17,34,0.09087191406838249,0.1041805931270154,0.309365283345053,0.0032944796226865225,0.16754265747156982
BendedLine,6,fast,17,34,0.10730811082331479,0.1270677658511465,0.32147494875162547,0.004018235572785871,0.2076638482396601
CShape,0,fast,17,34,0.11808285293723944,0.13596284842708192,0.6361569618573983,0.004299522781938207,0.2213487121309172
CShape,1,fast,17,34,0.08450514833430527,0.09157996780593627,0.15899339202383495,0.0028960128631165165,0.1383405511954865
CShape,2,fast,17,34,0.09501896881206877,0.10939650081815315,0.2532480077191328,0.003459421106378375,0.14942186635309299
CShape,3,fast,17,34,0.08414764055160076,0.09927984596877999,0.24802899405454623,0.003139504390120307,0.14559982406725738
CShape,4,fast,17,34,0.09953579016783584,0.11427542101092714,0.3005367025931046,0.0036137061096919113,0.14537091100190497
CShape,5,fast,17,34,0.11206432647528149,0.1251832647255484,0.3567045895364935,0.003958642414685459,0.17628589964548344
CShape,6,fast,17,34,0.1178458923689677,0.13181283468442373,0.30564514556660327,0.004168287824460209,0.17833555574733345
DoubleBendedLine,0,fast,17,34,0.0794991252814556,0.08893607714058137,0.21959020292881193,0.0028124056992467213,0.17807273866082332
DoubleBendedLine,1,fast,17,34,0.060249319452751804,0.06954097539007656,0.15221036751237477,0.002199078729423581,0.12321761016720535
DoubleBendedLine,2,fast,17,34,0.07301905835794328,0.08183242412703468,0.2757020794632663,0.0025877684669434564,0.14827200156916426
DoubleBendedLine,3,fast,17,34,0.07779386387603004,0.08993314796271407,0.38999397827721305,0.002843935847111081,0.14810386319439925
DoubleBendedLine,4,fast,17,34,0.07162122285784107,0.08117171409622026,0.17834260509363714,0.0025668749812405205,0.1405500138342436
DoubleBendedLine,5,fast,17,34,0.0757826784539911,0.08566708511184451,0.2353780304432449,0.0027090310946092907,0.13857569331456318
DoubleBendedLine,6,fast,17,34,0.0768495086197928,0.08745149371134099,0.1856335511341664,0.0027654590491172915,0.1409847760229061
GShape,0,fast,17,34,0.12850251452778833,0.14962255443495853,0.36698484194797865,0.0047314806134699655,0.2625571405170173
GShape,1,fast,17,34,0.12959467823012033,0.16494283192428433,1.1278126744130315,0.005215950325990721,0.22088783166480547
GShape,2,fast,17,34,0.11762289957527676,0.13419469150975075,0.5032725092029043,0.004243608750744722,0.1765337701372238
GShape,3,fast,17,34,0.11158190870549076,0.1266650757501416,0.36972294978161196,0.0040055013936820824,0.16995132724796128
GShape,4,fast,17,34,0.12315471563363495,0.13749950952438705,0.33399627620242445,0.004348116272530784,0.20885395290252232
GShape,5,fast,17,34,0.12695743697475628,0.14939956488057732,0.7448198314328555,0.00472442906460726,0.20427279809691873
GShape,6,fast,17,34,0.19893870795852647,0.23439857543610126,0.6333249695935499,0.007412333786768755,0.329450176534557
JShape,0,fast,17,34,0.09511718719670778,0.13978375316867403,1.094350668625526,0.004420350398997887,0.19607494179909454
JShape,1,fast,17,34,0.11316556793826431,0.13795123352054925,0.7995079657255724,0.004362401039547041,0.21241076663048247
JShape,2,fast,17,34,0.05945727200059548,0.06713802123805979,0.21332836667217758,0.002123090647090266,0.11378751236076215
JShape,3,fast,17,34,0.06042858922384809,0.07398261767071003,0.4118903256249766,0.0023395357910086473,0.11044598374396024
JShape,4,fast,17,34,0.10381773847268468,0.12434190867247978,0.43008936612938437,0.003932036400176797,0.1813730288067608
JShape,5,fast,17,34,0.0914297538754424,0.11455520366515645,0.9928486093446898,0.003622553614063631,0.1556380833461371
JShape,6,fast,17,34,0.11003801533045535,0.12589485251929297,0.3994725198929529,0.00398114479651953,0.19628014874748678
JShape_2,0,fast,17,34,0.10907510836851649,0.13103558228100867,0.647713949508802,0.004143708945343892,0.24569810178888965
JShape_2,1,fast,17,34,0.08293626127859122,0.10061459436748822,0.6391144577449747,0.0031817128405521125,0.1792530459414426
JShape_2,2,fast,17,34,0.13736944672048668,0.16109538797758657,0.8958481085840153,0.0050942834655767965,0.260977385385567
JShape_2,3,fast,17,34,0.13604643073394868,0.1753188443035532,0.9947335793656015,0.005544068647476647,0.24827516930510504
JShape_2,4,fast,17,34,0.12615322815978144,0.14920462437410498,0.7862847120818532,0.004718264504520466,0.2295606681726254
JShape_2,5,fast,17,34,0.10010836727067511,0.11362296384729323,0.24788037587761722,0.0035930736025641483,0.18391848418797255
JShape_2,6,fast,17,34,0.1503590446744304,0.1676769690176305,0.7142493026727768,0.0053024113324919835,0.25292877845956674
Khamesh,0,fast,17,34,0.08831354931857986,0.10358424734835914,0.5899106553709175,0.003275621513350718,0.16040528775221444
Khamesh,1,fast,17,34,0.05043510502825984,0.06236812574310319,0.5910924395427672,0.001972253307439876,0.08813360527525621
Khamesh,2,fast,17,34,0.06853643323819726,0.07581975028429791,0.21227469907581206,0.0023976310252358042,0.11509566347495319
Khamesh,3,fast,17,34,0.08273382409357331,0.100459545397312,0.5537896480033416,0.0031768097616059086,0.13217438470184176
Khamesh,4,fast,17,34,0.09160915467100136,0.10735174792100305,0.4380974564118872,0.003394760342306152,0.14801794749359556
Khamesh,5,fast,17,34,0.09328318799657538,0.10689510993320006,0.412164219637668,0.003380320181230016,0.1609391916903658
Khamesh,6,fast,17,34,0.10153513906699517,0.1101858116260968,0.22247340767758852,0.003484381305727272,0.16432060296461048
LShape,0,fast,17,34,0.09088570363311849,0.10148343418906654,0.19568277825815397,0.0032091879681325304,0.15999910334837125
LShape,1,fast,17,34,0.08593342715471801,0.09878785328566796,0.19884712103774477,0.0031239462154125917,0.15034090264873007
LShape,2,fast,17,34,0.06649893677226322,0.0728630290277983,0.14862907482953314,0.002304131289468067,0.11070940848835943
LShape,3,fast,17,34,0.05859438140078461,0.0662779276666233,0.24225131826273347,0.0020958921002241864,0.10241641124273365
LShape,4,fast,17,34,0.09326429109765096,0.1030409183226153,0.4062471508389032,0.0032584399409484105,0.1558920168292558
LShape,5,fast,17,34,0.09662445260426324,0.12087065086602622,0.8089384947305539,0.003822265590036465,0.15658448795936605
LShape,6,fast,17,34,0.10764704889251796,0.1252180471031399,0.2951635075402259,0.003959742330041712,0.1746738859463352
Leaf_1,0,fast,17,34,0.07945965655467438,0.10100526317993304,0.6787109517841764,0.0031940668731332998,0.17168809823069917
Leaf_1,1,fast,17,34,0.1036085798367985,0.12598681609712387,0.671797768629621,0.003984052940196768,0.19573262691113522
Leaf_1,2,fast,17,34,0.08356657327681008,0.09487698523278357,0.4512275695360146,0.0030002737086575674,0.15747255453504388
Leaf_1,3,fast,17,34,0.1020498330028486,0.11845037299157848,0.3039036953439205,0.0037457296834988063,0.1960740681053897
Leaf_1,4,fast,17,34,0.10189054285897754,0.11208837657328155,0.39026659407226627,0.0035445456920222894,0.1782329969516399
Leaf_1,5,fast,17,34,0.08056064398165948,0.09105230782482829,0.33047255919931434,0.00287932678941229,0.15608554602487457
Leaf_1,6,fast,17,34,0.08679654626535872,0.09812533159405322,0.2537622731987081,0.00310299543996489,0.1525999858287554
Leaf_2,0,fast,17,34,0.08775110701399623,0.09635257490452007,0.2109017418538962,0.0030469359512026424,0.15650589023014527
Leaf_2,1,fast,17,34,0.12831509798959398,0.1492492881330667,0.8342714006732017,0.004719676896592304,0.21888330298627845
Leaf_2,2,fast,17,34,0.0911780938586655,0.10672414987773395,0.2963070413135836,0.003374913949588199,0.15128781019000928
Leaf_2,3,fast,17,34,0.07075522318718398,0.07946593291981666,0.18033593006326856,0.002512933444167752,0.12390306830882376
Leaf_2,4,fast,17,34,0.10662094545997625,0.12073731949838835,0.25419343071257977,0.003818049281983655,0.18089876779616532
Leaf_2,5,fast,17,34,0.1407420776966303,0.16121018130639295,0.7724651615549608,0.005097913549369006,0.24468480715795152
Leaf_2,6,fast,17,34,0.138824487916637,0.1664451674835473,0.8806391331421628,0.005263458347762058,0.23545417589256248
Line,0,fast,17,34,0.04085170003082654,0.055135976553065555,0.37141185968565577,0.0017435526692532676,0.07981550754046533
Line,1,fast,17,34,0.03509665251892197,0.039970704515253946,0.16493093859852093,0.0012639846594977892,0.06527045975225715
Line,2,fast,17,34,0.07179659823700828,0.0808113404734169,0.18751363729013226,0.00255547896667347,0.1315908786828981
Line,3,fast,17,34,0.04159912443467773,0.0493791371369308,0.16980917133041354,0.0015615054224650704,0.07857714445370349
Line,4,fast,17,34,0.05786260145431316,0.07054419864751284,0.19636555599053335,0.0022308034343751022,0.10635668410486888
Line,5,fast,17,34,0.07209537377322393,0.08517931060861636,0.1929134542039361,0.0026936063104617096,0.131726740153116
Line,6,fast,17,34,0.059073091732203716,0.07703356341504984,0.19260863233023862,0.0024360151667057626,0.12055211615960958
Multi_Models_1,0,fast,17,34,0.07700415529986551,0.10213337875666278,0.33451022205963493,0.003229741019997105,0.26535696200800035
Multi_Models_1,1,fast,17,34,0.03617533640580243,0.04264195284268113,0.2004470788106499,0.0013484569486036406,0.1161368370643609
Multi_Models_1,2,fast,17,34,0.06419871523038316,0.07441929506932123,0.2236796289096222,0.0023533447428319334,0.21502013217816895
Multi_Models_1,3,fast,17,34,0.039518974758399564,0.04664434877141219,0.17995341162570147,0.001475023820929392,0.1838915591190373
Multi_Models_1,4,fast,17,34,0.043180293413714085,0.049351036688970916,0.1913455334059935,0.0015606168082768278,0.1893066464447936
Multi_Models_1,5,fast,17,34,0.03982917704361278,0.052800382346091274,0.1489335737215477,0.001669694695413933,0.2904103307623171
Multi_Models_1,6,fast,17,34,0.038526688360219524,0.04864692430777646,0.11592460160997015,0.0015383508197438364,0.28854119373246884
Multi_Models_2,0,fast,17,34,0.0378378627904378,0.04249846693547664,0.15689111457293528,0.001343919525814623,0.11415080474321389
Multi_Models_2,1,fast,17,34,0.07588399823652904,0.09818558218340905,0.3456186271548176,0.0031049007308922086,0.21502328245175503
Multi_Models_2,2,fast,17,34,0.05026379608883134,0.06257205619541115,0.2983831005736343,0.001978702154575491,0.15173982557650975
Multi_Models_2,3,fast,17,34,0.06078319166641837,0.0740571428497968,0.24837833655628241,0.0023418924840981083,0.17377062225086307
Multi_Models_2,4,fast,17,34,0.046600013925887425,0.05604034468346955,0.43909824783371804,0.0017721513006067155,0.1989867568864226
Multi_Models_2,5,fast,17,34,0.035883523582829265,0.04426723387048609,0.15873411958091282,0.001399852847460872,0.15348699614767958
Multi_Models_2,6,fast,17,34,0.053612614034156895,0.06523540907230528,0.1675633000628421,0.0020629247676129656,0.21230804839250536
Multi_Models_3,0,fast,17,34,0.07954639011142955,0.09237989857028625,0.5318199728759776,0.0029213088949743703,0.24335020997026827
Multi_Models_3,1,fast,17,34,0.0900233454818777,0.10699553291705888,0.5801994723686948,0.0033834958348142575,0.2595619672379084
Multi_Models_3,2,fast,17,34,0.09289312026929503,0.10682889986479577,0.4756483422702275,0.0033782264350280845,0.24803363109764057
Multi_Models_3,3,fast,17,34,0.09427361375058285,0.10531968665144892,0.2641584197412937,0.0033305009227381074,0.2623564973559307
Multi_Models_3,4,fast,17,34,0.09043154833824632,0.10757873129357472,0.6660345095956299,0.0034019381867892826,0.3051530072083259
Multi_Models_3,5,fast,17,34,0.03882605580132398,0.043309756326886675,0.1003485852092117,0.0013695747489984983,0.11573001230812552
Multi_Models_3,6,fast,17,34,0.041116541579431995,0.05029612456825954,0.18534487592387502,0.0015905031111525312,0.12773787173362833
Multi_Models_4,0,fast,17,34,0.09089839748314202,0.10532896320436377,0.29008548124466504,0.0033307942730985674,0.21640905675588404
Multi_Models_4,1,fast,17,34,0.06815585860944808,0.07993823126541923,0.1668165663773565,0.0025278688292400867,0.15970757593102697
Multi_Models_4,2,fast,17,34,0.1977719860493234,0.25792159642559803,0.7872996696925265,0.00815619702451633,0.4264980324845695
Multi_Models_4,3,fast,17,34,0.0702156579326258,0.09037140581680754,0.45316650688165006,0.0028577947773250124,0.1503686389191289
Multi_Models_4,4,fast,17,34,0.05346956707690077,0.06335534134154662,0.28195948613343413,0.00200347180576715,0.20703570480273162
Multi_Models_4,5,fast,17,34,0.048259608798453736,0.055665780618293775,0.2035128983667371,0.0017603065448506437,0.18587583198734195
Multi_Models_4,6,fast,17,34,0.07590019644875136,0.09312556468145144,0.6846040144252019,0.0029448889278271937,0.2715695102294774
NShape,0,fast,17,34,0.1293598127883194,0.14849456558781293,0.5548049484153803,0.00469581047414749,0.2124378868430669
NShape,1,fast,17,34,0.15205580468267352,0.1651025457594318,0.35065814819231594,0.005221000920919787,0.2410793346762428
NShape,2,fast,17,34,0.16506055350457163,0.1940465621310424,1.0661311314080675,0.006136291084594708,0.2581339190909422
NShape,3,fast,17,34,0.15378987997762528,0.18103911805808326,0.40816651580696967,0.005724959586516626,0.22936150768237
NShape,4,fast,17,34,0.1628150754350313,0.18847942970296652,1.0135096542141062,0.005960242899509674,0.2552858273670678
NShape,5,fast,17,34,0.18067261366221413,0.24883982094809307,0.9471614885773804,0.007869006067444543,0.27544225553419094
NShape,6,fast,17,34,0.1902292168260252,0.21136963833420908,0.49147598150298116,0.006684094853421393,0.27768806625832976
PShape,0,fast,17,34,0.06458340943829569,0.08388011261398147,0.39423635938392165,0.002652522062516015,0.11482231966404387
PShape,1,fast,17,34,0.09580667952022132,0.11032982163551676,0.37911167744056956,0.003488935302083566,0.1526004346522348
PShape,2,fast,17,34,0.12593067088446716,0.1450031389011812,0.377534377959923,0.004585401868014977,0.1976259011883375
PShape,3,fast,17,34,0.07069098854959759,0.08053356432185532,0.33386880059803864,0.002546694913487363,0.11058181949322493
PShape,4,fast,17,34,0.1110619286222873,0.12908437158714128,0.6019727324891904,0.004082006245468908,0.18932768584095452
PShape,5,fast,17,34,0.13073660713556426,0.14670263657639845,0.46437582010908746,0.0046391447033334535,0.20818060564640942
PShape,6,fast,17,34,0.1033218873087016,0.11853099580926857,0.28648803532179845,0.0037482792008516176,0.1591548624596037
RShape,0,fast,17,34,0.06287395946421333,0.07821171035149695,0.5227059719637042,0.0024732714440809877,0.10082656258309296
RShape,1,fast,17,34,0.08631001643847105,0.09621603699089133,0.3208405900063924,0.0030426182432623005,0.13675198441495112
RShape,2,fast,17,34,0.10830867883501571,0.13256454632410283,0.42597248402719423,0.004192059033710666,0.1724392505394857
RShape,3,fast,17,34,0.11779041046636632,0.1344778412010066,0.525413463420956,0.004252562730176141,0.1934555810310201
RShape,4,fast,17,34,0.08339269326726344,0.10195229514098547,0.5149492397339082,0.003224014653272316,0.13334157112176073
RShape,5,fast,17,34,0.10549009628725597,0.13236209311400313,0.6937296114064017,0.00418565690107539,0.1610874321681646
RShape,6,fast,17,34,0.08693331654708336,0.1025546087288583,0.5451799833251261,0.003243061481305777,0.13628015103025598
Saeghe,0,fast,17,34,0.07009772348346037,0.08040892563728151,0.27079557314199804,0.002542753492209158,0.1307893702697997
Saeghe,1,fast,17,34,0.05656658069528488,0.06225731739754947,0.1306460238278324,0.001968749239882829,0.10504658097298573
Saeghe,2,fast,17,34,0.0596312692698987,0.06807286084599151,0.16105840351268808,0.0021526528711702975,0.10875668880451998
Saeghe,3,fast,17,34,0.10548289463859163,0.12306909535989229,0.2659354447592977,0.003891786509137193,0.1955824850128975
Saeghe,4,fast,17,34,0.0794908367140806,0.09394101647428633,0.22195514958708765,0.002970675777701454,0.14323496971299798
Saeghe,5,fast,17,34,0.07317250249117743,0.0868077814214773,0.4310781939516311,0.0027451030791791737,0.12870424986169787
Saeghe,6,fast,17,34,0.06494794924009764,0.07390066621186618,0.3203317407618394,0.0023369442583334463,0.11132928441599857
Sharpc,0,fast,17,34,0.09156497131484424,0.11587634578778948,0.9269149254952048,0.0036643317962667295,0.170728203797041
Sharpc,1,fast,17,34,0.07663923242158546,0.09121771583737578,0.4329258600230335,0.0028845574500412077,0.14434184638867797
Sharpc,2,fast,17,34,0.11594822413600915,0.1410955028270335,0.7549608292441184,0.004461831565401524,0.1946177361794776
Sharpc,3,fast,17,34,0.08847208821324255,0.10198856615632737,0.2988071551469761,0.0032251616434875886,0.1505336433440225
Sharpc,4,fast,17,34,0.07150132014731622,0.0830288848721213,0.2464755798381859,0.002625603877798015,0.12205963900734222
Sharpc,5,fast,17,34,0.10587111318850775,0.12120131600408868,0.27715266177532616,0.0038327221398273795,0.18160994530093613
Sharpc,6,fast,17,34,0.11981650659152654,0.14280557056337442,0.40313413503880374,0.004515908655401581,0.1930597431743072
Sine,0,fast,17,34,0.05383138351870617,0.06427140874756791,0.38933632556868114,0.002032440400699846,0.10765941325069837
Sine,1,fast,17,34,0.07256380364061982,0.08383693851880493,0.4286342151254088,0.002651156777749267,0.14056081635865258
Sine,2,fast,17,34,0.09901356167498956,0.1171312795720267,0.6617979042346067,0.003704016286975569,0.18791430336153062
Sine,3,fast,17,34,0.08380706211652476,0.0900881177600129,0.16463972893931705,0.0028488364223910705,0.1484181090818446
Sine,4,fast,17,34,0.09289639432697659,0.10434358826283807,0.21816736458636135,0.003299633981453803,0.18006227578721
Sine,5,fast,17,34,0.09965070610968689,0.1195386899346665,0.9365428313064207,0.003780145287061906,0.19001964319378697
Sine,6,fast,17,34,0.09512545196203123,0.11259891059091459,0.519715864515776,0.003560690195209459,0.17515406127186814
Snake,0,fast,17,34,0.11958349649560555,0.14283958202504934,0.6745575855145247,0.0045169841922560235,0.21056737590270436
Snake,1,fast,17,34,0.12364440451704863,0.13606374728553963,0.39616104958842574,0.00430271348399858,0.21599422300425075
Snake,2,fast,17,34,0.12072430222930229,0.13719373966758938,0.3340829872768864,0.004338446980657743,0.20333803099264758
Snake,3,fast,17,34,0.13967358569729357,0.1703603423932157,0.4823740071310342,0.005387267049287021,0.2422230504183846
Snake,4,fast,17,34,0.09440389018637296,0.13110003398500272,0.8792099077084845,0.004145747087180894,0.15784201902408898
Snake,5,fast,17,34,0.08745647277397933,0.0996421092022958,0.35439711042308464,0.0031509601594247806,0.15164182607305354
Snake,6,fast,17,34,0.13901289152721147,0.15411074004287917,0.48095135352676655,0.004873409504296133,0.23142955731340717
Spoon,0,fast,17,34,0.05063604408206902,0.057581877059901095,0.16261297394378144,0.001820898834570873,0.09966203613637198
Spoon,1,fast,17,34,0.06541003532164376,0.08422449095787256,0.5300443648912282,0.002663412261951341,0.12271823688437647
Spoon,2,fast,17,34,0.05598704783676182,0.06287476435786932,0.21355036701313082,0.001988274627172412,0.10624739774943477
Spoon,3,fast,17,34,0.06068075498574027,0.07022371204566243,0.28701707762676126,0.002220668758160954,0.11182918798622252
Spoon,4,fast,17,34,0.0849111548003601,0.0953818601212047,0.31212510516462294,0.003016239254465908,0.16243316244468065
Spoon,5,fast,17,34,0.13840491789130044,0.1845691400558465,0.622624731300339,0.005836588683550922,0.2622305253072871
Spoon,6,fast,17,34,0.07476535636430438,0.08825389622170382,0.4500312643120334,0.0027908332444471252,0.1424785392319097
Sshape,0,fast,17,34,0.16335771542239194,0.19881500817512415,0.7831975982037956,0.0062870825885838885,0.2787279339504232
Sshape,1,fast,17,34,0.1613920868085529,0.21035145692890006,0.8426362336658443,0.006651897130301318,0.27061153465009663
Sshape,2,fast,17,34,0.12712579163719653,0.1431707550704552,0.610996706380644,0.004527456803487392,0.1973243791583108
Sshape,3,fast,17,34,0.15936147174155924,0.19312142978453523,0.4625055273368149,0.0061070358310741195,0.24211993685240882
Sshape,4,fast,17,34,0.12971745440018614,0.15606607724918117,0.583949412765116,0.004935242695951981,0.19677921042501018
Sshape,5,fast,17,34,0.0986228436118492,0.10927525464181352,0.30318231498103665,0.003455586965630179,0.15058099482407625
Sshape,6,fast,17,34,0.1497392091272125,0.17472713547490978,0.4266153481482943,0.005525357171375211,0.22456089804800083
Trapezoid,0,fast,17,34,0.09088867027560389,0.10221509450149018,0.49009219005972343,0.0032323250987406215,0.1853789165771658
Trapezoid,1,fast,17,34,0.08798726878771033,0.09806930231659665,0.35924714926965146,0.003101223638640727,0.16026421081904027
Trapezoid,2,fast,17,34,0.07528043022489098,0.08952226799158554,0.5024304058593295,0.0028309426815739773,0.14954498594478297
Trapezoid,3,fast,17,34,0.08357872849012833,0.09336199079873059,0.19049315709816209,0.0029523653781167152,0.15145195798102581
Trapezoid,4,fast,17,34,0.08563990497079257,0.09552083755431993,0.2398057811414097,0.003020634106785987,0.15652767435313944
Trapezoid,5,fast,17,34,0.10501009275191657,0.1214629956051671,0.7434911928008814,0.0038409971753934997,0.18773486520305732
Trapezoid,6,fast,17,34,0.11493173427987402,0.1403113305310755,0.41330254829727375,0.0044370338600692154,0.21082523567140724
WShape,0,fast,17,34,0.08921017706214562,0.10365269989733357,0.4961697589813613,0.003277786173014752,0.18114458657518354
WShape,1,fast,17,34,0.13294221346763266,0.14667119641266868,0.3419758076971094,0.004638150478059508,0.2525671160433284
WShape,2,fast,17,34,0.13044742284626837,0.1582450565377368,0.8059004090076514,0.005004148071213671,0.25393584328364704
WShape,3,fast,17,34,0.1296359949261152,0.17169582077628132,1.0125278239964102,0.005429498583851083,0.23957605578417593
WShape,4,fast,17,34,0.12748077911800804,0.14099202495354848,0.35106985280016784,0.00445855930772509,0.22481265012496376
WShape,5,fast,17,34,0.11038007723427054,0.12748698691066318,0.6352149555075558,0.004031492506697688,0.20333205903205845
WShape,6,fast,17,34,0.19838861475173655,0.22238228809658867,0.48521549861186714,0.007032345416649708,0.3791868934199944
Worm,0,fast,17,34,0.04341237519339016,0.04836913682624951,0.11863358836224595,0.0015295664082727652,0.08805152983613536
Worm,1,fast,17,34,0.05989758539690388,0.08219190114318237,0.4646481031069451,0.0025991361283185348,0.12076283204422786
Worm,2,fast,17,34,0.07174339277243809,0.08839178641195251,0.48284972367252443,0.0027951937151289236,0.14368927765159822
Worm,3,fast,17,34,0.04477847144295792,0.05389013074157581,0.2352948024723205,0.001704155565476384,0.08849207521966806
Worm,4,fast,17,34,0.04373503312612875,0.05190699016246671,0.25514890314549865,0.001641443153973483,0.08554233999596152
Worm,5,fast,17,34,0.051481050741416914,0.0652762441157092,0.344644890036089,0.0020642160850680483,0.09848659503928435
Worm,6,fast,17,34,0.059430391659133046,0.06672258341884496,0.16127332654567397,0.0021099533497413456,0.11624950911952035
Zshape,0,fast,17,34,0.10390466135581225,0.13075194206004057,0.9453884343948337,0.004134739454000966,0.18477422893391546
Zshape,1,fast,17,34,0.08850250979525909,0.09838625664182145,0.2403188397737848,0.0031112466144602485,0.1462501169328918
Zshape,2,fast,17,34,0.14170743330167437,0.17019726098233115,0.8435795773573492,0.005382109962262731,0.2513282149513005
Zshape,3,fast,17,34,0.12528950696177651,0.14359574975787828,0.743263244567516,0.004540896315544675,0.20124638083552027
Zshape,4,fast,17,34,0.09032492976238027,0.09882091622148795,0.20322479028599175,0.0031249917572458235,0.14936158673943478
Zshape,5,fast,17,34,0.0825609652416265,0.09678619642922746,0.24906061306125657,0.003060648267808146,0.12417421327876231
Zshape,6,fast,17,34,0.262269326600844,0.3221905356318723,1.3177999453021092,0.01018855933146354,0.4135011721989297
heee,0,fast,17,34,0.1074058121183418,0.1206388051388556,0.26949913779931306,0.003814933984400093,0.1985124395939007
heee,1,fast,17,34,0.11993711628144771,0.13917540183883473,0.3305287383669919,0.004401112640799043,0.20204063835753486
heee,2,fast,17,34,0.14495656969396534,0.17066358447030444,0.7258756124401937,0.005396856405747028,0.2549194288796635
heee,3,fast,17,34,0.12711222507329417,0.14238633143462698,0.3588330900089361,0.004502651150090515,0.21622326435760797
heee,4,fast,17,34,0.1406163788293175,0.16881016528251444,0.7554679701311803,0.005338246144822271,0.23163692834831376
heee,5,fast,17,34,0.1153624161619296,0.12956099781918104,0.2998513249025238,0.004097078490327204,0.19120621003720334
heee,6,fast,17,34,0.11502672448848204,0.13348466903855918,0.430720831367176,0.004221155868756054,0.18203332463904562
Angle,0,fast,22,44,0.03190801995194201,0.04243845126178593,0.3348968346587171,0.0013420216635729018,0.054237346257965585
Angle,1,fast,22,44,0.04447076601376503,0.052694588292861826,0.26909692601737334,0.0016663491937028716,0.07454518120418192
Angle,2,fast,22,44,0.04050960537931535,0.0475981542018087,0.2492935234033682,0.001505185796976293,0.0675783771484122
Angle,3,fast,22,44,0.05139375825807497,0.060980592154939825,0.349462895433335,0.0019283756427540535,0.08143505319677333
Angle,4,fast,22,44,0.062340690110731796,0.07340366398270273,0.36655447394021784,0.0023212276678700717,0.09869825082999278
Angle,5,fast,22,44,0.06394373468460086,0.07333275016664827,0.24149864026570658,0.0023189851761070083,0.10349819335645782
Angle,6,fast,22,44,0.08273444859633057,0.09848294248781438,0.2839663657423081,0.003114304089368627,0.13099375192635715
BendedLine,0,fast,22,44,0.028094128606219022,0.03083389497941457,0.07462755406505717,0.0009750533726938064,0.06545592653933878
BendedLine,1,fast,22,44,0.029723657365586575,0.036755256732170186,0.35638505177649515,0.001162303272578952,0.066671787088861
BendedLine,2,fast,22,44,0.049560885504239864,0.057830319885197594,0.34137794270273936,0.0018287552865335157,0.10531506106737774
BendedLine,3,fast,22,44,0.028899039963739763,0.034737503594417546,0.2218484895586868,0.0010984963158664539,0.05979053831572383
BendedLine,4,fast,22,44,0.0441313618204141,0.049810335445545334,0.10745509322043946,0.0015751411102494118,0.08633348681071384
BendedLine,5,fast,22,44,0.042627229246645214,0.051509179633504695,0.3067798908500816,0.0016288632804863199,0.07859281211198423
BendedLine,6,fast,22,44,0.06731842697832596,0.07763380748888433,0.19117036132937157,0.0024549965509591157,0.13027536778443016
CShape,0,fast,22,44,0.036668055621229635,0.046592049798932555,0.41656210507789765,0.0014733699822061705,0.06873501686496232
CShape,1,fast,22,44,0.04421348271896698,0.05166460111991241,0.11538444723116639,0.0016337781394300923,0.07238041338519229
CShape,2,fast,22,44,0.05169458835186835,0.0575784960608544,0.12158544168858886,0.001820791917993329,0.08129220900269267
CShape,3,fast,22,44,0.05540725200852864,0.06442933312759462,0.1286084265618938,0.0020374344080893894,0.09587061611721563
CShape,4,fast,22,44,0.059921774839834116,0.06759975899186392,0.16183367229103274,0.002137692076927378,0.08751508359585577
CShape,5,fast,22,44,0.04997635671423064,0.05850979548585822,0.16062963713863848,0.0018502421916595014,0.07861669526309992
CShape,6,fast,22,44,0.06815837172570292,0.07777917546680024,0.26321759117742977,0.0024595934900497893,0.10314369772414196
DoubleBendedLine,0,fast,22,44,0.02314868316416223,0.025424601202737877,0.048109786846376096,0.0008039964840210809,0.051851506451676854
DoubleBendedLine,1,fast,22,44,0.04551959220649176,0.04971905253300213,0.08697212716831516,0.001572254491098507,0.09309342277082741
DoubleBendedLine,2,fast,22,44,0.04462725088242614,0.053739976665966985,0.24076622611789678,0.001699407276687574,0.09061979107467848
DoubleBendedLine,3,fast,22,44,0.04499097727355769,0.0536898972682457,0.255447257148269,0.0016978236270810867,0.08565376767663589
DoubleBendedLine,4,fast,22,44,0.02480029155259488,0.02800928119971081,0.08219269448927849,0.0008857312421521969,0.048668274314850976
DoubleBendedLine,5,fast,22,44,0.057203079266915986,0.06382962604117753,0.21158532108974054,0.0020184700048691754,0.10460116389200182
DoubleBendedLine,6,fast,22,44,0.045180440348098316,0.05166971246962477,0.12845689773331306,0.0016339397745001795,0.08288607666454698
GShape,0,fast,22,44,0.052444302156333375,0.05976466847420064,0.21561019891491245,0.0018899247598333409,0.10715452581746708
GShape,1,fast,22,44,0.0773834514313524,0.10053379066410305,0.8402909912184191,0.0031791576030913743,0.13189633268009812
GShape,2,fast,22,44,0.069152690756882,0.07886762198866136,0.4854115231008044,0.0024940131912534825,0.10378748745802803
GShape,3,fast,22,44,0.05700465225124593,0.06740945817985694,0.4280694004701933,0.0021316742368621623,0.0868242569230311
GShape,4,fast,22,44,0.07233564362946908,0.08050353969324972,0.15677282695323014,0.0025457454513644197,0.12267159263885077
GShape,5,fast,22,44,0.07196632330846442,0.08243741964523461,0.46692247943274423,0.002606900105060513,0.11579284035082223
GShape,6,fast,22,44,0.08037783763688182,0.09115737435356915,0.24277324223297672,0.0028826492847789766,0.133108800548042
JShape,0,fast,22,44,0.05262428379642039,0.09155109217427079,0.8157711287181978,0.002895099735467127,0.10847990449153337
JShape,1,fast,22,44,0.060756619681710984,0.0791423705008234,0.5491495191367893,0.002502701502075228,0.11403963590329176
JShape,2,fast,22,44,0.03338354356886059,0.040423531980084186,0.15633048362229987,0.0012783043212572227,0.06388840672760301
JShape,3,fast,22,44,0.03838849533884439,0.04753794288319594,0.3392629469288189,0.001503281747898909,0.07016306663131308
JShape,4,fast,22,44,0.06528745078173995,0.07270146159198355,0.3093235490981195,0.0022990220785391907,0.1140593396230844
JShape,5,fast,22,44,0.07763112285296048,0.0991216304828991,0.937712461182362,0.003134501177155369,0.13214909432331454
JShape,6,fast,22,44,0.056151365831148235,0.0659953772948439,0.2961082934086625,0.0020869570729386837,0.10015991659440551
JShape_2,0,fast,22,44,0.040514437274719414,0.05132067118828429,0.4797493649777774,0.001622902120035584,0.09126115465145683
JShape_2,1,fast,22,44,0.05676396180932362,0.06804829028794511,0.4992760402504722,0.0021518758819022176,0.12268593854075185
JShape_2,2,fast,22,44,0.06774250613331956,0.08387255864360624,0.5881144713253927,0.0026522831849983834,0.12869864844190906
JShape_2,3,fast,22,44,0.08445877350712096,0.10455574798282688,0.5998886357394082,0.003306343060882885,0.15413132250995115
JShape_2,4,fast,22,44,0.08384742730891052,0.09545832935641543,0.5591252653391119,0.0030186574240078793,0.1525769234633471
JShape_2,5,fast,22,44,0.07510397695980686,0.08311760756310374,0.18963572951264515,0.002628409535634453,0.13798057021136093
JShape_2,6,fast,22,44,0.06578962453861692,0.08005752065955324,0.7197361608189596,0.002531641091101737,0.11066902829754197
Khamesh,0,fast,22,44,0.04393422668100784,0.05550924840429105,0.4505416373134604,0.0017553565616162685,0.07979842648511282
Khamesh,1,fast,22,44,0.034783517140459574,0.04381786014489986,0.5247267125264042,0.0013856424025259922,0.060782995654012316
Khamesh,2,fast,22,44,0.04584855862351847,0.05563966433964675,0.1844820626903296,0.0017594806756053214,0.07699511084570333
Khamesh,3,fast,22,44,0.04744191873758488,0.05933341342949443,0.37598164200046263,0.0018762872778962474,0.07579253693293447
Khamesh,4,fast,22,44,0.05620125539040731,0.0643559783458986,0.253927717617328,0.002035114726215151,0.09080745804638188
Khamesh,5,fast,22,44,0.051515037893626776,0.05859495891853092,0.24119700037141406,0.0018529352958655428,0.08887762882635647
Khamesh,6,fast,22,44,0.048928283813929434,0.055244038667837767,0.11926995063556312,0.0017469698933678145,0.07918367150729516
LShape,0,fast,22,44,0.04610120605346341,0.05108360936609531,0.1632798663270463,0.0016154055669917139,0.08115854680080622
LShape,1,fast,22,44,0.044241550102723806,0.04937621377385227,0.17255344288223676,0.0015614129776075126,0.07740078334182134
LShape,2,fast,22,44,0.03183755155931703,0.03552520060417349,0.08795975110796206,0.0011234054824357804,0.05300410310198819
LShape,3,fast,22,44,0.04342128168828465,0.05175715046349932,0.20749689250687375,0.0016367048066469735,0.07589553359487114
LShape,4,fast,22,44,0.04162299569275442,0.04878083760039644,0.24017232506117364,0.0015425855298803535,0.06957317391953396
LShape,5,fast,22,44,0.06868239848016719,0.08812932510436844,0.6649474929691228,0.0027868939598326065,0.11130306985422042
LShape,6,fast,22,44,0.07231893120859262,0.08266862142682807,0.2496479163062205,0.002614211347349754,0.11734858383626878
Leaf_1,0,fast,22,44,0.048015967504647886,0.06111184655257714,0.5718140213825804,0.0019325262712485268,0.10374787034106668
Leaf_1,1,fast,22,44,0.047706412671200786,0.05974811306703494,0.3847210865422535,0.0018894012318909903,0.09012478973603633
Leaf_1,2,fast,22,44,0.04984464433889573,0.0603205702466238,0.43205989753927454,0.0019075039173951586,0.09392707115004781
Leaf_1,3,fast,22,44,0.035339713157494644,0.04124189349585636,0.11984504213104538,0.0013041831846499015,0.06790017308773176
Leaf_1,4,fast,22,44,0.061800599899800385,0.07590241834945047,0.2998461961241796,0.002400245218992217,0.10810528459737341
Leaf_1,5,fast,22,44,0.04799510370319828,0.05733748104771742,0.2371012558830715,0.0018131703540752464,0.0929900953837915
Leaf_1,6,fast,22,44,0.04825141317809934,0.05726730711484253,0.15363480227527535,0.0018109512594726822,0.08483246493108546
Leaf_2,0,fast,22,44,0.03630030474623246,0.04141294371458327,0.1504016131230953,0.0013095922675043718,0.0647423343505915
Leaf_2,1,fast,22,44,0.04442935286504747,0.06508576761284522,0.6060320237514125,0.0020581926891701107,0.07578877043318101
Leaf_2,2,fast,22,44,0.029971708567089944,0.03802341220402679,0.25930685148461236,0.0012024058697616764,0.04973074084874869
Leaf_2,3,fast,22,44,0.046144987267147455,0.050519229879011134,0.21396188194441476,0.0015975583205530782,0.08080683307782704
Leaf_2,4,fast,22,44,0.041130717430740406,0.04555538602168601,0.1446687618472872,0.0014405877951672453,0.06978456315214572
Leaf_2,5,fast,22,44,0.05266226409342168,0.06676846421258845,0.5410112597974704,0.002111404227832204,0.09155510665385402
Leaf_2,6,fast,22,44,0.08442400729968634,0.10528753768932883,0.6090931948304542,0.0033294842832910084,0.14318788682463499
Line,0,fast,22,44,0.022739039561317047,0.03032242281074019,0.23743216084082858,0.0009588792025658378,0.04442723270267094
Line,1,fast,22,44,0.02632783013922462,0.03250132800043192,0.16297122110820303,0.001027782234615709,0.04896277719192881
Line,2,fast,22,44,0.02859332611172759,0.03506037422634556,0.21809294533277593,0.001108706381731158,0.052406673852263476
Line,3,fast,22,44,0.030887805548706338,0.03981671701079551,0.12352164417117693,0.0012591151470448493,0.058344390451529574
Line,4,fast,22,44,0.04272387764556738,0.05023942305137747,0.13937566370000518,0.0015887100517511929,0.07853034333536632
Line,5,fast,22,44,0.03614088361770466,0.04101820939996806,0.10906360604219685,0.001297109672456276,0.06603365148210813
Line,6,fast,22,44,0.03889993123264808,0.046277460341690384,0.13258828902198025,0.0014634217900785565,0.0793841813768239
Multi_Models_1,0,fast,22,44,0.03432338378184717,0.04610674729891088,0.15598101004598366,0.0014580233696637464,0.11827866705008244
Multi_Models_1,1,fast,22,44,0.019481994458605385,0.024233430161452754,0.16790122911837801,0.0007663283482881265,0.06254474570041384
Multi_Models_1,2,fast,22,44,0.013037452931451768,0.016635389571549412,0.11012194830547566,0.0005260572081030874,0.043666214230728057
Multi_Models_1,3,fast,22,44,0.022044812340596995,0.02489530507630904,0.06983369956985827,0.0007872586708588854,0.10257996156485177
Multi_Models_1,4,fast,22,44,0.019344050802286992,0.021015565514749746,0.08538831152935387,0.0006645705334309811,0.08480621821980557
Multi_Models_1,5,fast,22,44,0.019821962894498505,0.02539469311409018,0.11271686081700663,0.0008030507072151915,0.144529795186236
Multi_Models_1,6,fast,22,44,0.026783324619523936,0.03853764330857234,0.11809048265042842,0.0012186672851023574,0.20059062397434732
Multi_Models_2,0,fast,22,44,0.022623624944795237,0.025946294447889016,0.1354031618866049,0.0008204938729671027,0.06825187268001992
Multi_Models_2,1,fast,22,44,0.02032729134347274,0.023841634522460246,0.08726304902131743,0.0007539386823227524,0.05759898014865825
Multi_Models_2,2,fast,22,44,0.025845957083304623,0.03170864664437715,0.20749510253667308,0.001002715449176869,0.07802556362331817
Multi_Models_2,3,fast,22,44,0.027246122495137883,0.03068814821685409,0.14833131482436906,0.0009704444553809377,0.07789284389485451
Multi_Models_2,4,fast,22,44,0.024300610251887907,0.03196053746187709,0.37276520068045516,0.001010680936226685,0.10376605535085243
Multi_Models_2,5,fast,22,44,0.020635669087159365,0.02338477727809069,0.10396355762181714,0.0007394915877451931,0.08826632798126932
Multi_Models_2,6,fast,22,44,0.02573848850063915,0.02953363500459077,0.08722269115124134,0.0009339355419858425,0.10192542110821501
Multi_Models_3,0,fast,22,44,0.030247680936324208,0.04168218339695582,0.42982451327718807,0.0013181063738323473,0.09253442546741728
Multi_Models_3,1,fast,22,44,0.03571587688669307,0.042439314605030254,0.33692973943177773,0.0013420489648834476,0.10297865755503617
Multi_Models_3,2,fast,22,44,0.04864034277825334,0.05980437282115059,0.4309771267601657,0.001891180321527055,0.12987442775255623
Multi_Models_3,3,fast,22,44,0.04186889822778216,0.048501376473367525,0.27828708051511347,0.0015337481930914635,0.11651804837199156
Multi_Models_3,4,fast,22,44,0.03515997405716331,0.047503211131269284,0.45851820405691635,0.0015021834334667476,0.11864412380488244
Multi_Models_3,5,fast,22,44,0.024667644226090087,0.02815552509360531,0.06491521844395641,0.0008903558801381829,0.0735276017864405
Multi_Models_3,6,fast,22,44,0.0373922049694241,0.044544449205847,0.15648250503307604,0.0014086191660815507,0.11616737446155168
Multi_Models_4,0,fast,22,44,0.04364410665403801,0.04867471413265258,0.1186733306823276,0.0015392296111676933,0.10390700183361573
Multi_Models_4,1,fast,22,44,0.022361294836014282,0.024943853689444965,0.11028704045140257,0.0007887939128064043,0.052398550407870094
Multi_Models_4,2,fast,22,44,0.08686352688866954,0.11121819807288383,0.34105024890296864,0.0035170282317006237,0.18732240117894497
Multi_Models_4,3,fast,22,44,0.039749468451295386,0.053007755529986676,0.39096366332233395,0.0016762524112814373,0.08512450989942069
Multi_Models_4,4,fast,22,44,0.04028967084055838,0.045936241810526024,0.2076769005425486,0.0014526315126951912,0.15600276670930088
Multi_Models_4,5,fast,22,44,0.03765728401561565,0.045464333160834335,0.17275619249368082,0.0014377084508895883,0.1450401105822984
Multi_Models_4,6,fast,22,44,0.035923052050215926,0.05501426490491154,0.5405111618015063,0.0017397038089938704,0.12853202109710288
NShape,0,fast,22,44,0.06145104901707173,0.06851697284204805,0.3636162732576878,0.0021666969256077208,0.10091643390701632
NShape,1,fast,22,44,0.04460530763804613,0.053504857506305334,0.18025924342993685,0.0016919721560268177,0.0707202063798267
NShape,2,fast,22,44,0.07129683897821994,0.0819860443348627,0.6349707671134621,0.002592626364457106,0.11149927752867994
NShape,3,fast,22,44,0.053617764669062554,0.06148385649464487,0.29883421753455114,0.00194429025854014,0.07996528344286308
NShape,4,fast,22,44,0.07002187849966636,0.08809228183010341,0.6442596989142744,0.0027857225486459286,0.10979077421928651
NShape,5,fast,22,44,0.09917573421809428,0.11786359581908644,0.7031924251308221,0.0037271741600581223,0.15119717024940812
NShape,6,fast,22,44,0.10903063684759917,0.12535637451375742,0.32604049325846085,0.003964116626845559,0.15915802637621906
PShape,0,fast,22,44,0.031915065795485746,0.03826951881579922,0.18801760881707055,0.0012101884441659534,0.05674153654537941
PShape,1,fast,22,44,0.047834887878335466,0.05473274590664681,0.24552943728820348,0.0017308013966026152,0.07619118748640301
PShape,2,fast,22,44,0.06434991227761926,0.07338214539218955,0.2718402158693062,0.00232054719028949,0.1009857988997942
PShape,3,fast,22,44,0.03429837943812927,0.04000491867403795,0.22744020396033368,0.0012650666061976305,0.05365290939843477
PShape,4,fast,22,44,0.061226613378794655,0.07077562614981352,0.47818881766731053,0.0022381218145798424,0.10437323722613459
PShape,5,fast,22,44,0.05084575402095277,0.06014699501771211,0.3242879873683821,0.001902014986707698,0.08096508008391509
PShape,6,fast,22,44,0.07555062413874657,0.08454050660692519,0.3270676925831998,0.0026734055542239677,0.1163765926730876
RShape,0,fast,22,44,0.029081360208121222,0.03732966688226558,0.350608117154445,0.0011804677164331586,0.04663573934284418
RShape,1,fast,22,44,0.04587004477039455,0.05335138452046304,0.20127683537582863,0.0016871189140811335,0.07267777143833466
RShape,2,fast,22,44,0.051542805847293746,0.05813250549202519,0.12272894208885739,0.0018383112344704689,0.08206177848913157
RShape,3,fast,22,44,0.06903760260459066,0.08630919323623482,0.4417731477413199,0.002729336336381011,0.11338537213666744
RShape,4,fast,22,44,0.04339508387431297,0.05356731118723144,0.5108623920855573,0.0016939471148266969,0.06938699826154875
RShape,5,fast,22,44,0.06997475671388047,0.08034480588205054,0.4650247988985734,0.0025407258475137343,0.10685414339689812
RShape,6,fast,22,44,0.06388291293548491,0.07759758913154441,0.5321865693591418,0.0024538512259360754,0.10014541454179302
Saeghe,0,fast,22,44,0.03251016737140492,0.03964364065689243,0.21666805694535585,0.0012536419921703383,0.06065795159346507
Saeghe,1,fast,22,44,0.026866562335152097,0.030098366226148556,0.06718358780390093,0.0009517939112451603,0.04989236544114769
Saeghe,2,fast,22,44,0.037696485500466045,0.043173743420883655,0.15287517564465875,0.0013652736432570194,0.06875159614735549
Saeghe,3,fast,22,44,0.05169265217768394,0.05945423135262661,0.15031013667117488,0.001880107876088936,0.09584660531414652
Saeghe,4,fast,22,44,0.05957679310826359,0.0728150716315726,0.1682694061056207,0.002302614743440823,0.10735174655606695
Saeghe,5,fast,22,44,0.049790808926065494,0.061278578378091746,0.34732199217087767,0.0019377987945191659,0.08757782629627914
Saeghe,6,fast,22,44,0.04180649553463124,0.0484961321508937,0.2698465944334192,0.0015335823530534466,0.07166180435667499
Sharpc,0,fast,22,44,0.05579455788712211,0.07808853694617729,0.8097280663691383,0.002469376359001296,0.10403219170969266
Sharpc,1,fast,22,44,0.06506984444948558,0.07465654112713509,0.3301494788132075,0.0023608471219178115,0.12255213413929589
Sharpc,2,fast,22,44,0.04750507906237862,0.07572925506733587,0.5206256587820544,0.0023947693152062926,0.07973671880737306
Sharpc,3,fast,22,44,0.033718856180132845,0.04031553324286071,0.20322275946795917,0.001274889101316741,0.05737201836984283
Sharpc,4,fast,22,44,0.04512667512461337,0.05164855052073145,0.1518010035336668,0.0016332705749178699,0.0770355800978685
Sharpc,5,fast,22,44,0.04280379672134775,0.05070793740653541,0.13807717629599145,0.0016035257765390344,0.07342508213165906
Sharpc,6,fast,22,44,0.06576364917491594,0.07402297508459499,0.2161413609616636,0.0023408120044921526,0.10596464194368689
Sine,0,fast,22,44,0.03523201528018515,0.04102943755249366,0.2930249915084052,0.0012974647378152428,0.07046183554591907
Sine,1,fast,22,44,0.03209951094574723,0.042365748849773316,0.33824712514961114,0.0013397226114394236,0.062178844504810954
Sine,2,fast,22,44,0.041742763548138245,0.05339223204037895,0.4137065205351641,0.0016884106260781672,0.07922210048641116
Sine,3,fast,22,44,0.041605959068674286,0.04670377546714651,0.12468206491849103,0.001476903058052774,0.07368206945285204
Sine,4,fast,22,44,0.06461750063769937,0.07145837700515435,0.2472241787991659,0.002259712292352894,0.1252489324779622
Sine,5,fast,22,44,0.06702639823647015,0.08417996388570195,0.8254053888784456,0.0026620041922953627,0.12780975443806364
Sine,6,fast,22,44,0.054602049741109306,0.06580619967414293,0.368281805648827,0.0020809747513012185,0.10053850540170023
Snake,0,fast,22,44,0.07776860321672019,0.09979528392877446,0.5844646193364342,0.00315580396958124,0.13693804903559706
Snake,1,fast,22,44,0.06621706926438625,0.07889534160098274,0.34224276520448627,0.002494889762361407,0.11567449801909695
Snake,2,fast,22,44,0.05626662681690172,0.06788707613300432,0.3122456191774821,0.002146777842695495,0.09477085306167869
Snake,3,fast,22,44,0.048479118638168464,0.05760650757462881,0.28488072617456933,0.0018216777198356922,0.08407287562289213
Snake,4,fast,22,44,0.051991948218830034,0.07808740498966271,0.5901609129741667,0.0024693405633933125,0.08692982951925657
Snake,5,fast,22,44,0.050977636709447056,0.05883854722813368,0.17565939499379268,0.0018606382345628925,0.0883907351201713
Snake,6,fast,22,44,0.05946883033544612,0.07232039295668972,0.366777965852183,0.0022869716302153856,0.09900409183118365
Spoon,0,fast,22,44,0.01573666536618685,0.01870195268048479,0.12271625329217815,0.000591407671630232,0.03097295890352308
Spoon,1,fast,22,44,0.0468230992928353,0.05519645597049085,0.3575865496493528,0.0017454651963595077,0.08784658443346709
Spoon,2,fast,22,44,0.02620522347640177,0.029805152273799086,0.16237856156184088,0.0009425216719335162,0.04973001630534123
Spoon,3,fast,22,44,0.03570428647976976,0.04090470549357148,0.2201816341636669,0.0012935203637808787,0.0657997970789652
Spoon,4,fast,22,44,0.04038210199291308,0.04795550021454027,0.23117957788822924,0.0015164860701064064,0.0772500685957541
Spoon,5,fast,22,44,0.08370854027265928,0.10678699434004246,0.3366158834779154,0.003376901265980434,0.15859938232574453
Spoon,6,fast,22,44,0.041873597605758504,0.05202031444684691,0.3088757714128763,0.0016450267825019842,0.07979750661767304
Sshape,0,fast,22,44,0.030613365294333294,0.03776724142483005,0.3344158956927633,0.0011943050384392586,0.05223383565138602
Sshape,1,fast,22,44,0.057327647726790804,0.06735220397112736,0.4587972742696039,0.00212986369981,0.09612319312550613
Sshape,2,fast,22,44,0.07773325572127297,0.08998613107017847,0.4956725587476366,0.002845611320082091,0.12065739160885086
Sshape,3,fast,22,44,0.08032364611400987,0.09547531146759251,0.24489461126702758,0.0030191944455158566,0.12203675024047576
Sshape,4,fast,22,44,0.081300277758579,0.0922100556600145,0.4966148537572757,0.0029159379905654664,0.12333116263068011
Sshape,5,fast,22,44,0.07228962041686876,0.08591652752468465,0.21024370406645818,0.0027169191563055192,0.11037445848417114
Sshape,6,fast,22,44,0.10990743721516384,0.12772269109996484,0.37932836176395246,0.004038946127620055,0.16482598610644147
Trapezoid,0,fast,22,44,0.039811018459355925,0.04830560504746029,0.3660149029506198,0.0015275573570250058,0.08119959778760129
Trapezoid,1,fast,22,44,0.051006139526152836,0.0588295099753049,0.29789180843512103,0.0018603524515355952,0.09290501694975345
Trapezoid,2,fast,22,44,0.039788856410643614,0.05031558399895772,0.3611355685096072,0.0015911184723822957,0.07904078065060373
Trapezoid,3,fast,22,44,0.0458198347937855,0.0530361942749815,0.2312273967544453,0.001677151723361241,0.08302954375174046
Trapezoid,4,fast,22,44,0.04686286966218302,0.05236308284525764,0.16125158787330143,0.0016558660709910433,0.08565324779654428
Trapezoid,5,fast,22,44,0.07861065161095288,0.09343696927134962,0.5836383437018431,0.0029547364056062824,0.1405384920340182
Trapezoid,6,fast,22,44,0.054267505831791726,0.06565123645047861,0.21093647344360253,0.0020760743838978053,0.09954569795689937
WShape,0,fast,22,44,0.04061646972218673,0.049646296729375955,0.38990009599087394,0.0015699537505739606,0.08247325426608697
WShape,1,fast,22,44,0.03710829715665623,0.04119954772130432,0.19149609732714282,0.001302844093681217,0.07049931958908884
WShape,2,fast,22,44,0.07330886047465705,0.09264433246597965,0.5808993768563867,0.002929671028983796,0.14270689982686607
WShape,3,fast,22,44,0.07172207565125782,0.09766868787628305,0.6567999871383392,0.0030885550976912815,0.1325472297024901
WShape,4,fast,22,44,0.06133210397083608,0.0694467804242979,0.19596347720020757,0.0021961000230637595,0.10815930783306402
WShape,5,fast,22,44,0.07034048336296948,0.08135502225254924,0.49933375660987084,0.002572671694117379,0.1295747898884622
WShape,6,fast,22,44,0.06972265669476164,0.08103619820881738,0.2688589436353128,0.002562589592607201,0.1332632803861242
Worm,0,fast,22,44,0.02118044832616789,0.026061523856280456,0.08342218673789879,0.0008241377468066097,0.042959429642500886
Worm,1,fast,22,44,0.02975809340128384,0.03734012995074275,0.2569147221898881,0.0011807985877101798,0.05999693663046129
Worm,2,fast,22,44,0.029694603954629077,0.034468866844795276,0.28105261261922576,0.001090001275946146,0.05947301943085878
Worm,3,fast,22,44,0.029877551494884056,0.04140992081706655,0.2447303096847104,0.0013094966750915107,0.059044591051590774
Worm,4,fast,22,44,0.02558292681744407,0.030408790619289472,0.18380848045108508,0.0009616103924811687,0.0500382249076694
Worm,5,fast,22,44,0.03850161453948923,0.04683245638452223,0.24593687021567967,0.0014809723059558463,0.07365609024873088
Worm,6,fast,22,44,0.03428904376240852,0.03888804900895853,0.09284061579817979,0.0012297480862856263,0.06707148302875394
Zshape,0,fast,22,44,0.05368597924496379,0.07724118519436463,0.7083350295482598,0.0024425807438506787,0.09547007121827722
Zshape,1,fast,22,44,0.04912671501252227,0.05397093665023432,0.16166696582459353,0.0017067108726739884,0.08118174085380694
Zshape,2,fast,22,44,0.07484662581165362,0.08964445118748772,0.5861895666268226,0.0028348064534824717,0.13274581595395088
Zshape,3,fast,22,44,0.06216423077869231,0.07301276523839041,0.6548588700609296,0.002308866364204804,0.09985135040440817
Zshape,4,fast,22,44,0.06659177583660025,0.076501764762826,0.17953974340072815,0.0024191982167294113,0.110116369079026
Zshape,5,fast,22,44,0.07027798950954946,0.08095569305489363,0.18783283492047534,0.0025600437961093856,0.10570024263429376
Zshape,6,fast,22,44,0.12752625183168378,0.16085368011965617,1.2709197372093306,0.005086639991982592,0.20106146342760103
heee,0,fast,22,44,0.06432696574775817,0.069798719029738,0.21532082403974404,0.0022072292989611,0.11889210323358347
heee,1,fast,22,44,0.061794121207337294,0.06987683866304525,0.15986722197357656,0.0022096996586733813,0.10409558010529324
heee,2,fast,22,44,0.075096409378604,0.08801187597605888,0.5901294795544061,0.0027831798922860105,0.13206392666522998
heee,3,fast,22,44,0.05849851276063539,0.06418230486717055,0.21872310051806443,0.0020296226885956965,0.09950844131535248
heee,4,fast,22,44,0.07143106846828601,0.08424124329452112,0.45770083310273374,0.002663942017350734,0.11766817938553062
heee,5,fast,22,44,0.08314977261041233,0.09409483707868155,0.3285705304953481,0.00297554001231098,0.13781570649470234
heee,6,fast,22,44,0.07909955685829632,0.09385289474410316,0.3063500695032429,0.0029678891239141173,0.12517747833315634
Angle,0,spline,3,6,3.5610936222581597,4.029445794285511,10.98069638448502,0.12742226418128502,6.053157423693206
Angle,1,spline,3,6,3.22871512487875,3.696410284191963,11.041361077202797,0.11689075664516894,5.412210663658683
Angle,2,spline,3,6,4.985611585649736,5.588722329265781,14.753923678147467,0.17673091770721366,8.317028440434182
Angle,3,spline,3,6,3.717491188996044,4.31110591970603,13.402771447786424,0.13632913940506033,5.89048365006199
Angle,4,spline,3,6,3.8952597899223074,4.479484057178811,13.316052170456251,0.1416537236309697,6.167004682027956
Angle,5,spline,3,6,4.384992215187762,5.0070302329914655,13.73404010263872,0.15833619849576588,7.097470524557275
Angle,6,spline,3,6,5.261773664938841,5.924853375209188,14.346995268386305,0.18736031468197237,8.330985289097672
BendedLine,0,spline,3,6,5.366139428707603,5.6031924852330794,12.748692175566255,0.1771885042167591,12.502456764848052
BendedLine,1,spline,3,6,6.963761881781138,7.546656183890533,16.42757525462894,0.23864622259288587,15.620098287675027
BendedLine,2,spline,3,6,6.856430259829708,7.366392021992888,16.966387245797083,0.23294576927190686,14.569662429788687
BendedLine,3,spline,3,6,6.017600441666829,6.31544555191739,14.189438327721895,0.19971192382838127,12.45008727721199
BendedLine,4,spline,3,6,7.138826694703029,7.605206435330202,17.318318139106726,0.2404977441141349,13.965574024185704
BendedLine,5,spline,3,6,7.6275115911849865,8.176145388106992,18.456666384427056,0.25855241907099463,14.06302018598035
BendedLine,6,spline,3,6,7.55160293875033,8.17927651795307,18.163276487719884,0.2586514340906281,14.613945904060206
CShape,0,spline,3,6,6.183206215256653,6.479273852613831,15.92873832260732,0.20489262958233825,11.590545947550673
CShape,1,spline,3,6,7.223024384750482,7.6066149935875425,18.529820420269672,0.24054228663723726,11.824571572039668
CShape,2,spline,3,6,6.214836158634403,6.543215232102191,15.843032240191821,0.20691463354150216,9.773126666302973
CShape,3,spline,3,6,5.562510577644888,5.900526244759498,13.878167343048533,0.18659102327040178,9.62475663213289
CShape,4,spline,3,6,6.969556610694825,7.345745229307272,16.983246247732204,0.23229286035926835,10.178959669357742
CShape,5,spline,3,6,6.776068208692854,7.093830631026902,16.78066388029861,0.2243266212951453,10.65928219799778
CShape,6,spline,3,6,7.760770998216152,8.114921658915506,17.02831867524285,0.25661635476005024,11.744333053725674
DoubleBendedLine,0,spline,3,6,8.972876868226823,9.720228735873155,14.549929570526757,0.30738062183178405,20.098645764146784
DoubleBendedLine,1,spline,3,6,9.856257737762277,10.652182567193604,17.637000153305724,0.33685158964271394,20.157315214016492
DoubleBendedLine,2,spline,3,6,9.471661175397589,10.300222461131469,18.910512023558688,0.32572163383600605,19.23309054160611
DoubleBendedLine,3,spline,3,6,10.304159107238673,11.141258747940606,18.2369643710251,0.35231753644768105,19.617045544668198
DoubleBendedLine,4,spline,3,6,9.48872913040548,10.38870854272067,21.47136191391918,0.32851980942645975,18.62075174554037
DoubleBendedLine,5,spline,3,6,10.544173040976936,11.384407579982012,19.09494540979955,0.3600065776442868,19.281003514136845
DoubleBendedLine,6,spline,3,6,10.822319546847227,11.64831832486628,19.40935303941589,0.36835216817254596,19.854158143147913
GShape,0,spline,3,6,10.76835932988772,11.243111786534135,18.19391236918599,0.35553841233332695,22.001979059356582
GShape,1,spline,3,6,12.452779366927677,13.001858358929262,24.067475325137018,0.4111548622911551,21.225157314535274
GShape,2,spline,3,6,13.97997580909116,14.686035967045711,24.848623533939342,0.46441323455017974,20.981780290381362
GShape,3,spline,3,6,13.80698652289626,14.447640820504034,23.980013627120982,0.45687451808816665,21.029535272194757
GShape,4,spline,3,6,12.78803033889293,13.45411581382353,21.040023226173062,0.4254564987537226,21.68679187291905
GShape,5,spline,3,6,14.283808453140859,15.005604246616475,23.970051872710634,0.47451887086403044,22.982454511772055
GShape,6,spline,3,6,13.327308065943521,13.98750103141425,23.0376450246576,0.44232362033223444,22.070536398431127
JShape,0,spline,3,6,4.006125405046352,4.339200186414158,11.91407587071123,0.13721755812495956,8.25824258248803
JShape,1,spline,3,6,4.509365744559467,4.870562356979932,12.698314740363315,0.15402070533934686,8.464039480115066
JShape,2,spline,3,6,5.21720587644754,5.464728483664701,14.16380019978479,0.17280988802778707,9.984529363354744
JShape,3,spline,3,6,4.937456647489029,5.293056287898597,14.32575961683412,0.16738113653235503,9.024242724003074
JShape,4,spline,3,6,4.149215801740508,4.541640980942585,11.971378482118816,0.14361929814539942,7.248817477685202
JShape,5,spline,3,6,4.655376303458033,4.970769326644312,13.064163695174821,0.15718952795497526,7.924705190744747
JShape,6,spline,3,6,4.616356183705038,4.867647043381853,13.37819754969638,0.15392851502871094,8.234418584231074
JShape_2,0,spline,3,6,5.294147591760135,5.719763833234083,13.68553530124912,0.18087481391275198,11.925379065322474
JShape_2,1,spline,3,6,5.019995398768319,5.494017943304718,13.727767353641665,0.1737361020667674,10.849891856332459
JShape_2,2,spline,3,6,5.357227698070869,5.9468835482816855,15.869120037248408,0.18805696992354037,10.177774686699426
JShape_2,3,spline,3,6,5.403482838140191,5.992411516936586,16.771214002961543,0.18949669070544276,9.860976206718803
JShape_2,4,spline,3,6,5.799677556485246,6.493959911033274,16.907860161024626,0.20535704352689557,10.553656648137883
JShape_2,5,spline,3,6,7.206921566808497,7.556861181902368,17.5928966617154,0.23896893296523475,13.24051252024868
JShape_2,6,spline,3,6,7.071415216929336,7.69113937794654,19.928256134923682,0.24321518236121667,11.89528981559489
Khamesh,0,spline,3,6,2.9285503539580375,3.2709061537451745,5.364838593590274,0.10343513458495644,5.319172039263277
Khamesh,1,spline,3,6,3.663313131263729,4.063077572734798,7.544554580518926,0.12848579439790414,6.401513258068057
Khamesh,2,spline,3,6,3.343893305719245,3.6946625491863276,8.610578131755949,0.1168354884115268,5.615518643545541
Khamesh,3,spline,3,6,3.485827863491627,3.9203815566333375,6.938537510864656,0.12397335015877739,5.568909186555188
Khamesh,4,spline,3,6,4.129941851503893,4.6979508892792925,8.799153159636262,0.1485622514573608,6.672974096561697
Khamesh,5,spline,3,6,3.513698670790639,3.9425037920092034,6.994041847539837,0.12467291666599825,6.062097962832472
Khamesh,6,spline,3,6,4.140018529133808,4.54737037692372,9.350563686511315,0.1438004775545734,6.700048350187972
LShape,0,spline,3,6,3.309090471892677,3.744928676624634,10.716005061997329,0.11842504293014013,5.825465251814768
LShape,1,spline,3,6,3.8031231858556493,4.214307231867751,11.803196865576762,0.1332680961242143,6.653580470105348
LShape,2,spline,3,6,3.563764283941676,4.022626290500338,9.681430260253155,0.12720661253655216,5.933060812961581
LShape,3,spline,3,6,3.137094111296297,3.5710809552083322,10.703417741558908,0.11292749527308066,5.483288890995569
LShape,4,spline,3,6,3.8599225671837907,4.372008252653998,12.311009149300885,0.13825504027439528,6.451891787533198
LShape,5,spline,3,6,3.582694405322945,4.10586162252869,11.02812952037345,0.1298387448466517,5.80592545522609
LShape,6,spline,3,6,3.8586097549386995,4.33726976277471,12.2272972848489,0.13715651276946267,6.261187530728725
Leaf_1,0,spline,3,6,3.4500607051160186,3.9445094601884625,11.239846218143487,0.12473634146276807,7.45452959306793
Leaf_1,1,spline,3,6,3.888043915203382,4.440194091557792,13.329569347037927,0.14041126582544836,7.345116111690238
Leaf_1,2,spline,3,6,4.674842855328068,5.239492960044002,13.938430453705127,0.16568731538156645,8.809257309617307
Leaf_1,3,spline,3,6,4.975784134917694,5.629723943080466,15.415144844600103,0.17802750258118402,9.560253149266162
Leaf_1,4,spline,3,6,5.919470457271097,6.561159961197034,18.280057939916546,0.2074820957008461,10.354689751985774
Leaf_1,5,spline,3,6,4.600602312752762,5.215905191670782,14.587141439401373,0.16494140465176785,8.913626909347897
Leaf_1,6,spline,3,6,5.025725900807441,5.778350161718218,15.900458142653278,0.1827274762903186,8.83590113018715
Leaf_2,0,spline,3,6,5.63826371838756,6.133089863906498,14.20963141479881,0.19394533064436648,10.055958410391662
Leaf_2,1,spline,3,6,5.4444177587090525,5.922253705858406,14.745640677024028,0.18727810591885433,9.287232449918182
Leaf_2,2,spline,3,6,5.540594109283346,6.048411315723375,15.211293784105155,0.19126755983221663,9.193264680927284
Leaf_2,3,spline,3,6,5.503193061353949,5.976997868888989,13.99540086734436,0.1890092683566166,9.63692113575426
Leaf_2,4,spline,3,6,5.811385821343234,6.301543141507141,14.809471338191063,0.199272291009753,9.859906322662724
Leaf_2,5,spline,3,6,5.23649896757292,5.7708815581410375,15.536174140137403,0.1824912983078709,9.103828514065407
Leaf_2,6,spline,3,6,5.649726804225707,6.131238095691228,15.2640892248591,0.19388677259177686,9.58225590218557
Line,0,spline,3,6,0.9037419026929665,1.2160443018826488,5.323862985800712,0.03845469729618553,1.7657188952869514
Line,1,spline,3,6,1.0522398444509249,1.2566019501961165,5.269624084070191,0.039737242748291976,1.9568868677697187
Line,2,spline,3,6,0.5946119878471925,0.8147383765186819,4.219474039098145,0.025764289669468813,1.089822023292802
Line,3,spline,3,6,0.6272537897820142,1.0471822048400705,5.450773409592813,0.03311480892491622,1.1848281020007994
Line,4,spline,3,6,0.6224267605057183,0.8778866415059235,5.105015629177065,0.027761213145944288,1.1440765655480043
Line,5,spline,3,6,0.6740077915882506,1.0479572499839982,5.437686182124027,0.03313931800435887,1.231491628061932
Line,6,spline,3,6,0.6671858652123368,0.9572981923691652,5.338270077130602,0.03027242687848583,1.361544919432081
Multi_Models_1,0,spline,3,6,2.0783945811367177,2.242811621194775,4.17100985263879,0.07092393085670261,7.162165077412297
Multi_Models_1,1,spline,3,6,2.5259608370436073,2.750268022511914,5.777363856492388,0.08697111127064891,8.109312346730144
Multi_Models_1,2,spline,3,6,2.161530725454715,2.3720028972937097,4.7952190239481425,0.07500931771966571,7.239593824059652
Multi_Models_1,3,spline,3,6,1.105728774245381,1.1556081631474309,2.837498537166663,0.03654353878229336,5.145229336081078
Multi_Models_1,4,spline,3,6,1.1481816533026166,1.2371055189050761,3.269352620281119,0.03912071145704533,5.033741114578064
Multi_Models_1,5,spline,3,6,0.3091039240461576,0.3653957987754278,1.3206075834684454,0.01155482971586916,2.253799337201477
Multi_Models_1,6,spline,3,6,0.2542798115435584,0.32808210897185813,1.5065720117002082,0.010374867239026348,1.9043993524396312
Multi_Models_2,0,spline,3,6,2.395377298321467,2.63989297490358,5.010966801603453,0.08348074579773036,7.22647174290515
Multi_Models_2,1,spline,3,6,2.508387472794224,2.700612433060161,6.142743152912286,0.0854008636583912,7.107713359803419
Multi_Models_2,2,spline,3,6,2.69170912481277,2.9358321858844922,6.077219971423625,0.09283916535425832,8.12591775559397
Multi_Models_2,3,spline,3,6,2.297658140437646,2.5329369080810666,6.323055528456297,0.08009849799040725,6.568682457064816
Multi_Models_2,4,spline,3,6,1.5556606963196224,1.78106546422739,5.087773109654145,0.05632223528823699,6.642827988606028
Multi_Models_2,5,spline,3,6,1.5202291850925764,1.728101996356486,3.996723194373349,0.05464738337570494,6.502578001775399
Multi_Models_2,6,spline,3,6,1.6487630826417576,1.8113181791569017,4.751223149233035,0.057278910134047366,6.529166291243822
Multi_Models_3,0,spline,3,6,4.111825925822131,4.713657645219024,8.763621408991582,0.1490589426915801,12.578995740829171
Multi_Models_3,1,spline,3,6,4.5706035620591425,5.204243534369335,9.111485164981081,0.16457263066811875,13.178302202415749
Multi_Models_3,2,spline,3,6,4.657187051891784,5.278516167118926,9.86516613488963,0.16692133754117797,12.43514064155573
Multi_Models_3,3,spline,3,6,4.533313880835934,5.086802570165283,9.094551849632516,0.1608588212932077,12.61587737940918
Multi_Models_3,4,spline,3,6,4.337467802938198,5.061569652780101,9.416957685007349,0.16006088638372734,14.636389269651522
Multi_Models_3,5,spline,3,6,5.011418398976018,5.7864063931911085,11.475921230014446,0.1829822366984373,14.937688133000728
Multi_Models_3,6,spline,3,6,4.7908830289276105,5.511637037789433,10.598320141122551,0.17429326675558146,14.883965876792162
Multi_Models_4,0,spline,3,6,3.93244531601858,4.302536643524813,11.375050908085184,0.13605815509874356,9.362285861436716
Multi_Models_4,1,spline,3,6,4.514497944511821,4.837335635021802,12.164022736444823,0.15296998413365864,10.578687408152446
Multi_Models_4,2,spline,3,6,4.456509415051801,4.904156402898611,12.925873999666512,0.15508304234857997,9.610524398508744
Multi_Models_4,3,spline,3,6,3.526661957621093,4.0948994777233505,12.607648954918547,0.12949209139039716,7.552437363816968
Multi_Models_4,4,spline,3,6,1.9591609741289246,2.1371782552471386,4.6364212927405175,0.0675835105236566,7.585927758072633
Multi_Models_4,5,spline,3,6,1.8528093342921585,2.082141932529105,4.784217295210453,0.06584310918536607,7.136246751683213
Multi_Models_4,6,spline,3,6,1.732192263478562,1.9041679630460826,4.230753797024467,0.06021507810748954,6.197752135382012
NShape,0,spline,3,6,12.937076711988492,14.368025929551264,21.991950737682686,0.4543568741773998,21.245587631753658
NShape,1,spline,3,6,12.395538650143559,14.128921666254385,23.550892166148266,0.4467957334746524,19.65270722131645
NShape,2,spline,3,6,13.450135549175435,15.08656214079097,23.72546459557091,0.4770789842656533,21.034318181399385
NShape,3,spline,3,6,13.927465456020851,15.539815121989355,23.291578823300355,0.491412102034137,20.771356838641285
NShape,4,spline,3,6,13.609627773007993,15.297351133947698,24.735363177939043,0.4837447175063424,21.339210001942057
NShape,5,spline,3,6,13.86757967933947,15.508851958266677,24.652737768444506,0.4904329608248533,21.141651455924176
NShape,6,spline,3,6,14.16165580769954,15.988932763365762,26.537693196345785,0.5056144488752582,20.67254905355907
PShape,0,spline,3,6,7.045817798521836,7.471936152968146,14.249428498050808,0.23628336774735628,12.526702300061064
PShape,1,spline,3,6,8.370701763868183,8.852719965090417,15.650721191289197,0.27994758577332024,13.33281493427508
PShape,2,spline,3,6,7.82069652415518,8.345322498634577,15.775200125135013,0.26390226904332686,12.273199115445223
PShape,3,spline,3,6,7.47189609961328,8.001277146897646,15.0074218581811,0.25302259974450214,11.688277144120809
PShape,4,spline,3,6,7.191131232202796,7.651717666750601,14.310699322704266,0.24196855839481143,12.25874835472966
PShape,5,spline,3,6,7.798429889214329,8.242349877580457,15.59924120932717,0.2606459888516426,12.41795923114533
PShape,6,spline,3,6,8.247918232226604,8.793610960902276,16.54335258577284,0.27807839493873066,12.70491979986829
RShape,0,spline,3,6,4.278236587821839,4.79059489217558,10.71605317988603,0.15149191206443582,6.860708196893798
RShape,1,spline,3,6,4.638106138742791,5.247195294135656,13.130704801806324,0.16593088457185834,7.3487440342732855
RShape,2,spline,3,6,4.436582662396668,4.933107508665667,11.098664529864335,0.15599855669862328,7.063524340699677
RShape,3,spline,3,6,4.014688301409035,4.619592263728203,11.636790970752802,0.14608433414674366,6.593608553807454
RShape,4,spline,3,6,3.775979137007193,4.221739599962131,9.972844237618435,0.13350312824008437,6.037639161477723
RShape,5,spline,3,6,5.134297697125649,5.485035916640736,10.89605650331158,0.17345206544414188,7.840269950694966
RShape,6,spline,3,6,4.188090040014211,4.65228040608559,11.14268463501433,0.14711802397003537,6.56541779206509
Saeghe,0,spline,3,6,3.8869112701045583,4.581372083559803,8.788748380962426,0.14487570592760224,7.252256593347316
Saeghe,1,spline,3,6,4.4019317163807665,5.224715697780537,9.811741634357352,0.16522001731822436,8.174577123076672
Saeghe,2,spline,3,6,4.2558275665562455,5.058231288574992,9.199584581407262,0.1599553180382541,7.761862524957142
Saeghe,3,spline,3,6,4.39366203335921,5.24370361158108,9.552842634318019,0.16582046787447097,8.146565770075341
Saeghe,4,spline,3,6,4.384397833253091,5.102755217946837,9.247526777882234,0.16136328831020913,7.900270230071688
Saeghe,5,spline,3,6,4.263409726585787,5.108367513262776,10.031206650126046,0.16154076467120773,7.498977512480873
Saeghe,6,spline,3,6,3.9294141760262513,4.631442063225171,8.76909117737566,0.14645905770901108,6.735530120803326
Sharpc,0,spline,3,6,5.653306612947603,6.2014726452665005,11.400109373419594,0.1961077840627156,10.54091831933994
Sharpc,1,spline,3,6,5.862589151691427,6.3849162901367125,12.41248039908213,0.20190878146344493,11.041563387775224
Sharpc,2,spline,3,6,5.612422792993635,6.140100563625255,11.740732772893118,0.1941670284353942,9.420385923058756
Sharpc,3,spline,3,6,5.387417213117196,6.002183592522118,11.368770354190676,0.18980571086861883,9.166592059521916
Sharpc,4,spline,3,6,6.6298671908822095,7.238324156356131,13.859900199684988,0.22889590776702123,11.31782174536646
Sharpc,5,spline,3,6,6.793194704683405,7.40932364680434,13.327952376053391,0.23430338645246676,11.652958787157447
Sharpc,6,spline,3,6,7.133522692642911,7.815783572446475,14.118377965624507,0.2471567778785849,11.494209755796104
Sine,0,spline,3,6,5.513741960212028,6.213101375979291,10.068749241107144,0.19647551681620729,11.027140404925817
Sine,1,spline,3,6,5.767342737813875,6.434233236923948,10.592885497319658,0.2034683202543748,11.171718718910588
Sine,2,spline,3,6,6.27301042078726,7.006593305404471,11.603556422440361,0.22156793483565884,11.905322495833593
Sine,3,spline,3,6,6.614487788195152,7.385059612779294,11.940725723014346,0.233536090325037,11.71392655077104
Sine,4,spline,3,6,5.861242973032893,6.503268881036026,10.805393032253795,0.20565141900568437,11.360922631198576
Sine,5,spline,3,6,6.25664747294929,6.97033244117194,11.666611165794661,0.2204212656266495,11.930531822729986
Sine,6,spline,3,6,6.134472053149058,6.863881717309641,11.9085114974836,0.2170549981668645,11.295375440599267
Snake,0,spline,3,6,7.374924883578827,7.997098714117567,16.611098865224253,0.2528904660981526,12.986061001083186
Snake,1,spline,3,6,7.81420120099714,8.493712551826953,16.724194116050914,0.2685947745453413,13.650616244227503
Snake,2,spline,3,6,8.27464061974387,9.04843819083715,16.025203728138607,0.28613673950298696,13.937120362018627
Snake,3,spline,3,6,7.5242989929177435,8.320902944422512,17.762714043500353,0.263130054935766,13.048699546344006
Snake,4,spline,3,6,7.8608974976199955,8.607902980988824,15.875100835127443,0.2722057929767775,13.143313585024838
Snake,5,spline,3,6,8.47206693284467,9.225495944341755,17.171906648015316,0.2917357972876592,14.689818369760946
Snake,6,spline,3,6,8.567941819075367,9.395245422552819,16.797095747069633,0.29710374711538,14.263964733713184
Spoon,0,spline,3,6,3.804472093068073,4.0845619892606395,7.014535131902313,0.12916519130211837,7.487975059912623
Spoon,1,spline,3,6,4.397960088280988,4.6828670297907555,9.659763468061083,0.1480852579384636,8.251178970745993
Spoon,2,spline,3,6,4.601448927208682,4.885186358207727,9.149857604771139,0.15448315686319614,8.732233494759086
Spoon,3,spline,3,6,4.63425682113366,4.958925242804102,10.23571674203407,0.15681498513764466,8.540519598821332
Spoon,4,spline,3,6,4.4463888494299715,4.738599938522583,7.975135154591959,0.1498476872606522,8.505843595812363
Spoon,5,spline,3,6,4.518286424949041,4.803862985385556,8.761280739406311,0.1519114860119452,8.560625162421665
Spoon,6,spline,3,6,4.458248738821694,4.69001440143755,9.283423487091449,0.1483112776753394,8.495977264452494
Sshape,0,spline,3,6,12.944551011970518,14.345985122885404,22.889407805993134,0.4536598826720844,22.08654761211139
Sshape,1,spline,3,6,12.661806563404191,14.171843556852398,23.30002139686389,0.44815304283235524,21.23047649560407
Sshape,2,spline,3,6,13.760037117105597,15.23805089265125,24.953669523604006,0.48186947922339884,21.358299888326673
Sshape,3,spline,3,6,13.637539463101488,15.0522275406692,25.337633360115515,0.4759932288762943,20.719689380022658
Sshape,4,spline,3,6,13.831488297749642,15.460222988006144,26.536343873173923,0.48889517776193464,20.982136589245595
Sshape,5,spline,3,6,13.626517321737396,15.15958239826709,25.07825639853762,0.479388087555218,20.80546919099579
Sshape,6,spline,3,6,14.25034549401244,15.841253403276053,25.066507269605943,0.5009444174624618,21.370958216502014
Trapezoid,0,spline,3,6,1.7887105674496226,2.055289137638298,4.779998184561087,0.06499394925140323,3.6483010044976174
Trapezoid,1,spline,3,6,3.0513961067306665,3.321981743338421,8.428427535479381,0.10505028654446297,5.5579585055808405
Trapezoid,2,spline,3,6,2.6568259110015653,2.940400052125593,7.336707893703834,0.09298361396794702,5.277799188069659
Trapezoid,3,spline,3,6,2.707201549298976,3.0043121310142546,8.007374029938843,0.09500469136079236,4.90568572527427
Trapezoid,4,spline,3,6,3.6616513664709074,4.066316886839365,9.063938327486289,0.12858823050417556,6.692554982179844
Trapezoid,5,spline,3,6,3.2402425793190814,3.585531240837596,7.174731270707097,0.11338445342736539,5.792838458783022
Trapezoid,6,spline,3,6,3.015148991505398,3.312974974301057,7.990771974832086,0.10476546749929141,5.530844032776812
WShape,0,spline,3,6,5.843516225864968,6.724295466384645,12.989268364692096,0.2126408933371968,11.865477300222135
WShape,1,spline,3,6,6.289254284512144,7.163514386691572,13.397301269891916,0.22653021513329546,11.948490816193004
WShape,2,spline,3,6,6.721146414712806,7.644685883638935,13.660985937246146,0.2417461938883597,13.083738608345998
WShape,3,spline,3,6,7.237274843027325,8.155293318324317,13.727025302580918,0.2578930187265744,13.374971685192333
WShape,4,spline,3,6,7.219151818625774,8.174665651451786,14.886611656687876,0.25850562568931773,12.730991002944473
WShape,5,spline,3,6,7.174123103808581,8.147540776540463,15.805317467231472,0.2576478618296484,13.215511884004716
WShape,6,spline,3,6,7.083318148660652,8.11183528310606,15.243127777600241,0.25651875498731935,13.53858641161054
Worm,0,spline,3,6,2.5944011495831325,2.8193801215126695,4.763689984042109,0.08915662773782325,5.262116832165517
Worm,1,spline,3,6,2.5901940823469314,2.8640871896704554,5.909567740974546,0.09057038936669318,5.222233431543035
Worm,2,spline,3,6,2.767176337919602,3.061796135988805,6.068990746383355,0.09682249520827263,5.542162891451868
Worm,3,spline,3,6,2.879987595612619,3.151674315784122,6.646367301702995,0.09966469280930591,5.691486795553464
Worm,4,spline,3,6,2.6509699353224505,2.967405227462863,6.704621367542145,0.0938375925947268,5.185092026166665
Worm,5,spline,3,6,2.6447606424982304,2.9729732938544093,6.296553435852725,0.09401367031433001,5.0595989518917825
Worm,6,spline,3,6,2.583530033681886,2.8841281537363423,6.115363740491173,0.09120414029623107,5.053543983584077
Zshape,0,spline,3,6,11.076108483907925,12.621589724445395,22.74024434196219,0.3991297122142444,19.696704440373058
Zshape,1,spline,3,6,12.739230822960126,14.195944015911772,25.280268441303466,0.44891516626518785,21.05153855865929
Zshape,2,spline,3,6,11.916958447891496,13.446815751650162,26.134734721692414,0.4252256505184358,21.13557365746177
Zshape,3,spline,3,6,12.380167343036213,13.930226210493847,27.80445731377807,0.44051243146536717,19.88565469161145
Zshape,4,spline,3,6,13.05004773013891,14.45593582189237,27.41025932506079,0.4571368290639806,21.579599797383132
Zshape,5,spline,3,6,13.540965251836697,15.063659720322716,26.17343696399633,0.4763547461395479,20.366025303373185
Zshape,6,spline,3,6,13.502241446391078,15.001011844585042,25.817354538192017,0.47437364636052526,21.288012356446547
heee,0,spline,3,6,11.3704505829047,12.271813796320206,19.683497071465112,0.388068826178495,21.015397956372254
heee,1,spline,3,6,11.811024995289696,12.528447660719216,20.859176301396733,0.3961843015408117,19.89631820149283
heee,2,spline,3,6,11.937228125912387,12.689991225283181,20.093654783185,0.4012927575944576,20.99271100777522
heee,3,spline,3,6,12.286719099241886,13.037369205541557,23.664797769667075,0.4122778138605123,20.90022820661966
heee,4,spline,3,6,12.782567442861142,13.576606411472266,21.740326555799818,0.42932999155897533,21.056684032971166
heee,5,spline,3,6,11.753898504959048,12.53533420662355,23.22487935589994,0.3964020732435017,19.481374099694296
heee,6,spline,3,6,12.852394646521807,13.725371326017138,25.232940957467587,0.43403435121779643,20.339309299498513
Angle,0,spline,7,14,0.5295744722661568,0.5842154374401779,1.1133940336492805,0.01847451426542572,0.9001722471322072
Angle,1,spline,7,14,0.40423891449640326,0.45606638897790597,1.2065615617216443,0.014422085534184944,0.6776151128493892
Angle,2,spline,7,14,0.4812467853610581,0.5535758330250128,2.5008038406819,0.017505604899840984,0.8028188983345809
Angle,3,spline,7,14,0.5558226853193159,0.6422731717333675,2.160013636438036,0.02031046102697917,0.8807188164691208
Angle,4,spline,7,14,0.42151558748113716,0.48805437231262455,1.6881169419676565,0.015433634385117134,0.6673466576656201
Angle,5,spline,7,14,0.6820670504232657,0.7882414586458061,2.3930242363679057,0.0249263835549417,1.1039816146956518
Angle,6,spline,7,14,0.6773274755290845,0.803060129849686,1.6269421327919593,0.025394991083955803,1.072415043644804
BendedLine,0,spline,7,14,0.7627059761271469,0.900360998817418,1.874663416064122,0.028471914726472092,1.7770128073465825
BendedLine,1,spline,7,14,0.6558795148357944,0.8168914678343167,2.1026824643213464,0.025832376395146156,1.4711735783802184
BendedLine,2,spline,7,14,0.7434984024775059,0.9285586602921522,2.2260889796963674,0.029363603075977518,1.5799067927008232
BendedLine,3,spline,7,14,0.86734200189224,1.0029247439267108,2.1183745713306723,0.031715265125495294,1.7944833206239024
BendedLine,4,spline,7,14,0.8165454294088427,0.9486925136939229,1.8296735483450168,0.030000291424232762,1.5973949398408913
BendedLine,5,spline,7,14,1.0355233388905756,1.1331135540748094,2.1494510466422923,0.035832196784847656,1.9092184185864391
BendedLine,6,spline,7,14,0.5315107777588596,0.6168642502593179,1.7287816990574605,0.019506960379515575,1.0285855621109143
CShape,0,spline,7,14,0.42290808939232877,0.4999892864589555,0.9846842784400597,0.015811049508926835,0.7927498244515839
CShape,1,spline,7,14,0.567736245403634,0.6766268931157317,1.5069905419926883,0.02139682108369016,0.9294220135805695
CShape,2,spline,7,14,0.35760555347847334,0.4368309700251855,1.407260061308033,0.013813808177803272,0.5623518112964135
CShape,3,spline,7,14,0.5211483386229465,0.6006259276100387,1.4893769694855814,0.018993459529991354,0.9017377780178416
CShape,4,spline,7,14,0.4701550750472282,0.5991422161394251,2.015666088863969,0.018946540453614782,0.6866562415040764
CShape,5,spline,7,14,0.3830119835030729,0.4259055178415747,0.818151801414532,0.013468315044128569,0.6025076329864291
CShape,6,spline,7,14,0.5411132671287399,0.6607709801759128,1.685123056787943,0.02089541309097852,0.8188637997964736
DoubleBendedLine,0,spline,7,14,0.7334501964397712,0.8180033810130302,1.481072486109808,0.02586753817719708,1.6428795246356642
DoubleBendedLine,1,spline,7,14,0.887951264083491,0.9906929001173029,2.6417900895689046,0.031328460261283705,1.8159745819389435
DoubleBendedLine,2,spline,7,14,0.764159977358996,0.8754675449882374,2.912691131359365,0.027684714597187587,1.5516980348698237
DoubleBendedLine,3,spline,7,14,0.7854862967999776,0.8664018744926587,2.216026587728579,0.027398032924361427,1.4954078541171938
DoubleBendedLine,4,spline,7,14,0.9792784730511437,1.1470813196289533,4.465763964504826,0.036273896314591034,1.921743268864707
DoubleBendedLine,5,spline,7,14,0.8287645613959224,0.9238505706428437,2.569332031927498,0.029214720208776735,1.5154732721634412
DoubleBendedLine,6,spline,7,14,0.7791171927471334,0.8555571932264207,2.086916750411478,0.027055093991362713,1.4293346162887428
GShape,0,spline,7,14,1.1649884532032033,1.2861691026986197,2.4927944660982537,0.04067223820662655,2.3803116859805193
GShape,1,spline,7,14,1.2480628765338715,1.358957907807139,2.388250681190922,0.04297402232967676,2.1272625260844458
GShape,2,spline,7,14,1.38043484279945,1.4968806534890795,3.799177683789543,0.04733552250466762,2.0718190769664964
GShape,3,spline,7,14,1.1682547281007054,1.2649147387862856,2.28001589924441,0.040000116204815916,1.7793784306779012
GShape,4,spline,7,14,1.3415424459292655,1.4899554879930934,3.1520401611343125,0.04711652954325835,2.275076852536886
GShape,5,spline,7,14,1.3646089968582393,1.46850326260287,3.108750419164734,0.04643815061213435,2.195637409976132
GShape,6,spline,7,14,1.210346777233999,1.362440271814757,3.417056501188846,0.043084144348735406,2.0043809649698834
JShape,0,spline,7,14,0.5624755520426058,0.644239371331291,1.3537442165693387,0.02037263771761863,1.15948930346402
JShape,1,spline,7,14,0.6196668706291824,0.6918084185485822,1.4783736728442367,0.021876903070925973,1.163109216379862
JShape,2,spline,7,14,0.3091241178813111,0.37478145234184673,0.8996085772460929,0.01185163014186082,0.5915923015115309
JShape,3,spline,7,14,0.5050226237791082,0.5805532193527365,1.4290473560171157,0.018358704760979914,0.9230352919479858
JShape,4,spline,7,14,0.5015282064078531,0.5821011005442117,1.7039894901822312,0.018407653062103888,0.8761863932544431
JShape,5,spline,7,14,0.490227276291364,0.5362103676150015,1.2344180767798858,0.016956460666595934,0.834498950854973
JShape,6,spline,7,14,0.35398253417359976,0.3918020922833248,0.9375732300208245,0.012389870036347879,0.6314158270934981
JShape_2,0,spline,7,14,0.7547595029799585,0.8193541410359836,2.3897331401070496,0.02591025295964542,1.7001402057999515
JShape_2,1,spline,7,14,0.9300867148515061,1.0020175266305793,3.200891801776919,0.031686576395610545,2.0102289885816083
JShape_2,2,spline,7,14,0.8863003333469428,0.9988397483629171,3.649070876455459,0.03158608622336258,1.683812151721696
JShape_2,3,spline,7,14,0.6948523951358361,0.7850768133641943,2.990893500194572,0.02482630868417772,1.2680567591058352
JShape_2,4,spline,7,14,1.1982283177193307,1.3066458051373515,3.9485213873511795,0.04131976839338572,2.1804126398622232
JShape_2,5,spline,7,14,0.9789058407991734,1.0610836522822158,2.7284700631262675,0.03355441129181924,1.7984398638302017
JShape_2,6,spline,7,14,0.7549008519041842,0.9224560271598609,4.181298835399383,0.029170620871753036,1.2698680730756309
Khamesh,0,spline,7,14,0.7083449577453766,0.7547330165445745,1.3909784371708593,0.023866753576103995,1.2865780806193108
Khamesh,1,spline,7,14,0.5455646884217609,0.6315572151228372,2.2917513453983,0.019971592725011037,0.9533554629169493
Khamesh,2,spline,7,14,0.47424231809141726,0.5604663394540254,1.6348445002259127,0.017723501845318117,0.7964119471891442
Khamesh,3,spline,7,14,0.5062738699892484,0.6002709602604029,1.703520751298945,0.018982234476792932,0.8088159587639215
Khamesh,4,spline,7,14,1.06532037888054,1.2178414475095487,2.6554293425828637,0.038511528030865674,1.7212967030566038
Khamesh,5,spline,7,14,0.4291317554216052,0.5124257669157868,1.0051484221497282,0.016204325552124418,0.7403704711373755
Khamesh,6,spline,7,14,0.8333516658645084,0.9532732006795365,1.8869933504628027,0.030145145465461064,1.3486646049311521
LShape,0,spline,7,14,0.6612239699068777,0.8178009609242985,1.8788540808871843,0.02586113709195143,1.1640471280787814
LShape,1,spline,7,14,0.8208009293028808,0.9576544465409829,1.9398727937569746,0.030283692624574633,1.4359947774937143
LShape,2,spline,7,14,0.3710040138511557,0.4546829974017843,1.2044984857165102,0.014378338851420596,0.6176585207810483
LShape,3,spline,7,14,0.5651081143915241,0.6306519062779596,1.1666713504461164,0.019942964345653943,0.9877456448299172
LShape,4,spline,7,14,0.6772326689213207,0.7675407146091072,1.4074309567918446,0.024271768550780535,1.1319998831092115
LShape,5,spline,7,14,0.9777434982147375,1.1193777075813731,2.335384469013331,0.03539783117975069,1.5844795069690154
LShape,6,spline,7,14,0.7843491093063563,0.8829143698358742,1.848033633908297,0.027920203875736273,1.2727270117537859
Leaf_1,0,spline,7,14,0.9108868113802494,1.0285532575070546,3.3396985158016412,0.032525709885079725,1.9681487578755552
Leaf_1,1,spline,7,14,0.9232349670711105,1.0753485863804144,3.5168516590913725,0.03400550811604431,1.7441336001872538
Leaf_1,2,spline,7,14,1.0107139811629766,1.1289758939730559,3.4201294385794054,0.035701352483796196,1.9045858442802193
Leaf_1,3,spline,7,14,0.8846649632780424,0.9883834203598517,3.0947324498632915,0.031255428098847717,1.6997564146468425
Leaf_1,4,spline,7,14,0.956900133137208,1.0495105056061915,2.892533190427772,0.0331884362599048,1.6738666192849772
Leaf_1,5,spline,7,14,0.8016989388717677,0.8908507848508038,2.8886269164955634,0.028171175354771642,1.5532847112027859
Leaf_1,6,spline,7,14,0.9268948389334946,1.0367189437775337,2.790678128623931,0.032783931557810536,1.629605616490404
Leaf_2,0,spline,7,14,1.9497136979873209,2.1324023349294445,4.203283573851983,0.06743248266238272,3.477354171141618
Leaf_2,1,spline,7,14,1.46756316657944,1.5981382888693874,3.5262508613731574,0.05053757008751383,2.5034082370257025
Leaf_2,2,spline,7,14,1.4984041318115384,1.632150800060605,4.0297377122097755,0.05161314013057598,2.4862362250391046
Leaf_2,3,spline,7,14,1.693668592927404,1.8810070910951209,4.839818842019203,0.05948266702788409,2.9658691741644336
Leaf_2,4,spline,7,14,1.49202341430681,1.624918557378955,4.426364113807162,0.05138443653592501,2.531446293284347
Leaf_2,5,spline,7,14,1.1454614508335026,1.2855201661641429,2.9480731520708052,0.04065171703156812,1.9914230256583276
Leaf_2,6,spline,7,14,1.5168971852197195,1.6570406022893795,3.465419863394009,0.05240022478611661,2.572743339590983
Line,0,spline,7,14,0.32204901237973876,0.39922686528930373,1.3608943627670314,0.01262466197443416,0.6292150719945052
Line,1,spline,7,14,0.3027261273747852,0.36836770376156075,1.0068955732066804,0.01164880960332707,0.5629902596015305
Line,2,spline,7,14,0.28469517598511546,0.37179889560799656,1.2287740036632457,0.011757313416564427,0.521797540337403
Line,3,spline,7,14,0.2855644269168498,0.37874335906405304,1.0476596447328703,0.011976916633053862,0.5394064786127798
Line,4,spline,7,14,0.3301208312583704,0.4643593304862954,1.9836616780366705,0.014684331370875575,0.6067918842934434
Line,5,spline,7,14,0.2859036080600718,0.39621617205319043,1.1256059736838449,0.01252945549481235,0.5223795691278414
Line,6,spline,7,14,0.35818536297263726,0.43276642695288775,1.423450489957898,0.013685276040240078,0.7309589225412032
Multi_Models_1,0,spline,7,14,0.4111457963909072,0.486939045087054,1.4647231401415237,0.01539836464142514,1.4168118466827926
Multi_Models_1,1,spline,7,14,0.3134309259191391,0.35217593143784526,0.9201754622675672,0.01113678080434889,1.0062346336208288
Multi_Models_1,2,spline,7,14,0.3599455006379755,0.39881702344957604,0.7190615331445004,0.012611701637494428,1.2055619625155036
Multi_Models_1,3,spline,7,14,0.12164212215525333,0.14077708119324409,0.3008161048784235,0.004451762189211059,0.5660308657912111
Multi_Models_1,4,spline,7,14,0.12898561955624138,0.14771015006630933,0.4400924210551988,0.004671005077348088,0.5654856219675646
Multi_Models_1,5,spline,7,14,0.07897316676584472,0.09406532811332835,0.2506247038859717,0.002974606856891868,0.5758246889385457
Multi_Models_1,6,spline,7,14,0.1132974157073879,0.1389879785542397,0.33828399264770237,0.00439518579614034,0.8485279417051664
Multi_Models_2,0,spline,7,14,0.31441543579562253,0.36428085079217604,0.7327059297742511,0.011519571964872289,0.9485412857099517
Multi_Models_2,1,spline,7,14,0.43458986418579043,0.4874548324299439,1.068607464250011,0.015414675269343325,1.231444590283958
Multi_Models_2,2,spline,7,14,0.353652975773128,0.3960256603112662,1.3044713244445085,0.012523430984557483,1.0676320738606548
Multi_Models_2,3,spline,7,14,0.4711028611528268,0.5108573404242593,0.9807579836984788,0.01615472755156668,1.3468170242846422
Multi_Models_2,4,spline,7,14,0.3360923305961825,0.3695021322762512,0.6673905757726029,0.011684683382817708,1.4351481307730136
Multi_Models_2,5,spline,7,14,0.5188594558346892,0.6164774868800222,1.5679196714982229,0.019494729847574395,2.2193522638616785
Multi_Models_2,6,spline,7,14,0.38076651866794065,0.4384701016453615,1.0700038423903495,0.013865642070848855,1.5078503059018062
Multi_Models_3,0,spline,7,14,0.6368651022644317,0.7216846761624292,2.404081129797426,0.02282167329114301,1.9483128793360225
Multi_Models_3,1,spline,7,14,0.7784711068632568,0.871630682080199,1.7681402737788567,0.027563382338595406,2.244545465997765
Multi_Models_3,2,spline,7,14,1.1228274719279712,1.2573096663178072,3.7514433121411632,0.03975962269710561,2.9980581355337903
Multi_Models_3,3,spline,7,14,1.0364304150580583,1.1698743229662671,3.4931000726400123,0.03699467436720834,2.884309221105937
Multi_Models_3,4,spline,7,14,0.5593945059501058,0.6484240736452125,1.7795834957611008,0.020504969624036314,1.8876257107531553
Multi_Models_3,5,spline,7,14,0.6601218162044702,0.7604954246205474,2.7335802960511497,0.02404897691937823,1.9676452922524361
Multi_Models_3,6,spline,7,14,0.3714269444981958,0.41448673750186604,1.5905571872272444,0.013107221504382264,1.1539221338221184
Multi_Models_4,0,spline,7,14,0.5158667074789361,0.5953497201392777,2.177403528936249,0.018826611199839346,1.2281649695527856
Multi_Models_4,1,spline,7,14,0.45388706413221613,0.5421879942269755,2.4994093034939207,0.01714548981755467,1.0635799216379915
Multi_Models_4,2,spline,7,14,0.8234951217733759,1.0087261497671884,3.153688736597992,0.03189872168636443,1.775878658109817
Multi_Models_4,3,spline,7,14,0.5162132090052582,0.6620665962628335,2.6544806336661035,0.02093638406905676,1.105483875187463
Multi_Models_4,4,spline,7,14,0.3669130727081379,0.4114754140978595,1.0994257129707434,0.01301199509710194,1.4206979925648633
Multi_Models_4,5,spline,7,14,0.4109294462968443,0.48548736507628143,1.140932997399413,0.015352458488747351,1.5827283855017698
Multi_Models_4,6,spline,7,14,0.3697162983810356,0.4173350847153952,0.7611786553640828,0.013197294151999724,1.3228381318220543
NShape,0,spline,7,14,1.321073351803917,1.5097091677169527,2.800643625762951,0.047741195744227166,2.1694993612981843
NShape,1,spline,7,14,1.475613407843196,1.6645007646389252,3.4127838003691258,0.05263613583350858,2.339535142013009
NShape,2,spline,7,14,1.4740748014420486,1.6670319793696253,3.4389966159285486,0.05271617987146841,2.3052673546190405
NShape,3,spline,7,14,1.4653440855823856,1.7404186605582483,3.3909620855584377,0.05503687049623522,2.185407315432704
NShape,4,spline,7,14,1.1445937469762506,1.3549626549791134,2.8223078773922023,0.04284768134202886,1.7946652723359238
NShape,5,spline,7,14,1.452298089090652,1.6367980080521238,3.5389537863113447,0.051760097750713344,2.2140835473549454
NShape,6,spline,7,14,1.7223804693384368,1.9304411879907788,3.908524053513908,0.06104591043052147,2.5142536455329143
PShape,0,spline,7,14,0.7685472793987446,0.848767127095411,2.506900548225896,0.026840373246991137,1.3663939726868441
PShape,1,spline,7,14,0.7368370120890154,0.8526745561019876,2.0073316352421116,0.02696393700155305,1.17363057435787
PShape,2,spline,7,14,0.7126379772591424,0.8082973068801445,2.080181458043867,0.025560605163213457,1.118359185158945
PShape,3,spline,7,14,0.6704864404465575,0.7644786509631019,2.21820543452331,0.024174937596162765,1.0488410482206816
PShape,4,spline,7,14,0.6829935713333964,0.7753346348492897,2.6890330627742447,0.024518233949387166,1.164301700041356
PShape,5,spline,7,14,0.9105702690462175,1.0328126780277096,2.7720170593305817,0.03266040458865703,1.449961676740567
PShape,6,spline,7,14,0.71751136170412,0.8215662246861082,1.747806718346857,0.02598020518673755,1.1052394130590453
RShape,0,spline,7,14,0.7680729701296315,0.8619053952964237,2.970894945580993,0.027255841767244774,1.2317047956115441
RShape,1,spline,7,14,0.9362647554134886,1.0036209907486928,3.400872030947383,0.03173728238320647,1.4834438518714472
RShape,2,spline,7,14,0.7408148239183246,0.8461208295523371,3.4863102704287283,0.026756689970964927,1.1794581412964054
RShape,3,spline,7,14,0.8589070591472135,0.9844331486135686,3.442586067300799,0.03113050953789906,1.410644241081188
RShape,4,spline,7,14,0.6941690437536554,0.8009376836722937,3.336516436481088,0.025327873442639023,1.109948453416105
RShape,5,spline,7,14,0.6348909083648747,0.7609477444428133,3.2497408386200224,0.024063280528070254,0.9695028228708378
RShape,6,spline,7,14,0.576062620061954,0.6591573465938156,2.5785602454213996,0.020844385516694888,0.9030588499681708
Saeghe,0,spline,7,14,0.7401631443777957,0.8898162754378502,2.6119797805415406,0.028138461294713472,1.381007352869713
Saeghe,1,spline,7,14,0.47589267097727916,0.5293149990814805,1.5056232390856392,0.01673840996787412,0.8837532228712601
Saeghe,2,spline,7,14,0.35625178212480274,0.4065071494838013,1.486829219425434,0.012854884775113528,0.6497390493105067
Saeghe,3,spline,7,14,0.5449183145526652,0.6115612837909853,1.5547303936286603,0.01933926585556127,1.010367400841674
Saeghe,4,spline,7,14,0.42335985106692325,0.4519887358217558,1.3754424320556005,0.014293138819368856,0.7628544113000718
Saeghe,5,spline,7,14,0.46964709750117645,0.5727280033726557,2.323078553120239,0.018111249704181893,0.8260695661037512
Saeghe,6,spline,7,14,1.10820638723532,1.3350922814073745,4.19406260118754,0.042219324957577756,1.8996107732371212
Sharpc,0,spline,7,14,0.6781779002302485,0.7745480968570038,1.5025656061318864,0.02449336143416837,1.2645020590137905
Sharpc,1,spline,7,14,0.7058445736733027,0.8018003797388897,1.6886990519895175,0.02535515428762814,1.3293832128561143
Sharpc,2,spline,7,14,0.8082253994479756,0.8879424813716594,1.9988158732868508,0.028079206723560755,1.3565968667084491
Sharpc,3,spline,7,14,0.8795605240647388,0.976061584625697,2.0548836490787536,0.030865777440103895,1.4965561783724768
Sharpc,4,spline,7,14,0.9355249716422577,1.0191394595613321,2.5653671085495238,0.03222801945566876,1.597031216846618
Sharpc,5,spline,7,14,1.2540177043811491,1.4307083321966694,2.842182133525942,0.045242969971222874,2.151125834424373
Sharpc,6,spline,7,14,1.3104304656796613,1.46918923934033,2.8842338081912993,0.046459843101257,2.1114901139155293
Sine,0,spline,7,14,1.0625086321728303,1.1695473137413457,2.888627933470453,0.036984333427541954,2.1249510682514656
Sine,1,spline,7,14,1.0490369596710436,1.2598726147765122,4.753323885190984,0.039840670243656874,2.0320529526269095
Sine,2,spline,7,14,1.0190332803489273,1.1110934217838944,3.4610961568675696,0.035135859060672514,1.9339868775506723
Sine,3,spline,7,14,0.9977972925850375,1.084623904561172,3.4303623121222464,0.034298819430783944,1.7670490251352604
Sine,4,spline,7,14,0.9694931822729447,1.1247322160717432,4.426820805131817,0.03556715560555347,1.8791811030447814
Sine,5,spline,7,14,0.9345498591327344,1.0456278062830675,2.1549213003543644,0.03306565452659815,1.782052909727887
Sine,6,spline,7,14,0.7104229925366154,0.8224393143330175,3.633912018169557,0.02600781470559501,1.3080986192146469
Snake,0,spline,7,14,2.363560042498125,2.709107142733003,6.92010182181764,0.08566948996467164,4.161850510497522
Snake,1,spline,7,14,2.537667564245248,2.897581526946593,6.7560299087010165,0.09162957331179791,4.4330476249466235
Snake,2,spline,7,14,2.468318939250015,2.7592815706147564,6.233666743838003,0.08725614468869364,4.157432295741497
Snake,3,spline,7,14,2.1994530604768365,2.575018444252542,7.380910941372809,0.08142923300781348,3.8143091043382173
Snake,4,spline,7,14,2.7490925512739386,3.1409649591506703,6.550979940779856,0.0993260332169385,4.596445315129591
Snake,5,spline,7,14,2.4265568377659337,2.730784481508366,5.919973214502892,0.08635498760608397,4.207435976749806
Snake,6,spline,7,14,2.442870902417933,2.7808671646098593,5.532264821258324,0.08793874110541541,4.066907214930633
Spoon,0,spline,7,14,0.467324429380983,0.5331633991227213,1.1283505105556997,0.01686010706265219,0.9197895493749613
Spoon,1,spline,7,14,0.33850077883961954,0.3930748000305578,1.2051003279162895,0.012430116589117858,0.6350740915964767
Spoon,2,spline,7,14,0.4868392728057132,0.5850855331460885,1.6074773330707277,0.01850202910755581,0.9238816450663188
Spoon,3,spline,7,14,0.5478344652651616,0.6265252623629199,1.5233071711380226,0.01981246840701395,1.0096097752222464
Spoon,4,spline,7,14,0.5061354385096973,0.5857633332097706,1.3558509230916338,0.018523463027550244,0.9682259073704964
Spoon,5,spline,7,14,0.6627064930985782,0.8909324022018196,2.6395734501828754,0.028173756322029637,1.2556047462581774
Spoon,6,spline,7,14,0.3850604084632597,0.4296537746903938,1.2821286430148287,0.013586845333104504,0.7338003479387034
Sshape,0,spline,7,14,2.3049816097268856,2.6397074063963712,4.992135484245883,0.08347487760628257,3.9328583912408903
Sshape,1,spline,7,14,1.4374215536906103,1.6057268305441914,3.2432466538351186,0.05077754084562874,2.4101730157610697
Sshape,2,spline,7,14,1.2040396054226197,1.3700905026434613,3.944764473077392,0.043326065889182835,1.8689076745345439
Sshape,3,spline,7,14,1.170287280829936,1.329008409623383,4.404599998373289,0.042026936039279296,1.7780325409722462
Sshape,4,spline,7,14,1.7260329767469305,1.9737162663939336,6.445214190606662,0.06241438856728479,2.6183631794373503
Sshape,5,spline,7,14,1.4452712239323617,1.6501207079403901,4.483507523640036,0.05218139851301126,2.2066934061126355
Sshape,6,spline,7,14,1.5861227437055112,1.8124209700523446,3.8257220543835233,0.05731378344417233,2.378676565857051
Trapezoid,0,spline,7,14,0.5091245794123505,0.5903874112134544,2.3431061133699096,0.018669689213249494,1.0384238502782919
Trapezoid,1,spline,7,14,0.587943938531163,0.7133418518902864,2.488842446755673,0.022557850022957935,1.0709091509804458
Trapezoid,2,spline,7,14,0.5725422401765113,0.6712746049220283,2.657929777207095,0.021227566869832848,1.1373582882591042
Trapezoid,3,spline,7,14,0.6877287826628408,0.8018744938398289,2.58648587974594,0.025357497981285178,1.246224638443703
Trapezoid,4,spline,7,14,0.6789512641489212,0.7774425050520501,2.609680948670358,0.024584890657914405,1.2409479250660027
Trapezoid,5,spline,7,14,0.6090575766439208,0.7176262203310385,2.600278392737916,0.02269333364903915,1.0888604995547948
Trapezoid,6,spline,7,14,0.8629571081630063,1.0057649688563308,2.823671775865871,0.03180508092394321,1.5829669398336106
WShape,0,spline,7,14,1.1456180942501533,1.3092341288656546,2.7955827640579898,0.04140161837641868,2.3262202014399014
WShape,1,spline,7,14,1.1608517217852314,1.3323195301033406,3.184354715075746,0.04213164286251827,2.2054166534289843
WShape,2,spline,7,14,1.5593160971456386,1.8031349441119993,4.676588637039195,0.05702013352034335,3.035447074650813
WShape,3,spline,7,14,1.2717258252109982,1.4480637365162325,4.618835485513237,0.045791796044852326,2.3502350363151376
WShape,4,spline,7,14,1.5765541337285338,1.8041314969308346,4.0860292426701905,0.05705164728750515,2.780256877320192
WShape,5,spline,7,14,2.6619185590382717,3.0360445381006236,7.441462291650291,0.09600815818111827,4.903542334330373
WShape,6,spline,7,14,1.1306168490036193,1.28036779629423,2.5143124506315906,0.04048878479020262,2.160986360827607
Worm,0,spline,7,14,0.9450180379915503,1.0663679936510824,2.0718273095823276,0.03372151683841394,1.916741104286974
Worm,1,spline,7,14,0.5398932172780686,0.6300988151495777,2.0905864955402005,0.019925474068460746,1.0885085515206656
Worm,2,spline,7,14,0.39775418512343524,0.4743548069372902,2.3114706748490645,0.015000416089712774,0.7966310113681042
Worm,3,spline,7,14,0.8141038322472133,0.8994340921613586,2.24546573016752,0.028442603364356913,1.608847627851979
Worm,4,spline,7,14,0.28747047539340953,0.3450802789190183,1.3649133208729773,0.010912396569902852,0.5622700015794045
Worm,5,spline,7,14,0.533956145844393,0.5902226674216057,1.834622850146468,0.018664479557123345,1.0214928006938815
Worm,6,spline,7,14,0.592522853469796,0.6445664421303671,1.936966059741023,0.020382980604430743,1.159011221952396
Zshape,0,spline,7,14,0.7189468621557087,0.8273738685498425,1.8900751284408828,0.026163859011222562,1.2785071465116524
Zshape,1,spline,7,14,0.7021114295820519,0.8066599539290029,3.2134205432064102,0.0255088275166214,1.1602369120812832
Zshape,2,spline,7,14,0.5260573089471281,0.6006094736414498,2.0865702332871146,0.018992939209818455,0.9330000645647449
Zshape,3,spline,7,14,0.6013181569462454,0.7605560622204712,3.8338392508738304,0.024050894448654277,0.9658678188671943
Zshape,4,spline,7,14,0.7980790968216542,0.9721440088334464,3.6590365415443036,0.03074189281600539,1.3197060939703522
Zshape,5,spline,7,14,0.8550635956836893,0.9355604312040705,2.155360537587827,0.029585018513341284,1.2860417630364427
Zshape,6,spline,7,14,0.9555934284355249,1.196857449726879,3.1002363713375796,0.03784795575677408,1.5066153862706868
heee,0,spline,7,14,2.457036101247196,2.8284969847057844,5.97562143206079,0.08944492826588724,4.541208906753132
heee,1,spline,7,14,1.4982239961771908,1.6611216846786907,3.338340151366961,0.052529279942806865,2.5238403421330173
heee,2,spline,7,14,1.1800239480645076,1.4542786894742412,3.431590608674388,0.0459883301138334,2.0751803905128767
heee,3,spline,7,14,1.5589559493010565,1.7279417299131634,4.7576633831469985,0.054642315305771,2.651849923586995
heee,4,spline,7,14,1.4019511952895645,1.6333909608273274,3.348850049038026,0.05165235745745222,2.309429891985065
heee,5,spline,7,14,2.4612875762179534,2.9941247148316372,8.073445028066981,0.09468253697470107,4.079434922719613
heee,6,spline,7,14,1.918110430697726,2.181141745261382,5.190257432326278,0.06897375814700739,3.0354686728448153
Angle,0,spline,12,24,0.14436508334719428,0.16397679793390657,0.3842519571185762,0.005185401648923373,0.2453921937135207
Angle,1,spline,12,24,0.1292450853936761,0.1459399533527508,0.31733489324608904,0.004615026542134192,0.21665015411336414
Angle,2,spline,12,24,0.16544252002112933,0.18989179826083225,0.7318453370977469,0.006004905914894305,0.27599224701607233
Angle,3,spline,12,24,0.135602317003526,0.15195787401350486,0.34945193815346753,0.004805329902795875,0.2148662069688749
Angle,4,spline,12,24,0.23400685296153015,0.27244717878633373,0.5877874665003376,0.008615536270519236,0.37048141476313895
Angle,5,spline,12,24,0.2343435145683585,0.26512185315361675,0.5786398161777395,0.008383889134501239,0.37930425087399244
Angle,6,spline,12,24,0.22298968126586272,0.25249859352647336,0.6407576514483058,0.007984706615327028,0.35306036947677677
BendedLine,0,spline,12,24,0.10504833172848294,0.1219704476541629,0.29574299222983075,0.0038570442181749603,0.24474992554770197
BendedLine,1,spline,12,24,0.21436847254532732,0.2770177938583282,0.7845792478313673,0.008760071809873204,0.48084019353061735
BendedLine,2,spline,12,24,0.18100258104958522,0.24415183682222846,0.7603879403333594,0.007720758992720086,0.3846238355640216
BendedLine,3,spline,12,24,0.16840591394156695,0.19246918929834972,0.377302373268446,0.006086410175888903,0.3484226556574765
BendedLine,4,spline,12,24,0.16926187267225265,0.1901822987063539,0.37969944030571867,0.006014092345585726,0.33112433084145265
BendedLine,5,spline,12,24,0.1849154138998488,0.21314391420450243,0.5020588978856229,0.0067402023828974375,0.3409328412398367
BendedLine,6,spline,12,24,0.20256542891803758,0.24838398940526427,0.6639588557492888,0.007854591408397667,0.39200686850874517
CShape,0,spline,12,24,0.21992917080688362,0.27179873728797654,0.7632172239902275,0.008595030749877426,0.4122617086834612
CShape,1,spline,12,24,0.21541714157398145,0.25550321584950975,0.6210952344049473,0.00807972111582084,0.35265219563200173
CShape,2,spline,12,24,0.1688133582915927,0.190943495656487,0.47849836778290966,0.006038163506689668,0.2654670680667217
CShape,3,spline,12,24,0.18192171629951856,0.22918428453948878,0.6751366689972075,0.007247443430608986,0.3147773331918993
CShape,4,spline,12,24,0.16488521099133716,0.18788281189074785,0.5900131932327908,0.005941376187717298,0.2408130109997112
CShape,5,spline,12,24,0.20737327184151605,0.24813901849799508,0.7430605544727665,0.00784684474812318,0.32621428191131446
CShape,6,spline,12,24,0.26060958080039687,0.2962821466251007,0.9969862493838781,0.009369264133792882,0.39437907839507247
DoubleBendedLine,0,spline,12,24,0.19001333902686127,0.23246327632744188,0.5196698916009186,0.007351134255398182,0.4256172070171633
DoubleBendedLine,1,spline,12,24,0.18474201694895467,0.21563414824234683,0.4560293987042386,0.006818950497562101,0.3778211942090219
DoubleBendedLine,2,spline,12,24,0.12858899043339356,0.15917057486401848,0.4659262353296176,0.005033415530486442,0.26111192639398495
DoubleBendedLine,3,spline,12,24,0.17516163946792954,0.20425429326451072,0.5484494620887619,0.006459087885838429,0.3334725156473201
DoubleBendedLine,4,spline,12,24,0.16005449907216884,0.17746474948785812,0.419280248480463,0.005611928127728315,0.31409212466920955
DoubleBendedLine,5,spline,12,24,0.244748466499894,0.2938028231975602,0.7594836197769844,0.009290861042920448,0.4475453906460964
DoubleBendedLine,6,spline,12,24,0.20516272628959148,0.24426663512812924,0.5514687867990338,0.007724389233901838,0.37638264100412444
GShape,0,spline,12,24,0.30646406410503935,0.38238427454964347,1.1206988102737405,0.012092052490080296,0.6261692904479531
GShape,1,spline,12,24,0.25225741837747145,0.2860103251314959,0.6097877046280729,0.009044440617408242,0.4299605117103548
GShape,2,spline,12,24,0.36912010657894895,0.45994671970109946,1.2962722135122198,0.014544792365785143,0.5539921586963854
GShape,3,spline,12,24,0.24139759417319678,0.2843533818241213,0.5666902567079997,0.00899204346935748,0.3676746705640527
GShape,4,spline,12,24,0.36927279319125716,0.434715397137668,1.0644353219811638,0.013746907888996728,0.6262373483674077
GShape,5,spline,12,24,0.31013644792321493,0.3441707519169063,0.6339006930821215,0.010883634800701864,0.4990053479238966
GShape,6,spline,12,24,0.41139261986748643,0.5213098188196651,1.5109398019533506,0.016485263940798522,0.6812820523023225
JShape,0,spline,12,24,0.1900737161288373,0.22947580891291725,0.6146043392095364,0.007256662240743861,0.39181870202306973
JShape,1,spline,12,24,0.23435777499785365,0.26423352618382195,0.5861682971010543,0.008355797769186168,0.4398874636520622
JShape,2,spline,12,24,0.2658389436210651,0.3323051371699239,0.8550138798844283,0.010508411116316391,0.5087544561908415
JShape,3,spline,12,24,0.28416950670959984,0.3132389771663617,0.701598840532379,0.009905486197871786,0.5193796698168067
JShape,4,spline,12,24,0.19518164554027226,0.2238726002527844,0.539036226288985,0.0070794732250318605,0.34098880152779476
JShape,5,spline,12,24,0.18166077133450703,0.2069475411343718,0.6505760807120657,0.006544255861560007,0.30923559422681157
JShape,6,spline,12,24,0.18493472588418938,0.20773467047268354,0.6386173987527957,0.006569147076782069,0.3298770465471842
JShape_2,0,spline,12,24,0.22780961375817707,0.25378550961658747,0.543589310315222,0.008025402475349818,0.5131545639224883
JShape_2,1,spline,12,24,0.14123091967270096,0.1632075664266565,0.6215799372597062,0.005161076412814627,0.30524733261611137
JShape_2,2,spline,12,24,0.2481353022855185,0.28071509891942986,0.7883808733266989,0.008876990861848698,0.4714127046321884
JShape_2,3,spline,12,24,0.21546009702074934,0.2486555814587737,0.7444573172032461,0.007863179903232587,0.39319952590988694
JShape_2,4,spline,12,24,0.24476191507532025,0.2859145125114539,0.6172415803874313,0.009041410756329032,0.4453925562391194
JShape_2,5,spline,12,24,0.2975422784199876,0.35373990438683806,1.0769518751107254,0.011186237971525964,0.546642866333812
JShape_2,6,spline,12,24,0.34950988252053783,0.41216777307332486,1.1505256695386785,0.013033889410311254,0.5879334218761469
Khamesh,0,spline,12,24,0.1389146284589925,0.16233104561824596,0.5047723461622149,0.0051333583911035326,0.2523128231498755
Khamesh,1,spline,12,24,0.14996814652486112,0.18254609364109262,0.4561232528574144,0.0057726143387223225,0.2620641599195244
Khamesh,2,spline,12,24,0.1828624297051928,0.2071289041465288,0.49092187679153326,0.006549991063577257,0.30708736473655973
Khamesh,3,spline,12,24,0.18980189716310963,0.22053163300022763,0.5284521974801211,0.006973822563970716,0.3032248206537934
Khamesh,4,spline,12,24,0.2884046387188343,0.3521661339486302,0.9806486259921308,0.011136470980536184,0.4659912300697927
Khamesh,5,spline,12,24,0.17324122578017317,0.20002185403068018,0.4926069487513323,0.006325246405466804,0.29888882920181514
Khamesh,6,spline,12,24,0.3277588131515523,0.3909796450750611,0.88822785303509,0.012363861972014275,0.5304323833002462
LShape,0,spline,12,24,0.1596250697575844,0.20262996919808007,0.48801114799553286,0.006407722248756954,0.28101084122352615
LShape,1,spline,12,24,0.19008626946352541,0.2157558838515258,0.44565987927899187,0.006822800115535636,0.3325567509465628
LShape,2,spline,12,24,0.14994293707005693,0.18408608072929464,0.4527230999549407,0.005821313006382013,0.24962946290228843
LShape,3,spline,12,24,0.15153747415174904,0.17183585658440467,0.42621050198180455,0.005433926904927605,0.2648705200120575
LShape,4,spline,12,24,0.16204301877913913,0.1816183409220511,0.45722220866470775,0.005743276221746468,0.27085621638545027
LShape,5,spline,12,24,0.22745887429052322,0.2671156604936778,0.6225580103115945,0.008446938858602787,0.3686078461781001
LShape,6,spline,12,24,0.20615212566297608,0.23025296971846612,0.5220755582091255,0.007281238223281318,0.3345135166836152
Leaf_1,0,spline,12,24,0.20520933980595307,0.2390982572176276,0.5012672228255657,0.007560950773844966,0.44339483478913677
Leaf_1,1,spline,12,24,0.28806655009277327,0.331337639834599,0.9235169866452071,0.01047781616421869,0.5442022529765514
Leaf_1,2,spline,12,24,0.255739035513261,0.28348116879942903,0.7919574533447034,0.008964461671728558,0.4819137322192564
Leaf_1,3,spline,12,24,0.19603712107705082,0.2248298089782001,0.5336997067446831,0.007109742822716863,0.3766571164126573
Leaf_1,4,spline,12,24,0.28495638919278904,0.3141586755314741,0.8193705577885145,0.00993456961381267,0.49846266219862145
Leaf_1,5,spline,12,24,0.2059939197613801,0.2490352557318979,0.7076133718267652,0.007875186257953,0.39911142531431504
Leaf_1,6,spline,12,24,0.24697141650765753,0.2710730469236452,0.8230538542948737,0.008572082405604182,0.43420892052496024
Leaf_2,0,spline,12,24,0.7107632877144633,0.8713342227522662,1.9790291435801104,0.0275540074714967,1.2676608292692475
Leaf_2,1,spline,12,24,0.5525220559333718,0.6193405448891417,1.1661205462997544,0.01958526769139444,0.9425068013841477
Leaf_2,2,spline,12,24,0.49320606213533985,0.574214113128588,1.3557574851560066,0.018158244620999322,0.8183551767221087
Leaf_2,3,spline,12,24,0.32766237630581097,0.3941695101738397,0.9554214373362998,0.01246473436342246,0.5737862445327437
Leaf_2,4,spline,12,24,0.31924600320208446,0.3581395191633373,1.1497117517206146,0.011325366006736667,0.5416497514063648
Leaf_2,5,spline,12,24,0.4912410041993185,0.5815721130045892,1.5179907057590254,0.01839092500731333,0.8540389082480239
Leaf_2,6,spline,12,24,0.5783931040609095,0.6460736331806463,1.1603353356209827,0.02043064217030978,0.9809873870406828
Line,0,spline,12,24,0.11771205834795839,0.1338901003703005,0.29733921025967336,0.004233976733187033,0.22998425215071955
Line,1,spline,12,24,0.0907694530239578,0.10886153006281936,0.4977417358025073,0.003442503845694021,0.1688070942703288
Line,2,spline,12,24,0.09295181538150742,0.11012908758237523,0.41950550880012727,0.003482587533964721,0.17036477161278896
Line,3,spline,12,24,0.07606571747833983,0.10191317957165949,0.558915743801769,0.003222777710361872,0.14368155463598067
Line,4,spline,12,24,0.1258448830003108,0.14596947339495123,0.3277579285599901,0.004615960047833969,0.2313142536124349
Line,5,spline,12,24,0.14020886663989734,0.18823237213506924,0.7254501644589179,0.005952430253232303,0.25617811485563163
Line,6,spline,12,24,0.1255286441226947,0.14628508993808376,0.41673344737269735,0.004625940719269245,0.2561698269702678
Multi_Models_1,0,spline,12,24,0.16323655221422717,0.21052097368695752,0.6917880494077052,0.0066572577208716096,0.5625145216585903
Multi_Models_1,1,spline,12,24,0.0946914782025424,0.10418673090925312,0.19475623563967803,0.003294673716403055,0.3039963098623246
Multi_Models_1,2,spline,12,24,0.10158725926444147,0.11869654859518568,0.287103172801794,0.003753514439616461,0.34024521886881
Multi_Models_1,3,spline,12,24,0.04686055634619704,0.054435465398406276,0.13416522760605545,0.0017214005615024896,0.21805375317476103
Multi_Models_1,4,spline,12,24,0.06731923210771637,0.07903294478766108,0.1742271986881782,0.0024992411571934155,0.2951341240192445
Multi_Models_1,5,spline,12,24,0.03901144970034691,0.05996246661709493,0.20545820366990108,0.0018961796863183151,0.28444795629569936
Multi_Models_1,6,spline,12,24,0.05114374295874958,0.0668285424910644,0.16636152002715668,0.0021133040698110626,0.3830351705105667
Multi_Models_2,0,spline,12,24,0.10352527753498485,0.1229584624463359,0.27873809681960254,0.0038882879892270066,0.31231927150149563
Multi_Models_2,1,spline,12,24,0.12450443198392268,0.13758576152607588,0.629955555448412,0.004350843800311638,0.3527931087859724
Multi_Models_2,2,spline,12,24,0.10342223258762356,0.1199414633138569,0.2996365938351797,0.0037928820996531495,0.31221819191380734
Multi_Models_2,3,spline,12,24,0.11950617916173682,0.13660806113545296,0.6534792895078158,0.004319926199275592,0.3416514096483575
Multi_Models_2,4,spline,12,24,0.07654768614341534,0.08649007921402573,0.19064948431678055,0.0027350564532470706,0.3268663360715487
Multi_Models_2,5,spline,12,24,0.15005986607535318,0.1811431232343331,0.49216678758339766,0.005728248518970592,0.6418611046672762
Multi_Models_2,6,spline,12,24,0.12277167315977264,0.14305150581283332,0.3505524640122579,0.0045236858108537,0.4861806273767484
Multi_Models_3,0,spline,12,24,0.28371122643441116,0.31974215438338516,0.6347564527650311,0.010111134718206878,0.8679361367250298
Multi_Models_3,1,spline,12,24,0.2548253964799742,0.2997418083994899,0.6936065098703429,0.009478668245201775,0.7347314283697345
Multi_Models_3,2,spline,12,24,0.3063708451023603,0.34017026576782206,0.9076558932364701,0.010757128320911242,0.8180398392571716
Multi_Models_3,3,spline,12,24,0.263955805940379,0.29037375104451296,0.6590583285681518,0.009182424260273579,0.7345694935010534
Multi_Models_3,4,spline,12,24,0.1250519746112048,0.14282874641529697,0.37647286528602464,0.004516641540189481,0.42197647625379997
Multi_Models_3,5,spline,12,24,0.11564576642894905,0.13078126887480448,0.28145506879351584,0.004135666849312684,0.3447088738730061
Multi_Models_3,6,spline,12,24,0.12695830038582093,0.14951928804739711,0.46695024074540886,0.0047282150435656485,0.3944247854327315
Multi_Models_4,0,spline,12,24,0.21569787128666543,0.24657765466461581,0.5691232803971251,0.007797470088426281,0.5135291068036312
Multi_Models_4,1,spline,12,24,0.24789059818642864,0.30071494951393507,0.6964608549529538,0.009509441669265789,0.5808745915638512
Multi_Models_4,2,spline,12,24,0.2934008429686907,0.4502570524059069,1.6814067386110116,0.014238378181564627,0.6327229895150707
Multi_Models_4,3,spline,12,24,0.1699164544806266,0.19818323821093892,0.5664915395589045,0.006267104268142805,0.3638804611748009
Multi_Models_4,4,spline,12,24,0.0943853772147176,0.1102333085295722,0.29880744741069754,0.0034858832896951463,0.3654629009173828
Multi_Models_4,5,spline,12,24,0.126271804959811,0.14454224368656324,0.36355564554895436,0.004570827081606329,0.48634618862058115
Multi_Models_4,6,spline,12,24,0.1344597961623828,0.16457462433410075,0.4275510751218394,0.005204306579623302,0.4810946835167826
NShape,0,spline,12,24,0.2946984624020099,0.33456956844779673,0.7093998699484644,0.01058001872074643,0.4839611101712799
NShape,1,spline,12,24,0.28916050754114586,0.3404889104002652,0.7653551648688237,0.010767204748938315,0.45845420316668467
NShape,2,spline,12,24,0.33862061765285306,0.4005007512087793,0.9548350366958369,0.01266494578428177,0.5295600024587672
NShape,3,spline,12,24,0.35734016389063844,0.40431764583513874,0.8570360767853964,0.0127856465903633,0.5329354490513051
NShape,4,spline,12,24,0.2962600796043674,0.3356647139628804,0.6937341526646859,0.010614650262716258,0.46452086414942345
NShape,5,spline,12,24,0.3792695246149508,0.42380675302261706,1.041410204086368,0.013401946273119197,0.5782107824633225
NShape,6,spline,12,24,0.3986618360622384,0.44521702811034736,1.1649453578212186,0.014078998619199088,0.5819486417187043
PShape,0,spline,12,24,0.15986768158299194,0.188756691072948,0.4072065493044906,0.005969010673872876,0.28422745405242095
PShape,1,spline,12,24,0.20644902628065068,0.23224840538833325,0.4754009347523775,0.007344339439692557,0.3288310512557587
PShape,2,spline,12,24,0.16047293663837434,0.1910944086599773,0.44658843882812876,0.00604293579488533,0.25183387412104546
PShape,3,spline,12,24,0.26009782234884954,0.29727320214889047,0.6876515993682265,0.00940060406122155,0.4068706780268261
PShape,4,spline,12,24,0.2338439148090219,0.26391088979266797,0.6155355769110192,0.008345595110665132,0.39863459772385895
PShape,5,spline,12,24,0.2478927946213047,0.2805472358874052,1.0125793764137772,0.008871682566687302,0.3947362047275104
PShape,6,spline,12,24,0.18780638181019277,0.23194009506640254,0.578376505055726,0.007334589811258148,0.28929300116955703
RShape,0,spline,12,24,0.13296080222231563,0.14931667998928985,0.32334033319483396,0.004721808014206422,0.2132199206254377
RShape,1,spline,12,24,0.2011583759427524,0.23279493610007854,0.5901714714422622,0.007361622258296037,0.3187209112799871
RShape,2,spline,12,24,0.2623678790042361,0.312533360179638,0.918577198523939,0.00988317262953427,0.4177183297567676
RShape,3,spline,12,24,0.2687784773642026,0.3109117725022955,0.9575839216464633,0.009831893524673625,0.44143403780710777
RShape,4,spline,12,24,0.21972486099708954,0.2472454854689133,0.49572794058453157,0.007818588752758301,0.3513312381693252
RShape,5,spline,12,24,0.3116086097870227,0.4045354425802966,1.1626153592690516,0.012792533928180003,0.47583832566988743
RShape,6,spline,12,24,0.2133739000131529,0.23995627087124954,0.6632251537383455,0.007588083547934649,0.3344934770084164
Saeghe,0,spline,12,24,0.1915321761164394,0.2364356919901493,0.5868759102821715,0.007476753068469008,0.3573635698252618
Saeghe,1,spline,12,24,0.1495872201754198,0.19588367176674149,0.5875868261130719,0.006194385592197222,0.27778992195635566
Saeghe,2,spline,12,24,0.1707569068128857,0.20291669404546794,0.4966809278883754,0.006416789284552054,0.31142982537260644
Saeghe,3,spline,12,24,0.20823865748415554,0.23771030423880637,0.5792264238177234,0.007517059846862063,0.38610842303904874
Saeghe,4,spline,12,24,0.21856650670380032,0.2634938013493188,0.6864064049692069,0.008332405615997957,0.39383617360325457
Saeghe,5,spline,12,24,0.23676488412758465,0.28062921841282723,0.7284934531230512,0.008874275081773965,0.4164494279651943
Saeghe,6,spline,12,24,0.16554959615574102,0.19317589137754476,0.3962214604073085,0.006108758057863231,0.28377367247182517
Sharpc,0,spline,12,24,0.2863908847168522,0.32469718386162805,0.6875707688249311,0.010267826508452114,0.5339924277749094
Sharpc,1,spline,12,24,0.17825391145747432,0.20434306446255449,0.4466244628441281,0.006461895077602831,0.33572229121816
Sharpc,2,spline,12,24,0.19912213266801176,0.22869930019684725,0.44791198611830657,0.007232106879086319,0.3342241674837599
Sharpc,3,spline,12,24,0.19386190504556908,0.23505070667544156,0.8395830311476117,0.007432955987265393,0.32985249315901605
Sharpc,4,spline,12,24,0.2090054522862711,0.25184285843487175,0.6123077317062322,0.007963970451015425,0.35679243409866035
Sharpc,5,spline,12,24,0.2573983806034892,0.3138176642013559,0.7734334040653611,0.0099237858887017,0.44153787009602796
Sharpc,6,spline,12,24,0.2505833581883017,0.2876281368821244,0.6675813560842594,0.009095600316981948,0.4037637229778007
Sine,0,spline,12,24,0.23601397772993846,0.2701446160431514,0.6673394315342273,0.008542722843280219,0.47201325138780814
Sine,1,spline,12,24,0.14422103600195665,0.18130362983067003,0.4664469019795915,0.005733324183209651,0.2793655450715358
Sine,2,spline,12,24,0.21631053042674447,0.2575342932947221,0.5443408454649891,0.008143949424131509,0.41052803219351663
Sine,3,spline,12,24,0.20162966820185874,0.22498045838014158,0.388173024383194,0.007114506775099636,0.3570760426813602
Sine,4,spline,12,24,0.17000135847854944,0.18978153339727402,0.476789356886085,0.006001419033746989,0.329515819384991
Sine,5,spline,12,24,0.2475062128352447,0.2819762849207222,0.6447658441574707,0.008916873065020736,0.4719589462761155
Sine,6,spline,12,24,0.24132303746805564,0.28871096871185953,0.7530649569538012,0.009129842466030854,0.44434700933525617
Snake,0,spline,12,24,0.3642950138537606,0.43820158798315095,1.0840057399355119,0.013857150923294266,0.6414651466930856
Snake,1,spline,12,24,0.3475605695626828,0.40315224674207656,0.8307584222487853,0.01274879343519159,0.6071530326247427
Snake,2,spline,12,24,0.33627462148562004,0.3783996937836491,0.839856732528865,0.011966048982665891,0.5663931631247583
Snake,3,spline,12,24,0.2612257694137891,0.3101754828348107,0.8865402516413516,0.009808610001004628,0.45301982045788924
Snake,4,spline,12,24,0.27464689723972524,0.3055734341270882,0.6102531502419871,0.009663080442810248,0.4592058726969425
Snake,5,spline,12,24,0.4165213000230315,0.4790726304309744,1.0424068858968178,0.015149606768099724,0.7222112729957607
Snake,6,spline,12,24,0.4449869597806297,0.5305381277226059,1.255444110777593,0.016777088691647547,0.7408171571779105
Spoon,0,spline,12,24,0.16713326026432332,0.18717364405350095,0.5559902260067509,0.00591895033162694,0.32895225774461884
Spoon,1,spline,12,24,0.12704814565018796,0.14273549535305746,0.33037068773422934,0.004513692682680411,0.23835982287662105
Spoon,2,spline,12,24,0.19206541965912702,0.22150782920358042,0.7534205233474766,0.0070046925984287535,0.3644852126501344
Spoon,3,spline,12,24,0.12943335583455204,0.15263937243799464,0.4269726873849379,0.004826880775227914,0.2385340638017965
Spoon,4,spline,12,24,0.13790760247809272,0.15645080898482663,0.5445707087025741,0.004947408981679877,0.26381419553589064
Spoon,5,spline,12,24,0.3436304456210237,0.5209450621418265,2.034250631008565,0.016473729321861256,0.6510635145027759
Spoon,6,spline,12,24,0.11135640323019184,0.1258469380927471,0.4253430847979184,0.003979629609312872,0.21220921611138316
Sshape,0,spline,12,24,0.31710712673103647,0.3603078527603146,0.7944932919922867,0.011393934735671804,0.5410617677050434
Sshape,1,spline,12,24,0.31387218594982014,0.3705348719147691,1.1329586008018282,0.01171734147769426,0.526280040139862
Sshape,2,spline,12,24,0.27336820874523515,0.31888292931601764,0.8442414153480133,0.010083963635850948,0.4243215430761553
Sshape,3,spline,12,24,0.2880218521584687,0.3282538237199402,0.8420941533153745,0.010380297336144161,0.43759531017518927
Sshape,4,spline,12,24,0.20878447794953062,0.2408479354865857,0.5224419862289387,0.00761628045886905,0.31672256374349284
Sshape,5,spline,12,24,0.23133261443748562,0.27792867206825655,0.867006893915259,0.008788876308017113,0.35320716723955653
Sshape,6,spline,12,24,0.3305599919028838,0.3871454940260516,0.8624387915668537,0.012242615469934338,0.4957342106527882
Trapezoid,0,spline,12,24,0.20538474522758657,0.23658784455556478,0.5510514136660407,0.007481564555054517,0.41890811512936116
Trapezoid,1,spline,12,24,0.17791302233580136,0.21047821204542094,0.45458580578533764,0.006655905479034176,0.32405927030047865
Trapezoid,2,spline,12,24,0.13910070856188225,0.16268576308522995,0.33676420268335444,0.005144575542318682,0.2763243175504336
Trapezoid,3,spline,12,24,0.1499722938364879,0.17594893520419405,0.43023958260813566,0.005563993871266365,0.2717628989429359
Trapezoid,4,spline,12,24,0.18784590335484977,0.2149459585949518,0.5455284001515964,0.006797188030082936,0.3433338978940615
Trapezoid,5,spline,12,24,0.18775889857854744,0.2075009719350275,0.48655879160033066,0.006561756880133634,0.33567146349058696
Trapezoid,6,spline,12,24,0.1928137243541168,0.2267313892430537,0.49992217040869513,0.007169876070622499,0.35368820571914705
WShape,0,spline,12,24,0.336822667434686,0.38887342106704403,0.8526083787017946,0.01229725732073565,0.6839309689869061
WShape,1,spline,12,24,0.3245551441370734,0.3613515419903908,0.7626177419779152,0.01142693908703609,0.616598404777464
WShape,2,spline,12,24,0.33971816117728787,0.4268617949810512,1.0330793654214296,0.01349855518247953,0.6613133157792568
WShape,3,spline,12,24,0.35144810831111495,0.3975028965745339,1.139430495646461,0.012570145296898705,0.6494997909336442
WShape,4,spline,12,24,0.31247485433664113,0.3923246909392447,1.056423240099395,0.012406396056896375,0.551050131532409
WShape,5,spline,12,24,0.43124131329823057,0.49560992612783483,0.968720077284067,0.01567256197551753,0.7943932127037319
WShape,6,spline,12,24,0.42484505093279895,0.5409602351553903,1.4617244276455787,0.01710666466671324,0.8120207666637644
Worm,0,spline,12,24,0.10161078635196802,0.1169623071898592,0.2968321561393057,0.003698672911082432,0.20609296649370454
Worm,1,spline,12,24,0.11316747069398599,0.1234182737375096,0.2837122872679562,0.0039028284989667244,0.22816319165003146
Worm,2,spline,12,24,0.15356906026068284,0.18057468503730945,0.6002669176814746,0.005710272924854249,0.30757156144655506
Worm,3,spline,12,24,0.1174670182669862,0.13535166707593763,0.3004405928366392,0.004280195530607854,0.2321405774101523
Worm,4,spline,12,24,0.12597011656164525,0.13983529574630096,0.31794775533399683,0.004421980318415659,0.24638779875095954
Worm,5,spline,12,24,0.09903825936692257,0.11197188366434747,0.3532895622079239,0.003540861862787387,0.18946662515997542
Worm,6,spline,12,24,0.1148353030458824,0.13234482700112563,0.2914112797373401,0.004185110898645085,0.2246249307129323
Zshape,0,spline,12,24,0.34323883521710563,0.48038432309289614,1.3410888943104646,0.015191086132117743,0.6103835024324273
Zshape,1,spline,12,24,0.2212119501800609,0.2574504248699263,0.6206423622973614,0.008141297271670258,0.3655520465535995
Zshape,2,spline,12,24,0.2788427448634727,0.361174139722195,0.8162264345661274,0.011421329134740301,0.4945474467063786
Zshape,3,spline,12,24,0.25862512591676357,0.29808589863216844,1.0169172013456458,0.009426303780557225,0.4154168361422163
Zshape,4,spline,12,24,0.37761702718789086,0.43327087709735157,0.9460324397431605,0.013701228154465145,0.6244286987987507
Zshape,5,spline,12,24,0.2236794516486097,0.26334478658387356,0.729770474787348,0.008327693355359928,0.33642072683868096
Zshape,6,spline,12,24,0.5932226349083562,0.6982366275743479,1.780480993932998,0.022080180888896687,0.9352914352918982
heee,0,spline,12,24,0.3373495742496847,0.40688885670360303,0.931552657426399,0.012866955417252569,0.6235052429609854
heee,1,spline,12,24,0.28503041626767367,0.3273639891202804,0.8274608853830021,0.01035215829538667,0.48014934025008355
heee,2,spline,12,24,0.3068812096646747,0.37537404787272255,0.9622092586967647,0.011870369657948864,0.5396787663144869
heee,3,spline,12,24,0.23485960221023322,0.2775318586697723,1.0262586325916565,0.00877632796656429,0.3995061043604928
heee,4,spline,12,24,0.3456663623688365,0.39441306633910933,0.9342647223743836,0.012472436285626744,0.5694151355557353
heee,5,spline,12,24,0.39661303566419476,0.4742264172648037,1.1962708907961015,0.014996356051781769,0.6573620588377281
heee,6,spline,12,24,0.3900579256592381,0.5031352114693256,1.3524380813532906,0.01591053239273542,0.6172786482907335
Angle,0,spline,17,34,0.07613893481612143,0.0876182060224878,0.2186723018159083,0.002770730955289437,0.12942118556884355
Angle,1,spline,17,34,0.07736497626448016,0.090457966127883,0.21638037963501522,0.0028605320547047237,0.12968488495808211
Angle,2,spline,17,34,0.07576260726938194,0.08432310352430523,0.1964467553319168,0.0026665306651097597,0.1263876554673034
Angle,3,spline,17,34,0.08852746148953426,0.10268900691827776,0.23915035537587753,0.003247311525225459,0.14027459326041428
Angle,4,spline,17,34,0.14825374033962327,0.1788317827751573,0.4266274979467478,0.005655157515979643,0.23471644000947348
Angle,5,spline,17,34,0.1445412720874387,0.16541005326813987,0.429813227140806,0.0052307251621710035,0.23395193603067369
Angle,6,spline,17,34,0.1376048308425309,0.15806447429013254,0.4465105966760883,0.004998437559139453,0.21787022674439252
BendedLine,0,spline,17,34,0.0745075210066885,0.08624208960879344,0.18224671446560078,0.0027272143333612704,0.1735935251810039
BendedLine,1,spline,17,34,0.07748202550191385,0.10560603268194635,0.3401183051680485,0.003339555979291307,0.17379641556016012
BendedLine,2,spline,17,34,0.07082496808721553,0.08134233005778739,0.2762522467336737,0.0025722703316778395,0.15050045541583557
BendedLine,3,spline,17,34,0.08630369988125716,0.1053576733273025,0.26116576631790744,0.0033317021669024664,0.1785576503930089
BendedLine,4,spline,17,34,0.06860925688677338,0.08322105183325688,0.23784041245552429,0.00263168073068023,0.13421920670907472
BendedLine,5,spline,17,34,0.09732974988446458,0.1187831602448914,0.32412502103942675,0.003756253340466208,0.17944911927809987
BendedLine,6,spline,17,34,0.1158232912313256,0.1379067134524049,0.3363634800560218,0.004360993191377822,0.2241425199674107
CShape,0,spline,17,34,0.12000331841639664,0.14015615079913127,0.32236873365694224,0.004432126646072834,0.22494866377444045
CShape,1,spline,17,34,0.11021590422495114,0.12806356240841457,0.3034344830691363,0.004049725424857083,0.18043076950376719
CShape,2,spline,17,34,0.1093750816635352,0.1305995752194016,0.38692345025663977,0.004129921191437935,0.17199753942827037
CShape,3,spline,17,34,0.10105391514762649,0.12504158576701377,0.37828271841041045,0.00395416213263056,0.17485258256028519
CShape,4,spline,17,34,0.1060167704179662,0.12441469523576582,0.39634328607367975,0.003934338113407195,0.15483631034779022
CShape,5,spline,17,34,0.1358438676027357,0.1614913692131312,0.41273309467987457,0.005106805491726884,0.2136929669313845
CShape,6,spline,17,34,0.1682246008930613,0.19798507265554083,0.5215316490930421,0.006260837723054302,0.2545733846768974
DoubleBendedLine,0,spline,17,34,0.08317849946562418,0.09818230204893705,0.219858069254251,0.0031047970039325768,0.18631429144789113
DoubleBendedLine,1,spline,17,34,0.07130809771221226,0.08499109498809958,0.23348539196609971,0.00268765440994116,0.14583423456855416
DoubleBendedLine,2,spline,17,34,0.08808093867706386,0.10169568015997796,0.2689061050428353,0.00321589977505527,0.17885655295249867
DoubleBendedLine,3,spline,17,34,0.08299601439039082,0.09475154873603342,0.21122826693068883,0.0029963070583431395,0.15800771100074218
DoubleBendedLine,4,spline,17,34,0.060733479944847846,0.07578171463627052,0.22234371613080245,0.002396428232435334,0.11918382716521281
DoubleBendedLine,5,spline,17,34,0.10396322123337605,0.12185930016209529,0.29240721373486583,0.0038535294258634683,0.190106443260342
DoubleBendedLine,6,spline,17,34,0.09462742491414312,0.11538775194574141,0.3181172843318988,0.0036488811023506844,0.17359937033753284
GShape,0,spline,17,34,0.12422054416995063,0.14190374496421368,0.4134306396933113,0.0044873904259456416,0.25380819192979426
GShape,1,spline,17,34,0.1495330749316803,0.19258928560130487,0.550196241731646,0.00609020795444794,0.2548718599785289
GShape,2,spline,17,34,0.1382098756025569,0.1617269660475088,0.3870663547842822,0.005114255717788471,0.20743163532285896
GShape,3,spline,17,34,0.17313385926565195,0.20569734086285993,0.45672453057877854,0.006504721057666623,0.2637016118035931
GShape,4,spline,17,34,0.23609491811415442,0.28673997100131793,0.7903508500196281,0.009067514045747965,0.4003854554382287
GShape,5,spline,17,34,0.1542349418527032,0.1857595426396607,0.44967628269324733,0.005874232518524946,0.2481619343247436
GShape,6,spline,17,34,0.1811234942610829,0.2311997075538664,0.6971478863026978,0.007311176702350542,0.29994749524215003
JShape,0,spline,17,34,0.06590342228987543,0.0769025795920172,0.33000974250378945,0.002431873094531567,0.13585357253179722
JShape,1,spline,17,34,0.07396773934148308,0.08581623494161202,0.19080004176242688,0.002713747626356208,0.1388367902507175
JShape,2,spline,17,34,0.10792461962318142,0.13860807398546973,0.35542948253911233,0.004383172158832169,0.20654284288859262
JShape,3,spline,17,34,0.10183977507236323,0.120001979519647,0.24501154044070816,0.0037947957901096306,0.1861336543943651
JShape,4,spline,17,34,0.12801933221066128,0.14505214142379777,0.26927642595965084,0.0045869514638406,0.2236540149155313
JShape,5,spline,17,34,0.09599929793837324,0.11625039868859298,0.3900583751962605,0.0036761603875860504,0.16341667892990253
JShape,6,spline,17,34,0.10254692408295381,0.12174762872493905,0.3298198032392667,0.003849998064953488,0.18291792570188767
JShape_2,0,spline,17,34,0.09453428826812697,0.10711654841894089,0.2516938197421456,0.0033873226809956135,0.21294404863636815
JShape_2,1,spline,17,34,0.06953119555762124,0.0825076883051779,0.22779813265643428,0.0026091221951959997,0.15028020795134428
JShape_2,2,spline,17,34,0.11437346559026827,0.13392081651714832,0.29484223806479104,0.004234948063036866,0.21728913320856225
JShape_2,3,spline,17,34,0.15074552291440027,0.16931460820970584,0.39567755604663724,0.005354198030817145,0.2750999788943381
JShape_2,4,spline,17,34,0.13313684600258752,0.15413431567535762,0.3234313567092971,0.004874155031255243,0.2422687375707887
JShape_2,5,spline,17,34,0.12666515475488754,0.15186094809244807,0.37538067219041726,0.004802264836047384,0.23270845282058686
JShape_2,6,spline,17,34,0.17747512803902282,0.20702725363378707,0.6274975078082692,0.006546776592121378,0.2985425149452207
Khamesh,0,spline,17,34,0.10677177193968002,0.12103058239289124,0.27705673370964357,0.003827323068982084,0.19393124762787642
Khamesh,1,spline,17,34,0.09157858222620271,0.10484479470959393,0.4576773245225444,0.0033154835209508876,0.16003041161645862
Khamesh,2,spline,17,34,0.09276280573708401,0.10705845677209479,0.24301095328834613,0.0033854856618249747,0.1557798701750577
Khamesh,3,spline,17,34,0.10744905274394298,0.1259957922305729,0.33902375380394006,0.003984336790459573,0.171659083679774
Khamesh,4,spline,17,34,0.10359078478860416,0.11979418666486805,0.2716586302877513,0.00378822480308353,0.1673773259749736
Khamesh,5,spline,17,34,0.10407029178970956,0.11677858882657026,0.23998564963333682,0.0036928632263225187,0.1795499167570394
Khamesh,6,spline,17,34,0.1442152435556459,0.16661283436569072,0.37230479312268805,0.005268760440119581,0.23339245896059418
LShape,0,spline,17,34,0.07341654214768115,0.08350874654387629,0.19085982423316172,0.0026407784362436335,0.12924563979814388
LShape,1,spline,17,34,0.09487671319803385,0.10588651438447402,0.19511155233420374,0.0033484255895111998,0.16598722027990204
LShape,2,spline,17,34,0.06559626167108538,0.07963201086775236,0.20862491128309252,0.002518185290013789,0.10920660812253086
LShape,3,spline,17,34,0.09098889199485666,0.1144937897677217,0.3163491528956303,0.003620611536104813,0.15903838488072394
LShape,4,spline,17,34,0.07822146415771024,0.08967611415294745,0.23515933973245207,0.0028358077243657515,0.13074780994276947
LShape,5,spline,17,34,0.10960910372981623,0.12565297097623584,0.28432096804298257,0.003973495830519363,0.17762672823112116
LShape,6,spline,17,34,0.1176964712744251,0.14774898448158905,0.40778338472595127,0.0046722331293869365,0.19098061870885133
Leaf_1,0,spline,17,34,0.06601390156928764,0.07748230211393695,0.28708463473289647,0.0024502055303332,0.1426359200208855
Leaf_1,1,spline,17,34,0.13235119919699578,0.15779840970713943,0.4859402752157749,0.004990023858269842,0.2500318789667081
Leaf_1,2,spline,17,34,0.1328116179439715,0.15081257672002749,0.42537648262895833,0.0047691124223417265,0.25026974218856957
Leaf_1,3,spline,17,34,0.09179144965207678,0.11779302552907901,0.5382627605001888,0.003724942531542501,0.17636406078265077
Leaf_1,4,spline,17,34,0.1255061735744423,0.14291328187967609,0.35631433963605486,0.004519314786294462,0.21954286260959507
Leaf_1,5,spline,17,34,0.09461120486773728,0.10957552607334839,0.24512055641440406,0.003465082382029474,0.18330838536015198
Leaf_1,6,spline,17,34,0.1439441825534249,0.16902785328130276,0.4253623119099211,0.0053451300437768225,0.25307320582352705
Leaf_2,0,spline,17,34,0.1652677450872204,0.1950326310619987,0.4450347498602877,0.0061674733221122,0.29475839623400574
Leaf_2,1,spline,17,34,0.12026260963337373,0.14234821307186102,0.3440063586410739,0.004501445741620346,0.20514715442478199
Leaf_2,2,spline,17,34,0.13871209841587198,0.165991061627141,0.37880016648604015,0.005249098259711407,0.23015889813103269
Leaf_2,3,spline,17,34,0.14328849804611238,0.16421320028858383,0.41957641271724183,0.005192877347773443,0.2509197732909139
Leaf_2,4,spline,17,34,0.13988652135778107,0.16010849740281635,0.3901238194628747,0.005063075245400532,0.23733891343529448
Leaf_2,5,spline,17,34,0.15370176327558605,0.1941236985057988,0.5634429699833882,0.006138730350941493,0.26721565378613366
Leaf_2,6,spline,17,34,0.14804775666539366,0.16939412061295592,0.42570843748100345,0.005356712433782185,0.25109736085844675
Line,0,spline,17,34,0.047721307194876314,0.05971596260023075,0.16965899132922582,0.001888384544861602,0.09323725454214465
Line,1,spline,17,34,0.05521507334472955,0.06738177846058574,0.2026099210406042,0.0021307989272832516,0.10268538347131786
Line,2,spline,17,34,0.08094650420495053,0.09218410235444877,0.21918247276690814,0.0029151172749814864,0.1483610905836449
Line,3,spline,17,34,0.05674581452566006,0.07308359907582541,0.22265794223878851,0.002311106326821851,0.10718793065290629
Line,4,spline,17,34,0.08310419404596206,0.10907443444293731,0.40966840848929764,0.0034492364733440107,0.15275300957415328
Line,5,spline,17,34,0.0815019738464996,0.10148692796156998,0.29563990014453334,0.0032092984509199036,0.14891370651068367
Line,6,spline,17,34,0.0956618500037615,0.116519907067442,0.36720356735213394,0.003684682990842675,0.1952198220126305
Multi_Models_1,0,spline,17,34,0.11344667656884935,0.169370021146311,0.60993810062598,0.0053559503417322536,0.3909381945297001
Multi_Models_1,1,spline,17,34,0.0351680115482258,0.040810832721189766,0.0947602712301805,0.0012905518460708712,0.11290293423225087
Multi_Models_1,2,spline,17,34,0.056640102028974175,0.06652755994874465,0.246152349650009,0.0021037861661142784,0.1897041425385284
Multi_Models_1,3,spline,17,34,0.03996968864173249,0.046504815842263986,0.12463844666035924,0.0014706114022823593,0.18598884224010487
Multi_Models_1,4,spline,17,34,0.05291145604367527,0.061597378904132236,0.15005603335554088,0.0019478801523346437,0.2319690189728546
Multi_Models_1,5,spline,17,34,0.03990203269460307,0.05755916193365381,0.1946734421114979,0.0018201805192080763,0.2909415502168096
Multi_Models_1,6,spline,17,34,0.03609093699108781,0.05026588676021931,0.14036851495751881,0.0015895469077039503,0.2702989144814329
Multi_Models_2,0,spline,17,34,0.037148051517248606,0.04504631517395998,0.11914734898923068,0.001424489561475175,0.11206975401390613
Multi_Models_2,1,spline,17,34,0.056609630298540894,0.0762413418382702,0.5590351954292575,0.002410962920764226,0.16040784365672822
Multi_Models_2,2,spline,17,34,0.06682542402228012,0.0965843549784147,0.29050623455917357,0.003054265480700134,0.20173721394413788
Multi_Models_2,3,spline,17,34,0.06341094408505306,0.07393788034195446,0.3757829966211894,0.0023381210724556538,0.18128299796507943
Multi_Models_2,4,spline,17,34,0.049194748051281295,0.05893206304281388,0.19400840604381417,0.0018635954642792487,0.210066533158932
Multi_Models_2,5,spline,17,34,0.06798726830357739,0.07794848730388886,0.20917159395491655,0.002464947600450063,0.2908064912888266
Multi_Models_2,6,spline,17,34,0.05265756891001134,0.06354200521214928,0.17428871567476514,0.0020093746356468238,0.208526032348577
Multi_Models_3,0,spline,17,34,0.09182029478769282,0.11220124038550955,0.24297618682385388,0.0035481147591427896,0.28089883129600907
Multi_Models_3,1,spline,17,34,0.13735329635705235,0.15436190314417855,0.3114399329969415,0.0048813519789391085,0.39602718181835256
Multi_Models_3,2,spline,17,34,0.08058215561801095,0.09064072867333767,0.34118514211221845,0.0028663115138507916,0.21516216272710287
Multi_Models_3,3,spline,17,34,0.07801754442864785,0.0890903661460409,0.20641317539911633,0.0028172847459984637,0.21711705825517064
Multi_Models_3,4,spline,17,34,0.061950094641615445,0.07121254558724453,0.18320623688141652,0.002251938420342657,0.20904494088745076
Multi_Models_3,5,spline,17,34,0.06100294026109582,0.07079534079314628,0.14361090071312432,0.0022387452463417364,0.18183333026085338
Multi_Models_3,6,spline,17,34,0.04595486994503361,0.05211547669966472,0.11826500071983483,0.0016480360771637546,0.14276923732103852
Multi_Models_4,0,spline,17,34,0.1236159030861115,0.1513290956166369,0.4399674462562541,0.004785446184019756,0.2943022289458239
Multi_Models_4,1,spline,17,34,0.10327079341763228,0.1235490039492979,0.29253097945022305,0.003906962551249196,0.24199134773892428
Multi_Models_4,2,spline,17,34,0.14344825040701142,0.18514925722949843,0.5758734263451918,0.005854933599336118,0.3093481426974502
Multi_Models_4,3,spline,17,34,0.08002010351984562,0.0979714522708871,0.26029999650362057,0.0030981293485047886,0.1713651115253035
Multi_Models_4,4,spline,17,34,0.08315460533896793,0.0949624229292119,0.2253795708276192,0.0030029754858450827,0.3219770285251409
Multi_Models_4,5,spline,17,34,0.07335777161101015,0.08329541748056482,0.17419018503379,0.0026340323789318886,0.28254345964302163
Multi_Models_4,6,spline,17,34,0.06449575126124668,0.07469418343879466,0.21765270958279986,0.002362037476330193,0.23076461460446065
NShape,0,spline,17,34,0.10569452032826232,0.1175046715757137,0.360868210760685,0.003715823978893018,0.17357415773451917
NShape,1,spline,17,34,0.1772258970975162,0.20943206345463922,0.668217147180896,0.0066228233558557215,0.2809856647619186
NShape,2,spline,17,34,0.18054187075628375,0.201721229306626,0.5907117168341904,0.006378985370180465,0.2823447496620633
NShape,3,spline,17,34,0.16847755065257158,0.19857778174543558,0.45969574699084254,0.006279580830193831,0.2512666310288343
NShape,4,spline,17,34,0.1442907575307796,0.1701868712384018,0.44965873882498675,0.005381781409711505,0.22624063109171116
NShape,5,spline,17,34,0.1990829935442371,0.2478786359597616,0.7402987635224405,0.007838610729285643,0.30350957828531056
NShape,6,spline,17,34,0.31848943590495277,0.3757987507005949,1.146013161643805,0.011883799940596773,0.46491657304690676
PShape,0,spline,17,34,0.0918451017312092,0.10473741755651383,0.2884165713320097,0.003312087957226911,0.16329066121281918
PShape,1,spline,17,34,0.1072179864231197,0.13009765692899578,0.35206572105232914,0.004114049141468133,0.17077631134530816
PShape,2,spline,17,34,0.13753506273920524,0.18593428650853602,0.6385415167214548,0.005879758404852903,0.21583694050011237
PShape,3,spline,17,34,0.07042326772916574,0.08304429517494576,0.22655417896689392,0.0026260911943615972,0.1101630241694221
PShape,4,spline,17,34,0.08622296154335739,0.09802154807572848,0.22483876935038924,0.0030997135169499694,0.14698460559671556
PShape,5,spline,17,34,0.11702601350971181,0.14232915546078356,0.4143147588666923,0.004500843087042682,0.1863483143904333
PShape,6,spline,17,34,0.12887481090525513,0.15702793671596255,0.45531527133969135,0.004965659362992224,0.19851604861660235
RShape,0,spline,17,34,0.0618008773132668,0.07476536090979063,0.2115225108609687,0.0023642883055945713,0.0991057359392613
RShape,1,spline,17,34,0.10418071225680192,0.12615529058199554,0.35660952122102424,0.003989380571194949,0.16506681062952955
RShape,2,spline,17,34,0.08427398211188993,0.09238061639047333,0.2766184503242345,0.0029213315944417863,0.13417338731911613
RShape,3,spline,17,34,0.09433557067227984,0.11406193568360445,0.279282540220253,0.0036069551108782487,0.15493402700646633
RShape,4,spline,17,34,0.0903116964153938,0.10352585401197546,0.328899671515069,0.0032737749539192298,0.14440477959029313
RShape,5,spline,17,34,0.08507103391134115,0.10926635290502733,0.338572248121773,0.0034553054679964225,0.1299067389923724
RShape,6,spline,17,34,0.1242949289419958,0.1425854956535244,0.40664748683751906,0.0045089492756917576,0.19484971195520814
Saeghe,0,spline,17,34,0.05493714663352054,0.06113204870301053,0.12275979723772416,0.0019331651193385557,0.10250254153136873
Saeghe,1,spline,17,34,0.07612282882903812,0.0838618747814858,0.19904792790062534,0.002651945331613305,0.14136337753129968
Saeghe,2,spline,17,34,0.0651115004834169,0.07319563918922126,0.15715328697136835,0.002314649346298195,0.11875164292779698
Saeghe,3,spline,17,34,0.07746962675718487,0.09325574104574792,0.21742375925513838,0.0029490054659141603,0.14364131896555407
Saeghe,4,spline,17,34,0.08953256858006509,0.10397911086843536,0.3003196910116346,0.003288108194234243,0.16132922081345918
Saeghe,5,spline,17,34,0.07795645119209835,0.09466199148178832,0.26106716185528583,0.0029934750092990865,0.13711881145200439
Saeghe,6,spline,17,34,0.07937918201769152,0.09789572954564546,0.42419523293465466,0.003095734785680802,0.13606630594120378
Sharpc,0,spline,17,34,0.09488531573143487,0.11202763050334169,0.39557049124645643,0.0035426247326231512,0.17691917868724064
Sharpc,1,spline,17,34,0.07601965126746248,0.09346211274390316,0.2398015072960578,0.0029555315120218337,0.1431749311554749
Sharpc,2,spline,17,34,0.10685356742180091,0.11906977663114397,0.25004406927714307,0.003765316946419055,0.17935246140500172
Sharpc,3,spline,17,34,0.07832349548275873,0.0882095759404008,0.18875347193067035,0.0027894317140925557,0.13326599804043032
Sharpc,4,spline,17,34,0.09036824367859259,0.10895491991062412,0.28164584121250485,0.0034454570919880156,0.15426729434380332
Sharpc,5,spline,17,34,0.15500959735140066,0.19896824269853725,0.5659584506465406,0.006291928289685447,0.2659014687602606
Sharpc,6,spline,17,34,0.19347804051595266,0.2378105681095729,0.6650813470987138,0.007520230468848532,0.31175020766729333
Sine,0,spline,17,34,0.08881978092200248,0.10330769081392166,0.36254304558969597,0.0032668760278444656,0.1776340282206477
Sine,1,spline,17,34,0.10516981774622715,0.12075584027672116,0.2567914028154547,0.0038186349604193634,0.2037207904909948
Sine,2,spline,17,34,0.0969485035343243,0.12394889856390244,0.33841215091446414,0.003919608329311052,0.18399510325056045
Sine,3,spline,17,34,0.10436314277044925,0.12054696289817242,0.2563031458047197,0.003812029677740372,0.18482189825831538
Sine,4,spline,17,34,0.10349827234866817,0.11954533841117189,0.26037515359198454,0.0037803555303491773,0.20061203229858654
Sine,5,spline,17,34,0.07662377150135534,0.08547135629812339,0.34901979108580755,0.002702841606058475,0.1461105725113818
Sine,6,spline,17,34,0.10518827090756554,0.13147527935287215,0.369192390884353,0.004157613387619846,0.1936826839464531
Snake,0,spline,17,34,0.15397519793384853,0.171919614382447,0.3878291747503551,0.005436575559063745,0.27112565139138106
Snake,1,spline,17,34,0.15996818789645237,0.18482659238579455,0.4153508752920458,0.005844730041066452,0.2794481851811419
Snake,2,spline,17,34,0.13713593084051318,0.16096188398964925,0.38550130698264723,0.005090061698790822,0.23098042101323976
Snake,3,spline,17,34,0.12124720402159875,0.13879374465788374,0.3176682134083529,0.004389043581027401,0.21026787181121928
Snake,4,spline,17,34,0.09246792677867527,0.10723560819794341,0.2718067726973635,0.003391087681789256,0.15460511456576118
Snake,5,spline,17,34,0.1279061337219891,0.14820048914560105,0.362559212171223,0.0046865109605116065,0.22177797787103773
Snake,6,spline,17,34,0.11378013248608473,0.1319968411471637,0.39473309337752527,0.004174106619724701,0.18942189751632466
Spoon,0,spline,17,34,0.05123523389984011,0.058042562698947704,0.11857966703986086,0.001835466993618048,0.10084136359675695
Spoon,1,spline,17,34,0.07813294175829172,0.0912346058834516,0.23706300691742468,0.002885091560195056,0.1465881620154777
Spoon,2,spline,17,34,0.08711450008725226,0.09826756044476354,0.37650742706195167,0.003107493111137216,0.16531839591720812
Spoon,3,spline,17,34,0.06223453875283268,0.0770458338458582,0.2330436857749023,0.0024364031917980217,0.11469267208461499
Spoon,4,spline,17,34,0.09403161151023409,0.10730039946136138,0.2352426494958624,0.0033931365614380633,0.17988039455226185
Spoon,5,spline,17,34,0.10992215903716852,0.1421938526050826,0.4650162447044838,0.00449656443506328,0.2082653271747627
Spoon,6,spline,17,34,0.0760716725345764,0.08528291282165824,0.26179472727347836,0.002696882500100173,0.144967954500774
Sshape,0,spline,17,34,0.1822386323220799,0.2214671539923212,0.6676384083306887,0.0070034063353098756,0.31094336341411344
Sshape,1,spline,17,34,0.09946741731628776,0.11515437685150506,0.332449672862354,0.003641501133881252,0.16678036067265084
Sshape,2,spline,17,34,0.09805829953461355,0.11325778809595426,0.3514068460317307,0.0035815257313592036,0.15220588070914923
Sshape,3,spline,17,34,0.16347586974229258,0.19808737790124709,0.4699667558244228,0.006264072898984452,0.24837099473507426
Sshape,4,spline,17,34,0.12646911859189697,0.1459737268342617,0.49975036682133356,0.004616094553395073,0.19185153929157545
Sshape,5,spline,17,34,0.12622843130149974,0.1427759074155528,0.3633363452696873,0.004514970624304715,0.19273022419907895
Sshape,6,spline,17,34,0.18695330386926537,0.21906726919899192,0.47498075245908333,0.006927515314620647,0.28037013187545573
Trapezoid,0,spline,17,34,0.06302549749955007,0.07626389088090502,0.2145727584071189,0.0024116759841020493,0.12854845832571876
Trapezoid,1,spline,17,34,0.09171694427196254,0.1127035769625728,0.33882178879078845,0.0035640000364981156,0.167057619755701
Trapezoid,2,spline,17,34,0.07439593500059521,0.08347166640204517,0.23992396377576314,0.002639605859202149,0.147787931349181
Trapezoid,3,spline,17,34,0.10005404601779971,0.11609047618540912,0.25650736248533,0.0036711031939942857,0.1813066727272505
Trapezoid,4,spline,17,34,0.09107506925090841,0.10354782091656643,0.24002783586835388,0.0032744696084357414,0.1664617538547916
Trapezoid,5,spline,17,34,0.10256282407278723,0.11726022733828559,0.24976999775022515,0.0037080939733812597,0.18335968903139716
Trapezoid,6,spline,17,34,0.127158112470513,0.14427092247531711,0.450280312461506,0.004562247151555795,0.23325271472756023
WShape,0,spline,17,34,0.13111028270809652,0.1459831279236104,0.2800894583015942,0.004616391841943359,0.2662243113851114
WShape,1,spline,17,34,0.15719603410545088,0.1789883381139102,0.39839069982031616,0.005660108230482826,0.2986451628257925
WShape,2,spline,17,34,0.10199631021411343,0.122400822801304,0.3505658127425762,0.00387065387530792,0.1985514047032189
WShape,3,spline,17,34,0.11126244724699734,0.1328287533423602,0.3715270868311733,0.0042004139932256155,0.2056205013393294
WShape,4,spline,17,34,0.1379906273414678,0.1574544329534441,0.4522170718760721,0.004979146358231562,0.24334679188244354
WShape,5,spline,17,34,0.14926034971356344,0.1673124520976499,0.33144468162569873,0.0052908842953639035,0.27495373258971734
WShape,6,spline,17,34,0.16689180314789695,0.18567379414302895,0.46163353967727877,0.00587152091297203,0.318985968283033
Worm,0,spline,17,34,0.04712058950969847,0.05741283015717318,0.15960705238611905,0.0018155531021307018,0.09557274796936756
Worm,1,spline,17,34,0.0679160702461457,0.0771414044952315,0.16405193112107974,0.0024394254010928324,0.13692934247501776
Worm,2,spline,17,34,0.061650617458330385,0.07420685835671773,0.16847125461389117,0.0023466269041272766,0.12347524067422858
Worm,3,spline,17,34,0.053270397225042676,0.06360730131740672,0.17952059634260067,0.0020114394797963397,0.10527398203453908
Worm,4,spline,17,34,0.06709055382464912,0.08369643777308163,0.24522816981670198,0.0026467137540548895,0.1312239309213367
Worm,5,spline,17,34,0.062270357086221355,0.07329100594023945,0.19370334171419445,0.002317665107760872,0.11912723910991253
Worm,6,spline,17,34,0.08695865929409712,0.10626874628671686,0.23405715532506532,0.0033605128235658613,0.1700964973377709
Zshape,0,spline,17,34,0.10792661401015335,0.12543639822520225,0.32346905912975715,0.003966647198795416,0.19192648938900447
Zshape,1,spline,17,34,0.1274896775486212,0.14699055766094796,0.3428317058807862,0.004648249567469079,0.2106762880776667
Zshape,2,spline,17,34,0.11657832378777581,0.14747333915284566,0.45812099011158736,0.004663516458734787,0.20675995137970105
Zshape,3,spline,17,34,0.11874503250028876,0.13168041584035003,0.34148615075669625,0.004164100372936213,0.19073431297139568
Zshape,4,spline,17,34,0.16012126766246337,0.1774055677338618,0.48318067865404835,0.005610056636342795,0.26477702968285194
Zshape,5,spline,17,34,0.1407782666930039,0.16717995586315795,0.3711771125657043,0.005286694396540001,0.21173481271919245
Zshape,6,spline,17,34,0.2847309381800442,0.41047283263109124,1.3257933310831003,0.012980290687353343,0.4489147786539913
heee,0,spline,17,34,0.14307023159530957,0.17653827890014367,0.4347651978707598,0.005582630555304991,0.2644290857924547
heee,1,spline,17,34,0.11383819165519919,0.1279746034001258,0.31056257469136545,0.004046912294011261,0.19176666593776986
heee,2,spline,17,34,0.15225587179528044,0.19232782105794452,0.47536876922256444,0.006081939719603995,0.26775592140163607
heee,3,spline,17,34,0.12889391817249615,0.16068048491809994,0.44766412556809587,0.005081163078815297,0.21925399958209751
heee,4,spline,17,34,0.1607957719626561,0.2182602799752871,0.7028941350042636,0.006901996074679462,0.2648783805906116
heee,5,spline,17,34,0.16479510788188897,0.19140909938980077,0.4800706941113565,0.00605288718953316,0.2731378993184308
heee,6,spline,17,34,0.12692029782198455,0.1570210492032022,0.4669307573280455,0.004965441560714863,0.20085526975974277
Angle,0,spline,22,44,0.03846882076091354,0.04522942841979359,0.12205042852448543,0.0014302801107409805,0.06538941478937793
Angle,1,spline,22,44,0.03898802375852575,0.04568376585358984,0.10818093607826351,0.0014446475219117019,0.06535460385307156
Angle,2,spline,22,44,0.048412072203703437,0.05557358695781913,0.13983523016462,0.0017573911253213623,0.08076132174786757
Angle,3,spline,22,44,0.05742088677057738,0.06817390244923875,0.1810615408688889,0.002155848087217261,0.09098523103305378
Angle,4,spline,22,44,0.07144282745485617,0.0878311041452511,0.24250511819412493,0.002777463385064499,0.11310882333221763
Angle,5,spline,22,44,0.07783863742057841,0.09045244418747751,0.23460976598136685,0.0028603574356168733,0.12598823615941138
Angle,6,spline,22,44,0.10056185884475158,0.11668969836048698,0.28293653040462236,0.0036900522629715474,0.1592199551003834
BendedLine,0,spline,22,44,0.05374419824948333,0.06441681456506022,0.14922978690049715,0.0020370385363829902,0.12521749088010903
BendedLine,1,spline,22,44,0.042279955695651184,0.054094624778660456,0.18203346315039465,0.001710622234727488,0.0948362501153903
BendedLine,2,spline,22,44,0.057085592065565065,0.06577732010822285,0.15832841632080893,0.002080061499239775,0.12130478608857953
BendedLine,3,spline,22,44,0.04396821360675216,0.0515340382299641,0.11896629553173382,0.0016296493783287869,0.09096783711939775
BendedLine,4,spline,22,44,0.03648637677201303,0.042414232998164374,0.10187165933935459,0.001341255814832717,0.071377723185515
BendedLine,5,spline,22,44,0.05747234757453067,0.06658671900732516,0.20070704427379363,0.0021056569398077356,0.10596310138818664
BendedLine,6,spline,22,44,0.07547688570793648,0.09489782298495801,0.2778783961471929,0.003000932656239461,0.1460637077570249
CShape,0,spline,22,44,0.04900852514902116,0.057386533113642814,0.15014083899595035,0.0018147215165978561,0.09186747826068493
CShape,1,spline,22,44,0.056357589488116644,0.06323731140974635,0.14053531647903514,0.001999739371601518,0.09226112429258905
CShape,2,spline,22,44,0.06213697539403123,0.07447063345183662,0.17155164229979153,0.00235496820503331,0.09771336133183843
CShape,3,spline,22,44,0.06653053130448101,0.0802287025657896,0.19582267041075216,0.0025370543382808998,0.11511711545962437
CShape,4,spline,22,44,0.07888542521169992,0.09060261728338515,0.20703211043921416,0.002865106325880344,0.11521128338320193
CShape,5,spline,22,44,0.06180791725755465,0.07317768806296324,0.19145111802972178,0.0023140816818427896,0.0972286600175567
CShape,6,spline,22,44,0.07845761877083458,0.09224589238927089,0.20589851266684148,0.0029170712474488767,0.11872949294067765
DoubleBendedLine,0,spline,22,44,0.05956749054427652,0.06683636269417775,0.16023542481740674,0.0021135513663470954,0.13342720613362957
DoubleBendedLine,1,spline,22,44,0.048586633621244595,0.05701827824815152,0.14494578373800623,0.001803076275253942,0.09936591708017896
DoubleBendedLine,2,spline,22,44,0.04318563444147093,0.05484127064290124,0.17730220881602424,0.0017342332500929454,0.08769245456826087
DoubleBendedLine,3,spline,22,44,0.04885004064737541,0.0583187294437125,0.14452679727849807,0.0018442001528925593,0.09300064782241715
DoubleBendedLine,4,spline,22,44,0.04596286081204428,0.05599984383566654,0.16460367009624924,0.0017708705513444624,0.09019785568052456
DoubleBendedLine,5,spline,22,44,0.05436660306914582,0.06738225334559293,0.2104931139471596,0.0021308139444657453,0.09941440269940431
DoubleBendedLine,6,spline,22,44,0.062459146000568934,0.07487383190668495,0.18344153964041834,0.0023677184596971224,0.11458484078327921
GShape,0,spline,22,44,0.08382795261484134,0.11107496386894995,0.3484039294729147,0.0035124987684679036,0.1712777965071589
GShape,1,spline,22,44,0.048308568090965336,0.055398319166004684,0.13656461751117202,0.001751848671095344,0.0823396068586777
GShape,2,spline,22,44,0.06485661806004975,0.07745443618884704,0.2767533729804135,0.0024493243324092825,0.09733974715665905
GShape,3,spline,22,44,0.07452295617855483,0.08647151337697968,0.21254416638587934,0.00273446934992974,0.1135065304037393
GShape,4,spline,22,44,0.106862736525803,0.11982509727178559,0.2857394756428736,0.0037892022823007056,0.1812249317987075
GShape,5,spline,22,44,0.07565677910534614,0.09255505434475982,0.25076626077607694,0.0029268478069010427,0.12173073378854118
GShape,6,spline,22,44,0.09386853292475054,0.12939103605808636,0.5086984348213415,0.004091703827525278,0.1554499124903636
JShape,0,spline,22,44,0.03310636771871799,0.0402007299435613,0.17873333971845856,0.0012712587022298593,0.06824559593212752
JShape,1,spline,22,44,0.05224430079527583,0.05836398012106988,0.12476726309789885,0.0018456311049537067,0.09806208890368488
JShape,2,spline,22,44,0.04737703468307676,0.054003340667870534,0.11759178544222547,0.0017077355776846954,0.09066872290344674
JShape,3,spline,22,44,0.04064258947712998,0.05163239050955042,0.1413407056427942,0.0016327595504944115,0.07428289877950754
JShape,4,spline,22,44,0.07033358165520065,0.08277760767048169,0.1804169819760324,0.002617657794985469,0.12287509744770392
JShape,5,spline,22,44,0.062163110945666275,0.07514342677161923,0.3252678957069919,0.0023762437978839005,0.10581836910112716
JShape,6,spline,22,44,0.07575176139489133,0.09227696424392416,0.22127729143964509,0.0029180538257671767,0.13512209348579743
JShape_2,0,spline,22,44,0.06095190735021966,0.0711813259758475,0.16895865723139591,0.0022509511695458576,0.1372977589512426
JShape_2,1,spline,22,44,0.0425645369893285,0.04934179399058447,0.11855544460742236,0.0015603245284905565,0.09199622441135842
JShape_2,2,spline,22,44,0.07051384625445752,0.08112188340520042,0.18657940420517188,0.0025652991964304926,0.13396369912163086
JShape_2,3,spline,22,44,0.06025469911786258,0.07102339109630922,0.2930687220760918,0.0022459568301326045,0.10996058877994863
JShape_2,4,spline,22,44,0.1023385738394152,0.11632381973320449,0.2545739465577656,0.003678482164877663,0.18622520987456925
JShape_2,5,spline,22,44,0.07153964052069535,0.09078185109822462,0.261131511213742,0.00287077419676648,0.13143219295888947
JShape_2,6,spline,22,44,0.10393200712059317,0.12390081585738323,0.4930618637058815,0.00391808782062439,0.1748308235183472
Khamesh,0,spline,22,44,0.034312131965647384,0.03921655926724876,0.09095132157077543,0.0012401364927948997,0.06232166461215591
Khamesh,1,spline,22,44,0.044677246871205605,0.05108148695409271,0.3269143409611071,0.0016153384504310991,0.0780719468775907
Khamesh,2,spline,22,44,0.05652500783033187,0.06671591236349704,0.1602227881962023,0.002109742392448381,0.09492445071584374
Khamesh,3,spline,22,44,0.04295999283424966,0.05228429333222573,0.15523327065524614,0.0016533745278218797,0.06863227563662873
Khamesh,4,spline,22,44,0.05645326079092432,0.06774984320066846,0.1783470183461488,0.0021424381563338443,0.09121463702620972
Khamesh,5,spline,22,44,0.057554490731496016,0.0669380718500064,0.17095881983444586,0.002116767692260211,0.09929734837983534
Khamesh,6,spline,22,44,0.07184132718229026,0.08561565219428355,0.23652502063270867,0.0027074046429472875,0.11626526844644972
LShape,0,spline,22,44,0.047307235527836826,0.0568319776352192,0.1447971764916912,0.0017971849325904264,0.08328169298109434
LShape,1,spline,22,44,0.041552337229534844,0.04865991489560198,0.1159002561039754,0.001538761618200567,0.07269599378371494
LShape,2,spline,22,44,0.048317364876862605,0.0552184989504085,0.10530111821114252,0.0017461622565890789,0.08044018663866585
LShape,3,spline,22,44,0.041010531161008064,0.04778048063925249,0.10356491226549423,0.001510951465176159,0.07168181187782799
LShape,4,spline,22,44,0.050964276456490966,0.05884518224881303,0.1457356587512062,0.0018608480523395832,0.08518720026218311
LShape,5,spline,22,44,0.05553662427103323,0.07017635916544752,0.20208747869809432,0.002219171328608472,0.08999972201744456
LShape,6,spline,22,44,0.07915200611237419,0.09232961373966765,0.22427493333302162,0.0029197187490092647,0.1284362983503716
Leaf_1,0,spline,22,44,0.04394038357794673,0.051583988687153165,0.178305321589871,0.0016312289504776287,0.0949417757278404
Leaf_1,1,spline,22,44,0.05817318515522673,0.06848882226217831,0.205369648256361,0.002165806726109292,0.10989814129443648
Leaf_1,2,spline,22,44,0.07846404546011612,0.08789928986134456,0.20450045571175393,0.002779619606731948,0.14785736919988196
Leaf_1,3,spline,22,44,0.05608694331718604,0.06504961953888241,0.209064922815784,0.002057049586702604,0.10776299010200333
Leaf_1,4,spline,22,44,0.07332738418141883,0.08662557398404554,0.21598569623754513,0.0027393411740901036,0.12826862115522644
Leaf_1,5,spline,22,44,0.06496743351213616,0.08080240466218577,0.20107352776818144,0.0025551963915111543,0.12587383655827153
Leaf_1,6,spline,22,44,0.059645330192977256,0.071442224843912,0.20405363340007313,0.002259201516166293,0.10486450134056088
Leaf_2,0,spline,22,44,0.0670776278645418,0.07713559342878132,0.1742770465459969,0.00243924163903666,0.11963431825187211
Leaf_2,1,spline,22,44,0.056290970349911956,0.06452128648366258,0.1519969814741461,0.002040342228526102,0.09602263265614003
Leaf_2,2,spline,22,44,0.07282477445613858,0.08499748530922445,0.20233863646285968,0.002687856489638505,0.12083495266010581
Leaf_2,3,spline,22,44,0.07148123582974947,0.08282106025270371,0.19815388112410998,0.0026190318862858424,0.12517442595555017
Leaf_2,4,spline,22,44,0.08031679335210216,0.09519648844467546,0.2310135532055307,0.003010377287350745,0.1362697440737716
Leaf_2,5,spline,22,44,0.07268652420304679,0.0859931301049841,0.21301239584578113,0.002719341542589442,0.12636795227608114
Leaf_2,6,spline,22,44,0.0759156146974242,0.08824941963591573,0.21735290930024195,0.002790691682374811,0.12875717219783947
Line,0,spline,22,44,0.026160971945048288,0.02993583445426778,0.06960141910789908,0.0009466542053322987,0.05111295862767688
Line,1,spline,22,44,0.02568953450451832,0.02899476030472114,0.061879969415613884,0.0009168948277355657,0.047775716701966765
Line,2,spline,22,44,0.050638224655142505,0.05830445180574371,0.12223216207080445,0.0018437486543366726,0.09281120054344599
Line,3,spline,22,44,0.025393370387829708,0.031202884594645347,0.09080672365816288,0.0009867218488645907,0.047965878134385534
Line,4,spline,22,44,0.045473708204923566,0.05742587278322385,0.16652617868667025,0.0018159655461806015,0.0835847801009563
Line,5,spline,22,44,0.04553994154401818,0.061601119117500616,0.20499088226541953,0.001947998428266435,0.08320683744877021
Line,6,spline,22,44,0.028355327100945932,0.03561503983609419,0.09797596089651478,0.0011262464483968754,0.0578655117953387
Multi_Models_1,0,spline,22,44,0.027710817825251567,0.032846053298932705,0.08271780276992037,0.001038683405719148,0.0954917095607533
Multi_Models_1,1,spline,22,44,0.023235508160452816,0.02762348489456019,0.06902147174815347,0.0008735312917806637,0.07459497805541636
Multi_Models_1,2,spline,22,44,0.029847907063648267,0.03551472458263886,0.10928660274481569,0.0011230742015471164,0.09996930466655149
Multi_Models_1,3,spline,22,44,0.028797913910986916,0.03414052805425001,0.07974707616190627,0.0010796182917230663,0.13400381262020525
Multi_Models_1,4,spline,22,44,0.03614375520272107,0.0421696194139842,0.10761387520506156,0.00133352045410645,0.15845777197001593
Multi_Models_1,5,spline,22,44,0.03221160640418266,0.04708879971122926,0.1471104814135157,0.001489078593709635,0.2348676012055441
Multi_Models_1,6,spline,22,44,0.02387291269922473,0.03494196303376431,0.11186425945067091,0.001104961891041022,0.17879342921199026
Multi_Models_2,0,spline,22,44,0.027029558974908687,0.03185891890503365,0.09858283112560334,0.0010074674753050396,0.08154387381571997
Multi_Models_2,1,spline,22,44,0.027238543141144787,0.036287737811678905,0.2767584960353942,0.0011475190261991959,0.07718255615837182
Multi_Models_2,2,spline,22,44,0.03490286762284651,0.045927326271298016,0.12378673947925506,0.0014523495785899,0.10536719184223232
Multi_Models_2,3,spline,22,44,0.024834787484011658,0.028645671570704974,0.14280704285542165,0.0009058556726856077,0.07099917520370883
Multi_Models_2,4,spline,22,44,0.024313413800073205,0.02897563951326653,0.16172832743081228,0.0009162901752189492,0.10382072779224016
Multi_Models_2,5,spline,22,44,0.03279790165261193,0.04032490913588061,0.11836164074286933,0.0012751855930871502,0.14028865902721102
Multi_Models_2,6,spline,22,44,0.03670516554172535,0.05236799406300776,0.13887564051383564,0.0016560213773327977,0.14535389110336439
Multi_Models_3,0,spline,22,44,0.03623916916613162,0.04347434189082331,0.158465215499485,0.0013747794015187289,0.11086372886780538
Multi_Models_3,1,spline,22,44,0.04687841123768594,0.052579044829527403,0.12830844717003478,0.0016626953885740623,0.1351633021046847
Multi_Models_3,2,spline,22,44,0.034091316356215436,0.04050921091464981,0.12250289833556091,0.0012810137270644617,0.09102711761880052
Multi_Models_3,3,spline,22,44,0.04338878198384133,0.053490005422806935,0.15024028443118911,0.0016915024919082783,0.12074777249907155
Multi_Models_3,4,spline,22,44,0.037632516736394284,0.04347468625002392,0.106423865166987,0.0013747902911128004,0.12698749343509322
Multi_Models_3,5,spline,22,44,0.03687515946885254,0.04255506741477506,0.09838100354171403,0.0013457093901270251,0.10991491592738273
Multi_Models_3,6,spline,22,44,0.03157657843492354,0.036672912202051156,0.10706430278071036,0.0011596993098986273,0.09809981022151033
Multi_Models_4,0,spline,22,44,0.05380602554710952,0.06449394358050206,0.14213880919305968,0.0020394775700078153,0.12810029174158413
Multi_Models_4,1,spline,22,44,0.05181903412280856,0.06216661178106341,0.1524011227423406,0.001965880876436172,0.12142598590480794
Multi_Models_4,2,spline,22,44,0.09767679112450403,0.15290618051513466,0.5932266679141759,0.004835317987446839,0.21064135556396593
Multi_Models_4,3,spline,22,44,0.05045926068506439,0.05728144096909525,0.1207516392026918,0.001811398211188237,0.10805980565416175
Multi_Models_4,4,spline,22,44,0.03727268928167949,0.04276486619219975,0.08626993528994466,0.0013523438099968326,0.14432092715894526
Multi_Models_4,5,spline,22,44,0.032607176058003326,0.03825455022362441,0.10506579493835465,0.0012097150957195676,0.12558920657337153
Multi_Models_4,6,spline,22,44,0.03094108292066631,0.036081721104908135,0.08028655613153365,0.001141004205904769,0.11070662696385196
NShape,0,spline,22,44,0.07585113518417526,0.08710334437787517,0.2649927614777372,0.0027544496005210764,0.12456461188253189
NShape,1,spline,22,44,0.09804106458010085,0.11229855268526244,0.2693254996708205,0.003551192044258472,0.15544079142027328
NShape,2,spline,22,44,0.08948197191947238,0.10732277754417775,0.33156430341775683,0.003393844218551739,0.1399385353383011
NShape,3,spline,22,44,0.08237286942315046,0.09573708089598494,0.22190749260405032,0.0030274723216710607,0.12285051217782036
NShape,4,spline,22,44,0.0701341290743233,0.0821328806197378,0.21675489587677954,0.0025972697354907327,0.10996677745944813
NShape,5,spline,22,44,0.13711132319714064,0.1784532539037068,0.6556061395160933,0.0056431873820404765,0.20903141519447832
NShape,6,spline,22,44,0.13750706086493547,0.15660614071075396,0.38223195288151285,0.004952321002148031,0.20072663109038485
PShape,0,spline,22,44,0.040996383022515834,0.05011386877763434,0.18439011268462951,0.0015847396770012274,0.07288713676502856
PShape,1,spline,22,44,0.04642986781239636,0.05346667105952659,0.14154143405101702,0.0016907645945511216,0.07395327804385558
PShape,2,spline,22,44,0.062200599720401914,0.06938355195988617,0.15568399285825205,0.0021941005634587996,0.09761283321897785
PShape,3,spline,22,44,0.0448761456876898,0.05238769852998918,0.15758156909365195,0.0016566444872902065,0.07019969509276339
PShape,4,spline,22,44,0.06526879154880762,0.07392281972354559,0.16263634066246052,0.0023376448138842268,0.11126395349748702
PShape,5,spline,22,44,0.07127604504081039,0.08991890425266452,0.2488417877409276,0.002843485421450205,0.113497592983199
PShape,6,spline,22,44,0.0917420034542207,0.11133491197802693,0.3099113559307453,0.003520719049449274,0.14131745288295072
RShape,0,spline,22,44,0.03396862154763694,0.040354479972248655,0.13914204320987858,0.001276120705039542,0.0544730978535498
RShape,1,spline,22,44,0.05742641644635688,0.06776892676606769,0.1803762906682911,0.0021430416316592276,0.0909880073128834
RShape,2,spline,22,44,0.06590675668234788,0.08340762053859103,0.30142984401924244,0.002637580551169877,0.10493075762750495
RShape,3,spline,22,44,0.07781164379189212,0.09070655556912378,0.21460641004388167,0.002868393143070618,0.1277956049320118
RShape,4,spline,22,44,0.05555504932493505,0.06914707181572273,0.26959204853120344,0.0021866224046891854,0.08883029520335389
RShape,5,spline,22,44,0.04457016844979964,0.05339079179997059,0.13600426207257124,0.0016883650816774808,0.06806036054161924
RShape,6,spline,22,44,0.05888701004136674,0.06723149957027065,0.2681459484713117,0.002126046691506868,0.09231363694506264
Saeghe,0,spline,22,44,0.04757076237151793,0.05761717953483845,0.1679434071369754,0.0018220151968493035,0.08875823271626135
Saeghe,1,spline,22,44,0.0401857278904043,0.04747337495263828,0.12923653528589496,0.0015012399306552513,0.07462663054600364
Saeghe,2,spline,22,44,0.043629426549950286,0.04951694302397832,0.11520639547498823,0.0015658632272455713,0.07957221142713176
Saeghe,3,spline,22,44,0.04452300494020641,0.05059207775104323,0.12934886627901535,0.0015998619725362568,0.08255291036790746
Saeghe,4,spline,22,44,0.06108145075860139,0.07566676462156299,0.20371575227247155,0.002392793193799877,0.11006299733519467
Saeghe,5,spline,22,44,0.04202498545198162,0.04920737495577036,0.14286956681250274,0.001556073825381616,0.0739183989053567
Saeghe,6,spline,22,44,0.04816305743228013,0.05511751768583577,0.14523189916588475,0.0017429689486185397,0.08255778330121648
Sharpc,0,spline,22,44,0.05976382662481755,0.06841422342636884,0.27534525378297176,0.002163447703789744,0.1114331236626373
Sharpc,1,spline,22,44,0.0562769060473088,0.06715676197553355,0.15059528236065814,0.0021236832812447505,0.10599156947744733
Sharpc,2,spline,22,44,0.052081632669876365,0.06172031621721911,0.1926510494448558,0.0019517677715224012,0.08741841043509865
Sharpc,3,spline,22,44,0.03997236927827837,0.049394439835261775,0.14301469092912006,0.0015619893362757938,0.068012256770167
Sharpc,4,spline,22,44,0.045512791336423025,0.05512236736998064,0.15438336575503878,0.001743122309096842,0.07769471765408799
Sharpc,5,spline,22,44,0.06242032208761368,0.07133826069109019,0.1793642476458077,0.0022559138809870255,0.10707501733559621
Sharpc,6,spline,22,44,0.08281985710020337,0.09789720654128828,0.21521927339822944,0.0030957814923840564,0.1334472252308919
Sine,0,spline,22,44,0.03507571456237204,0.04020261484803859,0.16759150380072144,0.0012713183081430603,0.07014924384809332
Sine,1,spline,22,44,0.0416451225310997,0.04949406109911732,0.12035059502841142,0.001565139637247475,0.08066931619679756
Sine,2,spline,22,44,0.057709337892705256,0.0672217948745955,0.14443175107470346,0.0021257398020835456,0.10952449183839576
Sine,3,spline,22,44,0.05593403304741749,0.06357527135799086,0.15115362985553515,0.0020104266035451714,0.09905637077071845
Sine,4,spline,22,44,0.07140124880503355,0.08171683129870917,0.17191653792360412,0.0025841131007565622,0.1383979587908467
Sine,5,spline,22,44,0.06373518875949578,0.0709065136015317,0.25695970918062283,0.00224226083922549,0.12153388871763113
Sine,6,spline,22,44,0.05869711665897608,0.07095520363204774,0.1939200218424811,0.0022438005531832277,0.10807873345896854
Snake,0,spline,22,44,0.05931346128786437,0.06893779124855406,0.18067709308056465,0.002180004372066537,0.10444150125306967
Snake,1,spline,22,44,0.09009185209543966,0.10876561950069229,0.24579408376863432,0.003439470887414135,0.15738131999079047
Snake,2,spline,22,44,0.08126689250617256,0.10531454696826106,0.2745941696675884,0.003330338391684855,0.13687923311173547
Snake,3,spline,22,44,0.08150830669274868,0.10135487741429514,0.2619873656866567,0.003205122645963302,0.14135235794936263
Snake,4,spline,22,44,0.060841420392081534,0.07192192507448726,0.2015128650568133,0.0022743709693935506,0.10172602650187983
Snake,5,spline,22,44,0.06311317515551988,0.07432377577959706,0.17830854339240587,0.0023503241576718343,0.1094326906435566
Snake,6,spline,22,44,0.08156959380885843,0.0982672220062724,0.2552390606452538,0.0031074824087724178,0.1357975852313186
Spoon,0,spline,22,44,0.0286623919250647,0.03415324276271957,0.104052551855817,0.0010800203661085548,0.05641341837764539
Spoon,1,spline,22,44,0.04327915306255024,0.05060101870597926,0.13888182707467803,0.0016001447103568048,0.08119765310580418
Spoon,2,spline,22,44,0.03265813070975673,0.039331838025533514,0.13812328159134096,0.0012437819272150578,0.06197578792490308
Spoon,3,spline,22,44,0.042222602479906765,0.05236358068423265,0.14383152035771946,0.0016558818140417337,0.07781246873251038
Spoon,4,spline,22,44,0.04965886662515217,0.05858100897260007,0.1634388158841153,0.0018524941598417658,0.09499631430413503
Spoon,5,spline,22,44,0.11223049017947855,0.1948550929717284,0.7629149957101087,0.006161859074745293,0.21263883425278812
Spoon,6,spline,22,44,0.03696750352490087,0.04415576788782366,0.11707523495270085,0.0013963279835924507,0.07044808126926867
Sshape,0,spline,22,44,0.06885375031058175,0.08184348250528989,0.24111590885655407,0.002588118163568598,0.1174812191709687
Sshape,1,spline,22,44,0.08738338496795413,0.11479089228777026,0.34978882575506864,0.003630006742724106,0.1465186576163974
Sshape,2,spline,22,44,0.06174059266708982,0.07256163503061187,0.2032075129086366,0.0022946003744259524,0.09583361456397788
Sshape,3,spline,22,44,0.10531429052262872,0.1413312940942234,0.4639925771345525,0.004469287939968498,0.16000535821071615
Sshape,4,spline,22,44,0.08687686185493024,0.10088308750947188,0.35443340838709436,0.0031902033392001462,0.13179074750630723
Sshape,5,spline,22,44,0.06720293855230619,0.07763435403577322,0.204695626158196,0.002455013834289285,0.10260792501719866
Sshape,6,spline,22,44,0.102448421279843,0.11624655669696597,0.36309088035767806,0.0036760388931431237,0.15363984904352307
Trapezoid,0,spline,22,44,0.048944252186684335,0.057600008778738845,0.15042863301726717,0.0018214722098650838,0.09982798093023189
Trapezoid,1,spline,22,44,0.04151718811470928,0.047302213672809,0.10550863225741836,0.0014958273357403515,0.07562138796106015
Trapezoid,2,spline,22,44,0.042449278045643524,0.04813564935962462,0.14380988133917108,0.001522182886276393,0.08432572276404174
Trapezoid,3,spline,22,44,0.058734539870655966,0.07456292745637538,0.19190903862544745,0.002357886797720514,0.1064321176598916
Trapezoid,4,spline,22,44,0.06087366425236023,0.06822996475849595,0.13763258808851056,0.0021576209330986754,0.111261369311718
Trapezoid,5,spline,22,44,0.06817976776674041,0.07732941714407136,0.16857781240580647,0.0024453708830853853,0.12189037430434183
Trapezoid,6,spline,22,44,0.07277160357567992,0.09046617519926908,0.28982029553912936,0.0028607916483352727,0.13348872328567596
WShape,0,spline,22,44,0.05511680898284051,0.06360280756551193,0.14075253193617948,0.002011297374884068,0.11191673310529213
WShape,1,spline,22,44,0.07553397023858349,0.08600330786085314,0.22083642486795443,0.0027196633914895944,0.14350142463293938
WShape,2,spline,22,44,0.057896826279416586,0.06998502340334888,0.1982877509409578,0.0022131207605477136,0.11270502002969268
WShape,3,spline,22,44,0.07463274389893124,0.09137423957832737,0.2297744883465579,0.00288950716533418,0.1379263407963747
WShape,4,spline,22,44,0.0902206751719381,0.1022029391082185,0.23910585965081016,0.003231940711454685,0.1591043702571925
WShape,5,spline,22,44,0.08878578872393775,0.10147306069247983,0.2364440946362609,0.00320885992936739,0.16355304042511148
WShape,6,spline,22,44,0.09473515011259613,0.12179414472653664,0.4390996321679437,0.0038514690300804123,0.1810705080723778
Worm,0,spline,22,44,0.023955360850800786,0.027725814595671614,0.0695352517048255,0.0008767672410586274,0.04858767025055176
Worm,1,spline,22,44,0.03340790990719767,0.04178076654284345,0.13663657317898198,0.0013212238466314427,0.06735553338816475
Worm,2,spline,22,44,0.03278184969696125,0.04236967827661198,0.1454961422776671,0.0013398468708265153,0.06565622451088259
Worm,3,spline,22,44,0.025075385691281257,0.0282786387264002,0.06541149796477767,0.0008942490750446775,0.04955445876668074
Worm,4,spline,22,44,0.02916448568107866,0.03579255891227341,0.10321719027065093,0.0011318600944854283,0.0570434768562621
Worm,5,spline,22,44,0.02535409118853805,0.030374530676415237,0.09463146111469475,0.0009605269979612705,0.04850402382066665
Worm,6,spline,22,44,0.040159999080791056,0.04616147585931362,0.11592542924919669,0.0014597540387030939,0.07855543349199684
Zshape,0,spline,22,44,0.05866583836226786,0.06879009424903727,0.18699666309780055,0.002175333782846079,0.10432578198806086
Zshape,1,spline,22,44,0.06338239809625755,0.07201126111621399,0.2044945464358998,0.0022771960230835533,0.10473921196708622
Zshape,2,spline,22,44,0.08087331521851747,0.10658794091285086,0.29579156864804595,0.0033706066439205553,0.14343457839500418
Zshape,3,spline,22,44,0.07233919414315343,0.08638456648282779,0.37163967235061546,0.0027317198477197647,0.116194894264442
Zshape,4,spline,22,44,0.061556694023081567,0.07014013721423566,0.18224152060618248,0.0022180258899372226,0.10179034202305763
Zshape,5,spline,22,44,0.07871159796815706,0.09229555094446656,0.2455532072675446,0.0029186415888461915,0.11838464733309817
Zshape,6,spline,22,44,0.19134146936327187,0.2638245885095182,0.7940040148758698,0.008342866024467646,0.3016743242430085
heee,0,spline,22,44,0.08448767220855595,0.09908172705955186,0.24046822962618636,0.0031332393201132167,0.15615406275454344
heee,1,spline,22,44,0.06425756128106448,0.08135094192604865,0.2601939674636232,0.0025725426628639887,0.10824537977100657
heee,2,spline,22,44,0.07714506290996218,0.09147870226292823,0.21458904649560964,0.0028928105654725256,0.13566667188256437
heee,3,spline,22,44,0.0783241080224037,0.09200507522663914,0.22520565634931428,0.0029094559401131215,0.13323261633361277
heee,4,spline,22,44,0.1034675077279899,0.12358883598558272,0.313858329615442,0.003908222150834221,0.17044170724278443
heee,5,spline,22,44,0.10376413499678859,0.12318546149927934,0.33557319739010966,0.00389546632956703,0.17198276224273581
heee,6,spline,22,44,0.07331017645843824,0.08862536268753111,0.2218242506797519,0.002802580045510999,0.1160156060250231
Angle,0,spline_rest,3,6,4.640606459380612,5.28209610732966,15.70623328270675,0.16703454519070943,7.88811652253775
Angle,1,spline_rest,3,6,4.775837997527194,5.385984159936053,13.570067156650024,0.17031977386986538,8.005612244621208
Angle,2,spline_rest,3,6,2.3708294623118125,2.7383326345798777,9.274537179487526,0.0865936811644197,3.955032542491353
Angle,3,spline_rest,3,6,4.733239245113928,5.320364176670087,14.167622164049554,0.16824468779843946,7.499968921972075
Angle,4,spline_rest,3,6,4.155714842332616,4.676126133366184,12.936184600352801,0.14787209207673427,6.579359085661775
Angle,5,spline_rest,3,6,3.423946412283318,3.8672732530042664,13.828441077820512,0.12229391813742091,5.541938855598154
Angle,6,spline_rest,3,6,2.1520286577545154,2.4553763101353,9.910970045916505,0.07764581652847526,3.40731476325823
BendedLine,0,spline_rest,3,6,7.32408762593752,7.994101882566592,15.84679156751443,0.2527956979635032,17.06423959008017
BendedLine,1,spline_rest,3,6,4.524138461809387,4.885229563583836,12.776869815721053,0.15448452313715286,10.14788969528044
BendedLine,2,spline_rest,3,6,5.431456027593392,5.858276542169743,15.11565992535335,0.18525497036391844,11.541644533002543
BendedLine,3,spline_rest,3,6,7.475943406610058,8.095168826876426,16.11307976454321,0.25599171536522786,15.467319373236975
BendedLine,4,spline_rest,3,6,7.122621429282978,7.644385862905116,16.203820802955896,0.24173670639971828,13.933871919136251
BendedLine,5,spline_rest,3,6,8.08751449391654,8.7305575543467,17.589695138779422,0.2760844711492485,14.911138216269489
BendedLine,6,spline_rest,3,6,5.928436840497231,6.39727273315649,15.422225540290594,0.2022995265006508,11.472776837628771
CShape,0,spline_rest,3,6,7.696127811291939,8.600361001808585,18.140495634533803,0.2719672946540263,14.426548284108815
CShape,1,spline_rest,3,6,9.170908671363689,10.21397273033504,20.232634801466737,0.3229941778670753,15.013387770658241
CShape,2,spline_rest,3,6,7.49759448822163,8.382090161732755,19.62888584749132,0.26506496463964646,11.790325401283921
CShape,3,spline_rest,3,6,6.4543290675421865,7.195070902534159,17.788634307863436,0.22752811978411308,11.167861279842512
CShape,4,spline_rest,3,6,8.37928554811509,9.313653730254908,20.40547929406844,0.29452359125728983,12.23785305386773
CShape,5,spline_rest,3,6,8.244392542069185,9.222103766700641,21.34663719007591,0.29162852721192106,12.969070551008548
CShape,6,spline_rest,3,6,7.825210079143313,8.60130264941727,22.627118439230514,0.27199707216599334,11.84184836866777
DoubleBendedLine,0,spline_rest,3,6,6.915657212301733,7.508767712347949,12.450986768200144,0.23744808392151548,15.490610935329482
DoubleBendedLine,1,spline_rest,3,6,7.944543910134886,8.595787886004873,13.70509453907557,0.2718226800345919,16.247614468789415
DoubleBendedLine,2,spline_rest,3,6,7.698528641921521,8.424183913332024,15.434036964088495,0.26639608594279696,15.632579720210396
DoubleBendedLine,3,spline_rest,3,6,8.219128243516007,8.952826294943062,16.029772816215534,0.2831132258786649,15.64756632855704
DoubleBendedLine,4,spline_rest,3,6,8.287958916006007,9.089718080606314,14.408943905597514,0.2874421242352995,16.26435145647275
DoubleBendedLine,5,spline_rest,3,6,8.417266942562426,9.159499493791778,16.117290540214007,0.2896488062754132,15.39175740650945
DoubleBendedLine,6,spline_rest,3,6,8.514898635633642,9.272030544630976,15.172275244890772,0.2932073505568538,15.621063798101803
GShape,0,spline_rest,3,6,8.665937655242539,9.168881362889183,15.359593501671803,0.28994548702598666,17.706297958606857
GShape,1,spline_rest,3,6,10.384661641948759,10.918387643394285,18.655988159870077,0.3452697332976422,17.70015114810174
GShape,2,spline_rest,3,6,11.393911391296871,12.113471942211707,19.960547354090675,0.3830616170993255,17.100497792335307
GShape,3,spline_rest,3,6,11.308030435301111,11.892173589255263,19.130461209198437,0.3760635487214633,17.22335460412496
GShape,4,spline_rest,3,6,10.42780090055564,11.124506447653905,17.843315151546456,0.35178778219815043,17.684157906225735
GShape,5,spline_rest,3,6,11.173965358891783,11.810872700375448,18.851713685231207,0.37349258887489856,17.978759055703968
GShape,6,spline_rest,3,6,10.91541771561235,11.573769570436067,18.140680011615682,0.3659947295652656,18.07635291421823
JShape,0,spline_rest,3,6,5.250699776424761,6.031431025703554,15.398838516835763,0.19073059591428804,10.823813060597299
JShape,1,spline_rest,3,6,5.80350131073895,6.602084690472301,15.433988614608502,0.2087762492722023,10.893120451863632
JShape,2,spline_rest,3,6,6.47350433285759,7.106475795724812,14.795977390002523,0.2247264965134788,12.388795003664194
JShape,3,spline_rest,3,6,6.363209879106517,7.150030074692486,15.075579557241332,0.22610380374732097,11.630107270315847
JShape,4,spline_rest,3,6,5.713652571760828,6.445744735239536,14.540240765763441,0.2038323457939593,9.981940347915202
JShape,5,spline_rest,3,6,6.211749776054976,6.893984534374382,14.358781594330805,0.21800693282598413,10.574072316634188
JShape,6,spline_rest,3,6,6.050914078382313,6.67378453424681,15.325951015539115,0.2110435974142592,10.79330912863555
JShape_2,0,spline_rest,3,6,5.761025322987014,6.608762730062089,13.098153253243085,0.20898742742628734,12.97704863545382
JShape_2,1,spline_rest,3,6,5.703897651786491,6.495772701465914,15.217727832844378,0.20541436899377263,12.328033746137754
JShape_2,2,spline_rest,3,6,6.039182568526928,6.884217663460376,15.785343458058046,0.21769807724897305,11.473366998465163
JShape_2,3,spline_rest,3,6,6.437878261856277,7.318815323871231,16.466976709945072,0.23144126197575995,11.748675116319463
JShape_2,4,spline_rest,3,6,7.038695351428385,8.004560931647019,17.859996078603253,0.2531264421360396,12.808293782945647
JShape_2,5,spline_rest,3,6,7.213710353882874,7.8690961113190845,18.215762166322424,0.2488426683854221,13.252984838619614
JShape_2,6,spline_rest,3,6,7.762163881824739,8.695373567082012,17.156048556968436,0.27497185578002076,13.05724330108602
Khamesh,0,spline_rest,3,6,2.5514162065575796,3.0453143522637367,7.879380072799182,0.09630129544353754,4.634177359491876
Khamesh,1,spline_rest,3,6,2.858386538048904,3.2279147616198913,5.326926606433915,0.10207562739598322,4.994931818370404
Khamesh,2,spline_rest,3,6,2.8028587700228313,3.3420952709260057,6.404272754894779,0.10568633213403696,4.706940156065443
Khamesh,3,spline_rest,3,6,2.7854521874370692,3.2571136494524997,7.542039321873504,0.10299897730293142,4.449998933622271
Khamesh,4,spline_rest,3,6,3.086777178016903,3.400772332817589,5.5588248712252275,0.10754186375387767,4.987475584738314
Khamesh,5,spline_rest,3,6,2.451814268142553,2.789655149882142,5.880967394604747,0.0882166416004597,4.230054900184744
Khamesh,6,spline_rest,3,6,3.0947797484195063,3.5040980168565197,6.296669025112104,0.11080930877745693,5.008473706500912
LShape,0,spline_rest,3,6,6.0225253202444335,6.765266698322532,11.788480110413516,0.21393651745186432,10.602312713798907
LShape,1,spline_rest,3,6,6.082539197153738,6.823167133223129,11.852905201088799,0.21576748996986625,10.641428645106338
LShape,2,spline_rest,3,6,4.965171294595246,5.522579607695786,13.873162900809216,0.17463930119917837,8.26616490050858
LShape,3,spline_rest,3,6,5.412400347379288,6.072781379438807,10.470929223064132,0.1920382089128585,9.46026916806206
LShape,4,spline_rest,3,6,5.751956769599966,6.622327941052768,13.344274104980286,0.20941639706300028,9.614442258385584
LShape,5,spline_rest,3,6,6.2541390742793155,7.219811474828136,14.48948855761937,0.22831048537476334,10.135127684329897
LShape,6,spline_rest,3,6,5.729136125300763,6.34516492271186,11.94091254883701,0.2006517328517574,9.296404131998182
Leaf_1,0,spline_rest,3,6,7.50918733979271,8.314672782319596,16.843204830917955,0.2629330399113932,16.225065014470054
Leaf_1,1,spline_rest,3,6,8.013505544481191,8.921851115670826,18.742120053259672,0.2821337047043419,15.138750993970937
Leaf_1,2,spline_rest,3,6,6.963158418998757,7.681091509746248,18.25510973468446,0.2428974408697957,13.121351048340939
Leaf_1,3,spline_rest,3,6,6.903442618689504,7.530694371400893,17.91098545401739,0.238141465762368,13.263971516159087
Leaf_1,4,spline_rest,3,6,7.4432361574256705,8.118782086463476,20.422074137040457,0.2567384321979867,13.020151332326488
Leaf_1,5,spline_rest,3,6,7.245088948103327,7.929694712859797,16.664265756622168,0.25075896442431844,14.037296731651542
Leaf_1,6,spline_rest,3,6,7.25277351712413,7.97652310739707,19.0164905789198,0.2522398082833862,12.751349950591727
Leaf_2,0,spline_rest,3,6,6.563090156060294,7.3055655762676075,13.309998356816633,0.23102226816726187,11.705405236324687
Leaf_2,1,spline_rest,3,6,6.086153523280742,6.871724281073321,15.399581288591753,0.21730300180874776,10.381922365560591
Leaf_2,2,spline_rest,3,6,5.8736852993721795,6.617993657849217,15.716851129176947,0.20927933499352597,9.745948276399647
Leaf_2,3,spline_rest,3,6,5.918969497693732,6.5916504069226365,15.620112800266222,0.2084462882545126,10.365008390270033
Leaf_2,4,spline_rest,3,6,5.69863590696583,6.406960453684014,15.967712109419784,0.2026058791226722,9.668608820169162
Leaf_2,5,spline_rest,3,6,5.792442986919774,6.516937303411572,14.29519467211617,0.20608365247296373,10.070355777203563
Leaf_2,6,spline_rest,3,6,6.067369889427592,6.858426591549759,16.158122524642554,0.21688249194362566,10.290602173936179
Line,0,spline_rest,3,6,0.9157075977664474,1.2300285636668313,5.6981277543415585,0.038896918482526195,1.7890973109867543
Line,1,spline_rest,3,6,0.6867627873568062,0.8293306922634635,2.269422371759787,0.026225739210367277,1.277196531702084
Line,2,spline_rest,3,6,0.9233291002520703,1.1021614924674645,2.778272599390394,0.03485340665527702,1.6923042400222015
Line,3,spline_rest,3,6,0.7679380263833566,1.0572201639713268,4.858731869068462,0.033432237064060774,1.4505684446645362
Line,4,spline_rest,3,6,0.6959178658709011,0.9173135969768622,4.706076377289385,0.029008002950886316,1.2791598504572372
Line,5,spline_rest,3,6,0.911170290384817,1.1314664135581947,4.738959508378041,0.035780109628259164,1.6648154492450562
Line,6,spline_rest,3,6,0.6922640507503119,0.907462076684855,4.57880541541539,0.028696470525505217,1.412722676468253
Multi_Models_1,0,spline_rest,3,6,2.0269280623181367,2.250374046943192,3.5272559223926536,0.07116307575671163,6.984811023911627
Multi_Models_1,1,spline_rest,3,6,2.55421919432279,2.817849765149039,4.785178055879505,0.0891082336204152,8.20003261531934
Multi_Models_1,2,spline_rest,3,6,2.1209293480906406,2.377273694979535,4.290845358825398,0.07517599497739723,7.103608025962132
Multi_Models_1,3,spline_rest,3,6,1.239133082428804,1.3892951286920712,3.5106533484608904,0.0439333694884369,5.765992561215913
Multi_Models_1,4,spline_rest,3,6,1.0763527707504612,1.2246792361204397,2.836121995852234,0.03872775789255742,4.718836240182124
Multi_Models_1,5,spline_rest,3,6,0.31112364191733577,0.35684547652232645,0.8491854149942051,0.01128444478538693,2.2685259014579553
Multi_Models_1,6,spline_rest,3,6,0.19300287971854682,0.2462231618291122,1.0114003595932122,0.0077862600406822515,1.4454728313813547
Multi_Models_2,0,spline_rest,3,6,3.099981232702563,3.513086584569331,5.836382355089941,0.11109355224620827,9.352149574665853
Multi_Models_2,1,spline_rest,3,6,3.473334394530182,3.8353734414116514,6.901353393655324,0.12128515752179184,9.841966421386337
Multi_Models_2,2,spline_rest,3,6,3.306003711420349,3.748206647843856,6.8530473799021765,0.11852870148171234,9.980392759027708
Multi_Models_2,3,spline_rest,3,6,3.305086602575857,3.7007112800420683,6.816033739215879,0.1170267660761016,9.448779173600109
Multi_Models_2,4,spline_rest,3,6,3.072399553362552,3.587423568704498,7.624180042305168,0.11344429408875756,13.11945580006101
Multi_Models_2,5,spline_rest,3,6,2.9957512137799966,3.45575442401056,6.624293728784173,0.1092805501407664,12.813927092401855
Multi_Models_2,6,spline_rest,3,6,3.2935375113355083,3.7508238466498964,6.747040288757315,0.11861146457487794,13.042537356855203
Multi_Models_3,0,spline_rest,3,6,4.369060245135798,4.8562253002591715,8.219217506135047,0.15356732779754056,13.365933093094334
Multi_Models_3,1,spline_rest,3,6,4.625730510192037,5.15014303323978,8.977762283606566,0.1628618226068597,13.337248296105153
Multi_Models_3,2,spline_rest,3,6,5.012230468955966,5.503089702929785,9.305930706630011,0.17402297629477503,13.38314096360812
Multi_Models_3,3,spline_rest,3,6,4.889467643063921,5.326849367756424,8.629152855091606,0.16844976754738192,13.607026969001463
Multi_Models_3,4,spline_rest,3,6,4.985540967058632,5.595893309681909,9.490748888516714,0.17695768401892797,16.823253019707717
Multi_Models_3,5,spline_rest,3,6,6.1948810920169635,6.808269047915075,10.71154910225341,0.21529637114637684,18.46527158707812
Multi_Models_3,6,spline_rest,3,6,5.240417334221833,5.864586888600738,9.437653036014225,0.18545452103938495,16.280546260835553
Multi_Models_4,0,spline_rest,3,6,5.005742248536048,5.57670219139602,10.45047957410941,0.1763508075726368,11.917569378158404
Multi_Models_4,1,spline_rest,3,6,4.914324265884074,5.374778548126454,11.357497452083223,0.1699654213109252,11.515588415381929
Multi_Models_4,2,spline_rest,3,6,5.185615197933681,5.925312946351224,12.985459650129616,0.18737484759752954,11.182851137416502
Multi_Models_4,3,spline_rest,3,6,4.988756512260991,5.577611444041333,11.557408961976869,0.17637956066591404,10.683550489086374
Multi_Models_4,4,spline_rest,3,6,1.914859433874889,2.183164159472371,4.53482141367633,0.06903771249979757,7.414390917365665
Multi_Models_4,5,spline_rest,3,6,2.4876281578861525,2.8198748666889117,6.27766848072265,0.08917227295400632,9.581303392932655
Multi_Models_4,6,spline_rest,3,6,2.402823335726627,2.7175538757380564,5.109538391483272,0.08593659911550453,8.597257806728301
NShape,0,spline_rest,3,6,10.80274078598974,12.89303915716659,24.376840810430345,0.40771369698384063,17.74052833892391
NShape,1,spline_rest,3,6,12.34154942961079,14.06111697980123,23.940112781752354,0.44465156102239706,19.567109138475146
NShape,2,spline_rest,3,6,12.324798806254407,14.146877435553563,24.035053160146568,0.44736354475591167,19.274433232636046
NShape,3,spline_rest,3,6,11.305461226697226,13.496545524649838,27.165458558407234,0.4267982440204571,16.860911994840688
NShape,4,spline_rest,3,6,12.543748761685308,14.43013067842118,23.948336095781045,0.45632079877681686,19.667965465453893
NShape,5,spline_rest,3,6,12.875906866372121,14.688284233732405,24.134241912167976,0.46448433098535413,19.629808621423862
NShape,6,spline_rest,3,6,13.583102374168218,15.38354162354931,25.888622777781134,0.4864703001042038,19.82800273798779
PShape,0,spline_rest,3,6,7.3332928083200715,8.095713233095715,15.538811189451694,0.25600893100148103,13.03780178764718
PShape,1,spline_rest,3,6,8.278801652954941,9.219222653751844,16.40569014235574,0.2915374184207769,13.186436863975825
PShape,2,spline_rest,3,6,7.844644992754025,8.866421059630534,18.3167930596368,0.28038085242516086,12.310781998595823
PShape,3,spline_rest,3,6,7.715542682503981,8.775333597070809,17.905035111945566,0.27750041394542047,12.069413170114519
PShape,4,spline_rest,3,6,7.454389152633299,8.338614697277297,16.402407558893707,0.2636901497395171,12.707525118042657
PShape,5,spline_rest,3,6,7.876206524245881,8.79654057565661,16.544652728957193,0.27817103749163596,12.541808146462664
PShape,6,spline_rest,3,6,7.802058667281564,8.748339603138808,17.065986397387437,0.2766467889057216,12.018127101985092
RShape,0,spline_rest,3,6,6.663715885211842,7.428231997838256,11.74407946075937,0.23490132101311847,10.686134171630844
RShape,1,spline_rest,3,6,7.960927021950922,8.93752752505165,14.32117791510906,0.2826294362961082,12.613513621683667
RShape,2,spline_rest,3,6,7.04238484679869,7.868110375611762,12.628293160924843,0.24881149668536112,11.212246128885397
RShape,3,spline_rest,3,6,7.131676226174914,8.124136448593053,13.867856340229324,0.2569077519954548,11.712859838057252
RShape,4,spline_rest,3,6,6.574044137202847,7.408049468711793,12.656890084083265,0.23426309340329535,10.511632848564474
RShape,5,spline_rest,3,6,6.436688921590834,7.253711954143184,12.905210827613303,0.2293825126588331,9.829071415584648
RShape,6,spline_rest,3,6,6.8517203094305,7.786963454540548,13.32443217816474,0.24624540572841166,10.74103135223809
Saeghe,0,spline_rest,3,6,5.5761592276048635,6.134307416933901,9.001997453721597,0.19398383305175274,10.404080441708672
Saeghe,1,spline_rest,3,6,6.614680169956031,7.379336603472762,11.437870180069556,0.2333551128802472,12.283746472616626
Saeghe,2,spline_rest,3,6,6.457385918003874,7.216463853884408,11.762029475139824,0.2282046243055127,11.777108208051226
Saeghe,3,spline_rest,3,6,6.600986773306032,7.387115634012896,12.250337133116293,0.23360110742519552,12.239305728989038
Saeghe,4,spline_rest,3,6,6.441087978036376,7.257805831913374,12.306636285496488,0.22951197244099442,11.606231354328832
Saeghe,5,spline_rest,3,6,6.358926149054328,7.13756005406634,11.637606287331371,0.22570946707084197,11.184813858712177
Saeghe,6,spline_rest,3,6,5.665404831170385,6.283820098898942,10.353767771428753,0.1987118391926518,9.71124528427361
Sharpc,0,spline_rest,3,6,5.790040945391616,7.011142026861764,17.921146274018334,0.22171177803812606,10.795867418764486
Sharpc,1,spline_rest,3,6,6.7137213609547,7.924427143512854,17.160018454790325,0.25059238925562627,12.644580416052944
Sharpc,2,spline_rest,3,6,5.491383078988496,6.787037303255051,16.704424465312556,0.21462496442812892,9.217222180767546
Sharpc,3,spline_rest,3,6,5.796704529415148,7.315310820218284,17.054995986530894,0.23133043983964305,9.862986958083901
Sharpc,4,spline_rest,3,6,6.693417906937651,7.899384298951271,14.37349145348136,0.2498004649765846,11.42630893755261
Sharpc,5,spline_rest,3,6,6.69315328302606,7.7780469800501715,14.088813964947166,0.24596344204752785,11.48134901969738
Sharpc,6,spline_rest,3,6,7.1808368278879176,8.335374040767272,15.761641596641601,0.2635876711826578,11.570446787393564
Sine,0,spline_rest,3,6,5.609094956477592,6.247326214528534,11.359071628126191,0.1975578012398787,11.217840456803163
Sine,1,spline_rest,3,6,5.8221385813245305,6.500188988842911,10.944355305442027,0.20555402426290423,11.277861838627196
Sine,2,spline_rest,3,6,6.3634191174565435,7.1719212297630826,12.660405985288731,0.22679606285367127,12.076905933142903
Sine,3,spline_rest,3,6,6.510166400377498,7.40136811057286,13.122819849172997,0.23405181030747205,11.529178598442602
Sine,4,spline_rest,3,6,5.98528759382554,6.665384138958014,11.659746099549585,0.2107779535906758,11.601359914915621
Sine,5,spline_rest,3,6,6.052515462132111,6.920101560763255,13.080048408407903,0.2188328257169798,11.541281275752278
Sine,6,spline_rest,3,6,6.206039200679581,6.922082632721951,12.722607100906348,0.21889547271296148,11.42715170326152
Snake,0,spline_rest,3,6,9.281576848043338,10.078603996375543,21.35727842302954,0.3187134426342213,16.343369598693744
Snake,1,spline_rest,3,6,9.62663518911572,10.537327124837411,21.828860412026966,0.33321954164759643,16.81675443332922
Snake,2,spline_rest,3,6,10.548737211007104,11.56373419395025,18.957285634098355,0.3656773830965408,17.7674205966496
Snake,3,spline_rest,3,6,10.1393324318446,11.08403227674818,20.473745136844755,0.3505078765334603,17.583711469756057
Snake,4,spline_rest,3,6,10.109008608642416,11.077118278371362,19.77661384030883,0.3502892367073658,16.902124753226975
Snake,5,spline_rest,3,6,10.785347952377002,11.741549249065951,19.313517785405,0.3713003888608807,18.700844047969948
Snake,6,spline_rest,3,6,10.828661949111979,11.87135232753539,19.3721608913083,0.37540512261353065,18.02762616939713
Spoon,0,spline_rest,3,6,4.5524929230130065,5.219645856812088,10.651824457161794,0.1650596948698731,8.960232230395851
Spoon,1,spline_rest,3,6,5.68455541113127,6.259206478368377,10.262179604740831,0.19793348816925513,10.66500903256263
Spoon,2,spline_rest,3,6,5.890445186296617,6.470709851568126,10.14984561186664,0.20462181209045333,11.178379586193552
Spoon,3,spline_rest,3,6,5.893091576053302,6.509767963710133,10.204836811271466,0.20585693804520355,10.860439126595509
Spoon,4,spline_rest,3,6,5.569186633497673,6.175090787769729,9.920862311754128,0.19527351647675775,10.653730940894416
Spoon,5,spline_rest,3,6,5.643334213131142,6.225035950623903,10.32379640519119,0.19685292120402997,10.692210347295633
Spoon,6,spline_rest,3,6,5.761464895569269,6.288700400913229,9.69905378491185,0.19886616789299835,10.979484912193318
Sshape,0,spline_rest,3,6,10.562279947153566,12.469761563299834,24.523066206835505,0.3943284841924939,18.02181464073386
Sshape,1,spline_rest,3,6,11.57960702190053,13.175778735979897,22.958840325678675,0.416654707521108,19.415916162969367
Sshape,2,spline_rest,3,6,12.29293784693912,13.87529992160695,25.737641990274096,0.43877550970233725,19.081071570446085
Sshape,3,spline_rest,3,6,12.291751082843335,13.921716057238338,26.70367424460219,0.440243316790122,18.67501575794896
Sshape,4,spline_rest,3,6,12.840354934978443,14.398204361994262,28.067732817475697,0.4553112000047337,19.47860384221597
Sshape,5,spline_rest,3,6,11.87905431294378,13.56158851926358,28.753280808934786,0.4288550841086319,18.137378222963694
Sshape,6,spline_rest,3,6,12.739199613642125,14.641088297192994,27.79213272880374,0.462991864427661,19.10472295350419
Trapezoid,0,spline_rest,3,6,3.102128287339514,3.7494785656314544,9.249840010166311,0.11856892305376526,6.327182246660467
Trapezoid,1,spline_rest,3,6,3.6535188067638042,4.247399796288904,8.806811421681736,0.13431457489608126,6.654693529483741
Trapezoid,2,spline_rest,3,6,3.205853587318651,3.930278162594037,8.80472335300264,0.12428630831818747,6.368445666747569
Trapezoid,3,spline_rest,3,6,3.9349938371007305,4.552782595835971,8.522266020974255,0.14397162694415497,7.130552618332377
Trapezoid,4,spline_rest,3,6,4.087808252451695,4.770338295733793,8.646836712673503,0.15085134224044672,7.4714599365337575
Trapezoid,5,spline_rest,3,6,4.27491760639459,5.136561172929519,12.103966997893096,0.16243232647243308,7.642609006037824
Trapezoid,6,spline_rest,3,6,4.049330198919992,4.653249812002681,10.001479578788532,0.1471486792767879,7.427896210282344
WShape,0,spline_rest,3,6,5.845007915402703,6.723121383492022,12.169032048667018,0.21260376557617147,11.868506231376742
WShape,1,spline_rest,3,6,6.716872818656206,7.5316897601574695,12.38233450385562,0.23817294271864903,12.760891761824444
WShape,2,spline_rest,3,6,7.265601888015388,8.040838993892187,12.882542367334045,0.2542736551939605,14.143604389722324
WShape,3,spline_rest,3,6,7.641678969040687,8.3616991113707,13.188917761141084,0.26442014300937355,14.122337765950592
WShape,4,spline_rest,3,6,7.848498092522468,8.695512266355356,14.160036506751442,0.27497624183615665,13.84084461899443
WShape,5,spline_rest,3,6,7.830848923396326,8.668197514789634,14.843019636558953,0.2741124735494633,14.42527198258556
WShape,6,spline_rest,3,6,7.474280757482687,8.379887826341893,14.619554228683906,0.2649953206795792,14.285846516572313
Worm,0,spline_rest,3,6,3.5027194866293896,3.799735974998559,6.660277751644302,0.12015820188276058,7.1044214468946985
Worm,1,spline_rest,3,6,2.7522671837083412,3.0155650126680174,6.985421080610896,0.09536053872345447,5.548997967857829
Worm,2,spline_rest,3,6,2.806923755842001,3.093158321649491,7.358568732594784,0.09781425459916103,5.621769912378536
Worm,3,spline_rest,3,6,3.789746863409334,4.06905184861605,7.804125997559721,0.1286747175894538,7.489370532165868
Worm,4,spline_rest,3,6,2.7116067792715244,2.925252289250538,6.867567001379302,0.09250459964653386,5.303693000045311
Worm,5,spline_rest,3,6,3.308312084702646,3.5780781172697065,6.929514923127053,0.11314876496579328,6.329015974950795
Worm,6,spline_rest,3,6,3.2340112445060893,3.4844079991279275,7.207622984218975,0.11018665574554248,6.325925324826074
Zshape,0,spline_rest,3,6,10.170902409690905,11.820144362347984,21.62625851311375,0.3737857845701824,18.08697151590893
Zshape,1,spline_rest,3,6,11.787222284289054,13.397958060984081,23.72158858542178,0.42368063468122824,19.478347465843363
Zshape,2,spline_rest,3,6,10.516159823665673,12.082018493491136,23.96915252974248,0.38206697171708237,18.65115763544951
Zshape,3,spline_rest,3,6,11.349305554916285,13.02521586650019,25.746096937439138,0.4118934915350427,18.229832037092905
Zshape,4,spline_rest,3,6,12.25517117664697,13.907752152976244,24.454205542693934,0.4398017393651545,20.265189439092687
Zshape,5,spline_rest,3,6,11.680839723867184,13.687970560845454,28.41678415915843,0.43285163517604014,17.568339697840816
Zshape,6,spline_rest,3,6,11.524752769907776,13.513277871976939,27.84989177952171,0.42732736730200366,18.17024827654547
heee,0,spline_rest,3,6,8.974938178778961,10.688410458333747,18.71779086283116,0.33799721615098877,16.58790002081833
heee,1,spline_rest,3,6,11.950265787851428,12.904150828926692,21.35515274790972,0.40806507889758153,20.13087693932813
heee,2,spline_rest,3,6,11.913826164492187,13.016715457246054,21.436412522055228,0.4116246849921763,20.951556511276742
heee,3,spline_rest,3,6,13.071596720789916,13.954663392409756,21.89577211618269,0.4412852030098686,22.235338195879105
heee,4,spline_rest,3,6,12.981669188604311,14.006219538798545,22.70596697453928,0.44291555150956496,21.3846637263518
heee,5,spline_rest,3,6,12.924208220468204,13.771231648923099,21.041940081886995,0.4354845819639327,21.421091493946214
heee,6,spline_rest,3,6,13.809073834771816,14.769010788886696,23.221608850779525,0.46703712880482173,21.85328350005545
Angle,0,spline_rest,7,14,0.3395986536942643,0.3766879191589363,1.1206940456207204,0.011911917916116167,0.5772507913965289
Angle,1,spline_rest,7,14,0.529608844461241,0.598255275775809,1.5410424733663997,0.018918492936637138,0.8877694453358512
Angle,2,spline_rest,7,14,0.4363809715022008,0.48894355136030215,1.7728090589438428,0.01546175269550074,0.7279734669453017
Angle,3,spline_rest,7,14,0.5224995564943411,0.6007047777017145,2.017931542414145,0.01899595298882544,0.8279172533898459
Angle,4,spline_rest,7,14,0.34874343682591546,0.4098688795617163,1.521737259900508,0.012961192014362594,0.5521332398152673
Angle,5,spline_rest,7,14,0.4276621942221395,0.513455519592775,1.8121291461703792,0.016236889190983803,0.6922064325327778
Angle,6,spline_rest,7,14,0.4470463662039096,0.5135322900570806,1.7004080735223572,0.01623931688622614,0.7078101297298257
BendedLine,0,spline_rest,7,14,0.34614863565180665,0.41806141355408366,1.0299735169851458,0.01322026268660493,0.8064845144156367
BendedLine,1,spline_rest,7,14,0.6704127343417199,0.8337390854494277,2.1281938308744834,0.026365144843259407,1.5037723835910664
BendedLine,2,spline_rest,7,14,0.6436582368034747,0.78325712766848,1.8985372609225362,0.024768765169936865,1.3677501082921437
BendedLine,3,spline_rest,7,14,0.5032723295008621,0.5429218948863517,1.0645080164256029,0.01716869779415395,1.0412430149243923
BendedLine,4,spline_rest,7,14,0.6987410236731987,0.771590888910103,1.4341132318827583,0.024399846307898803,1.366936039655364
BendedLine,5,spline_rest,7,14,0.527917002591674,0.6099229150538993,1.5283659197686392,0.019287456086997216,0.9733328327614597
BendedLine,6,spline_rest,7,14,0.7140783608187397,0.8089258988890804,1.6591752898657492,0.025580482987885643,1.3818923771423761
CShape,0,spline_rest,7,14,0.475450791421866,0.5964422261757543,1.5412609844879737,0.018861159274166834,0.8912421892346235
CShape,1,spline_rest,7,14,0.41575705940115354,0.4834927053318759,1.1000086752971103,0.015289381809253643,0.6806219726807021
CShape,2,spline_rest,7,14,0.48869751007385737,0.5381202100404364,1.3209899258539448,0.01701685518695988,0.7685001737050043
CShape,3,spline_rest,7,14,0.30136678721096555,0.33666470049997155,0.6434971624469635,0.010646272613583384,0.5214519493356901
CShape,4,spline_rest,7,14,0.6163085937995155,0.7233982382615479,1.7919707125393782,0.022875860882596556,0.9001118249814217
CShape,5,spline_rest,7,14,0.4661869541657877,0.5786555721780402,2.0473148724481347,0.01829869588830568,0.7333483295081502
CShape,6,spline_rest,7,14,0.5635667950871057,0.6682256963120887,1.454822723475042,0.02113115191398178,0.8528426030152262
DoubleBendedLine,0,spline_rest,7,14,0.5852356704882716,0.6628215954778465,1.2661765385903692,0.020960259240567564,1.3108888712535225
DoubleBendedLine,1,spline_rest,7,14,0.6811525864936557,0.7635299738718764,1.3861151097263529,0.02414493779243981,1.3930446788328912
DoubleBendedLine,2,spline_rest,7,14,0.5963763672690799,0.653863411530776,1.4378158231432163,0.02067697659085256,1.2109977812924535
DoubleBendedLine,3,spline_rest,7,14,0.6202010277855379,0.6894708342121991,1.282545750626624,0.021802982163668935,1.1807379604971304
DoubleBendedLine,4,spline_rest,7,14,0.559051035387072,0.6559239367033688,2.5616991644455784,0.02074213611806761,1.0970858583867202
DoubleBendedLine,5,spline_rest,7,14,0.7049449579117273,0.7600277660961607,1.3329679765596185,0.024034188258335674,1.2890575826048598
DoubleBendedLine,6,spline_rest,7,14,0.5704835237551248,0.6452753849497254,1.177971185460519,0.020405399344830676,1.0465843343162204
GShape,0,spline_rest,7,14,0.6249064954849136,0.7056250631690782,1.4832191944631554,0.022313823737144776,1.276812855748039
GShape,1,spline_rest,7,14,0.8246163590640221,1.028061373371253,3.4647417540473566,0.03251015514293936,1.4055185135422004
GShape,2,spline_rest,7,14,0.8470007606921587,0.9718541439150664,2.574993588140807,0.030732726482446796,1.2712170685640183
GShape,3,spline_rest,7,14,0.6341514076416496,0.6759987182678452,1.8675984369673704,0.021376956450808653,0.9658812495251559
GShape,4,spline_rest,7,14,0.8355228228941549,0.9758424133006461,2.7494413277133467,0.03085884663425432,1.416935140517346
GShape,5,spline_rest,7,14,0.6659169863185239,0.7215701627473847,1.6276443782509296,0.022818052059001167,1.0714514197588902
GShape,6,spline_rest,7,14,0.821773487718857,0.9043194045935926,1.9480274333761431,0.028597090508030883,1.3608886042269708
JShape,0,spline_rest,7,14,0.5864231525384402,0.8851666060959543,4.567734640801412,0.027991425839843005,1.208854980812511
JShape,1,spline_rest,7,14,0.579443337020837,0.815582014807753,3.303458886812944,0.025790967854616743,1.087610000796933
JShape,2,spline_rest,7,14,0.5211552955645451,0.5740932200781822,1.054940940870543,0.01815442164707364,0.9973710976065874
JShape,3,spline_rest,7,14,0.5188189290325281,0.648480280948961,2.4380192722601683,0.02050674705504614,0.9482509477380201
JShape,4,spline_rest,7,14,0.5623564488560179,0.731915535757425,2.7203999953315945,0.023145201478558756,0.9824553481760375
JShape,5,spline_rest,7,14,0.45379687333000346,0.5666317484924084,2.6609205240844616,0.017918469197996906,0.7724845862515427
JShape,6,spline_rest,7,14,0.3555837542584123,0.39960860137716664,0.779698183225315,0.012636733529461453,0.6342720010755591
JShape_2,0,spline_rest,7,14,0.6853617376993939,0.7515650830961527,1.325378469174023,0.02376657472437555,1.5438176547352467
JShape_2,1,spline_rest,7,14,0.9549196073554946,1.1194772883152344,3.6885286707201796,0.03540098019905142,2.0639011888020136
JShape_2,2,spline_rest,7,14,0.9739019128329184,1.0910879266196207,3.361328925104071,0.03450322975628663,1.8502394884817728
JShape_2,3,spline_rest,7,14,0.9419833968617491,1.1349099331964885,4.113866752699949,0.035889003280504435,1.7190534590047803
JShape_2,4,spline_rest,7,14,1.3004301933389042,1.5057804566383057,4.434245508976013,0.04761695899145456,2.366389100377441
JShape_2,5,spline_rest,7,14,1.0478237696880073,1.1709355435902054,3.715778656287651,0.037028233109924244,1.9250554641060218
JShape_2,6,spline_rest,7,14,1.1479208498046578,1.269796888151473,4.084507180011939,0.040154503323527296,1.9309927044165012
Khamesh,0,spline_rest,7,14,0.5261810761914665,0.5914528110744841,1.643562460985148,0.0187033801150463,0.95571095927525
Khamesh,1,spline_rest,7,14,0.6022701034947933,0.7103105413672763,1.638153405336494,0.022461991567478457,1.052446218576443
Khamesh,2,spline_rest,7,14,0.7327705060446095,0.8379368379333223,1.6928553214727053,0.02649788943228677,1.2305675037824586
Khamesh,3,spline_rest,7,14,0.6449429157156907,0.7281988718371779,1.3471418910983723,0.023027670245705244,1.0303516607200436
Khamesh,4,spline_rest,7,14,0.7298933881620628,0.8442406790250017,1.5884387383627587,0.02669723439086146,1.1793288737669547
Khamesh,5,spline_rest,7,14,0.49259625877028973,0.558439708646853,0.9915978927276394,0.017659414152048816,0.8498642190391172
Khamesh,6,spline_rest,7,14,0.811916502588239,0.9141809939827994,1.7111361489663024,0.0289089413462233,1.313974752860556
LShape,0,spline_rest,7,14,0.2609561504752906,0.3078727593393301,0.7535918241853387,0.009735791490331594,0.45939843584018375
LShape,1,spline_rest,7,14,0.3323532240098615,0.38520393823376786,0.9712774059199895,0.012181218084855241,0.5814534035270914
LShape,2,spline_rest,7,14,0.40884723152460006,0.4890961173573013,0.9612812306349409,0.015466577255940861,0.6806610355170545
LShape,3,spline_rest,7,14,0.47352029702077914,0.5437783318523217,1.1339789152348698,0.017195780709002243,0.827660405521614
LShape,4,spline_rest,7,14,0.3480932665618342,0.4052716805857467,1.5378853079826256,0.012815815818152018,0.5818407102048391
LShape,5,spline_rest,7,14,0.5159386129626794,0.6073509332012721,2.294930361391887,0.019206122879448003,0.8361028844334398
LShape,6,spline_rest,7,14,0.4864960909775007,0.5443080537149189,1.0630541302585097,0.017212531985124183,0.7894146990837599
Leaf_1,0,spline_rest,7,14,0.9113713950168799,1.0128032540027785,1.9113737496593635,0.03202765104278827,1.96919579541151
Leaf_1,1,spline_rest,7,14,1.3519168497306027,1.521638344635989,4.248292576339009,0.04811842944097981,2.5539799578375715
Leaf_1,2,spline_rest,7,14,1.307862493611402,1.406371066239277,2.907265469678151,0.04447335804675649,2.4645314480869382
Leaf_1,3,spline_rest,7,14,0.8751307729934124,1.0090413194628596,2.753213178307314,0.03190868822724226,1.681437840081942
Leaf_1,4,spline_rest,7,14,0.945239507599591,1.026211662657332,2.507135106924171,0.0324516621542553,1.653469159642655
Leaf_1,5,spline_rest,7,14,0.7932895847379232,0.8872845377914279,2.420565649491274,0.028058400720706585,1.536991660814603
Leaf_1,6,spline_rest,7,14,1.0223710311399223,1.1310266027535025,2.8591822173942747,0.035766201589435366,1.7974655856318176
Leaf_2,0,spline_rest,7,14,2.3999939067063525,2.6917173787291917,5.1764774935951445,0.08511957734242312,4.280438112947018
Leaf_2,1,spline_rest,7,14,2.261177805356644,2.576850879305248,5.692606305890704,0.08148717969212231,3.8571771711218603
Leaf_2,2,spline_rest,7,14,2.360485710719672,2.6349395930144093,5.787069042052832,0.0833241061088263,3.916650360262463
Leaf_2,3,spline_rest,7,14,2.1262510424530823,2.4607605279857414,4.9409917389921345,0.07781608044673456,3.7233862927379042
Leaf_2,4,spline_rest,7,14,2.03762694092829,2.3667772929872433,4.581589706382133,0.0748440696020735,3.45714626007106
Leaf_2,5,spline_rest,7,14,1.9235054736644992,2.347496447145078,6.448246675935536,0.07423435572131522,3.3440785697746644
Leaf_2,6,spline_rest,7,14,2.2295243764618435,2.5547687150603164,5.6195923897496165,0.08078888034532315,3.7813993234927787
Line,0,spline_rest,7,14,0.17664749629531049,0.20967081133809506,0.52692849104926,0.0066303732268383694,0.3451315260300909
Line,1,spline_rest,7,14,0.26310980996420297,0.2939642450693321,0.661829523443447,0.009295965650710116,0.4893144225773027
Line,2,spline_rest,7,14,0.27100123793130865,0.3191660199842763,0.6749040973978249,0.010092915748811312,0.4966988952013059
Line,3,spline_rest,7,14,0.1279232366676502,0.1529458832995251,0.45546890700961884,0.004836573499728081,0.24163591862139927
Line,4,spline_rest,7,14,0.26711549239847604,0.3428116495599301,1.1502059836072527,0.01084065621048838,0.4909823846577768
Line,5,spline_rest,7,14,0.28349120449764914,0.3366008542173407,0.7876631291002726,0.010644253616850896,0.5179718236570812
Line,6,spline_rest,7,14,0.26697654913369584,0.3211545767109704,0.7738605381329714,0.01015579943393934,0.5448265364027252
Multi_Models_1,0,spline_rest,7,14,0.3573123830160709,0.40068875424947004,1.030177692680702,0.012670890962437968,1.2313014547820016
Multi_Models_1,1,spline_rest,7,14,0.2715797968583744,0.304645013244498,0.5962069311405895,0.00963372119664776,0.8718763044496322
Multi_Models_1,2,spline_rest,7,14,0.20333948288064174,0.2422265461449861,0.6294052984116096,0.007659875955740345,0.6810429512356327
Multi_Models_1,3,spline_rest,7,14,0.16629265333922014,0.20526322978503458,0.8163228303525801,0.006490993260032236,0.7738008255411833
Multi_Models_1,4,spline_rest,7,14,0.18347824977255708,0.21113719617012475,0.6060693321664193,0.006676744386793741,0.8043866637777771
Multi_Models_1,5,spline_rest,7,14,0.0792435131348874,0.09572319691069762,0.29326146759959776,0.0030270332715059793,0.5777958915664108
Multi_Models_1,6,spline_rest,7,14,0.06562939118075146,0.07637413429851123,0.17665111810744022,0.0024151621870688164,0.49152376394702635
Multi_Models_2,0,spline_rest,7,14,0.4821825323063702,0.5611867100215547,1.224427209641662,0.017746281962845528,1.4546678918081681
Multi_Models_2,1,spline_rest,7,14,0.3368291485918279,0.37749033583674907,0.7146111794026963,0.011937292559460107,0.9544319071050251
Multi_Models_2,2,spline_rest,7,14,0.24291845346107535,0.2896977861478108,0.9422793326819237,0.009161048373354585,0.7333390357615567
Multi_Models_2,3,spline_rest,7,14,0.3589887871207232,0.41282334014873345,0.7365665480099685,0.013054620261484316,1.026298606716887
Multi_Models_2,4,spline_rest,7,14,0.30896122360053785,0.35137725628871974,1.0329075960865144,0.011111524478530777,1.3192955690036545
Multi_Models_2,5,spline_rest,7,14,0.2579191551986298,0.2930206518957894,0.6462763547958782,0.009266126614580301,1.1032148581787513
Multi_Models_2,6,spline_rest,7,14,0.2502277216923946,0.2864049949591934,0.5959530617111027,0.009056921173200944,0.9909115644383394
Multi_Models_3,0,spline_rest,7,14,0.8109009515189723,0.9214164213118837,1.9727993312930046,0.029137745648268657,2.480727491729114
Multi_Models_3,1,spline_rest,7,14,0.9728612826339148,1.0790677632390484,2.6057298650446907,0.03412311881498705,2.8050255966202373
Multi_Models_3,2,spline_rest,7,14,0.8522350025778678,0.957535007331043,1.8355072438018718,0.030279915625121227,2.27555002593412
Multi_Models_3,3,spline_rest,7,14,0.778401503911151,0.8544023196688304,1.5877503631298278,0.027018573682847845,2.1662338376357804
Multi_Models_3,4,spline_rest,7,14,0.5040789308710051,0.5823013168534632,1.2859927243266553,0.018413984457723357,1.7009683506722537
Multi_Models_3,5,spline_rest,7,14,0.6663586341835829,0.7141475397823146,1.5225883695552698,0.022583328111178226,1.986235566401829
Multi_Models_3,6,spline_rest,7,14,0.4930930994179345,0.5587889528104816,1.1996639965689522,0.017670458222214688,1.5319056678077614
Multi_Models_4,0,spline_rest,7,14,0.5504853882689535,0.6453932477433569,1.5307938654515436,0.02040912649362334,1.3105844209769995
Multi_Models_4,1,spline_rest,7,14,0.6476119078004949,0.7206848446077059,2.29520450011672,0.02279005584124868,1.5175295278951564
Multi_Models_4,2,spline_rest,7,14,0.8794519699547415,1.0377427618020678,3.114192761572812,0.03281630752648115,1.8965503777508295
Multi_Models_4,3,spline_rest,7,14,0.7188881451336995,0.7976666414493855,2.224622476786602,0.02522443400516932,1.5395174680635386
Multi_Models_4,4,spline_rest,7,14,0.32496667955541975,0.35543083196884456,0.9193331584598478,0.011239709796701382,1.2582803493134145
Multi_Models_4,5,spline_rest,7,14,0.44804330249139773,0.5185078408347065,1.2045539305050035,0.01639665761693734,1.725675439366869
Multi_Models_4,6,spline_rest,7,14,0.34250224749633595,0.387870175452425,0.8699896581760701,0.012265531908787933,1.2254667570969822
NShape,0,spline_rest,7,14,0.8350619902802944,0.8912721255639822,2.0121354991640894,0.028184499318017676,1.3713594722682663
NShape,1,spline_rest,7,14,0.824978410407162,0.9069545682184388,1.961479574346598,0.02868042169864828,1.3079753628496997
NShape,2,spline_rest,7,14,0.815152292131104,0.9049668304663564,2.095413501664296,0.028617563911771438,1.2747955302230254
NShape,3,spline_rest,7,14,0.7922214268265451,0.8808016923605111,1.8546196207176828,0.027853395147901455,1.1815153305383348
NShape,4,spline_rest,7,14,0.8722210010222367,0.9985886779836641,2.022528985572783,0.03157814668084817,1.367598542689893
NShape,5,spline_rest,7,14,0.9669634898011876,1.0634031363663305,2.4000416286492676,0.033627759818842355,1.4741725336857439
NShape,6,spline_rest,7,14,1.27725498754242,1.4581609986025348,2.521086191068907,0.04611109950809611,1.864479460764611
PShape,0,spline_rest,7,14,0.5873256672998781,0.7962751619901871,1.999717219489303,0.02518043156108526,1.0442015388183588
PShape,1,spline_rest,7,14,0.4686012529551634,0.521433647791762,1.0457301918135562,0.01648917975671996,0.7463859016682324
PShape,2,spline_rest,7,14,0.6691655664043562,0.7686342921017113,1.669402489985239,0.024306350507525786,1.0501369299159098
PShape,3,spline_rest,7,14,0.6691986681641409,0.772943698529266,1.519291533957616,0.024442625904270206,1.0468265877497736
PShape,4,spline_rest,7,14,0.6890109306605592,0.8276583992198563,1.7741535885611233,0.026172856661036737,1.1745595150317631
PShape,5,spline_rest,7,14,0.6082832734532181,0.7019480152155004,1.5453402891680057,0.022197545271155108,0.9686099635487904
PShape,6,spline_rest,7,14,0.5489627433662417,0.6403271446913992,1.6051261923068951,0.020248922248570167,0.8456106657717117
RShape,0,spline_rest,7,14,0.3229300355913116,0.3855871300747522,1.6869581001059033,0.01219333567483828,0.5178602671276066
RShape,1,spline_rest,7,14,0.5890233341800739,0.6711544527302781,2.457129640546845,0.02122376732391493,0.9332649110692595
RShape,2,spline_rest,7,14,0.5112728314254251,0.6077251341277979,2.560245928406698,0.019217956151751675,0.814002209430499
RShape,3,spline_rest,7,14,0.6563399165691128,0.7605972205824942,3.41456802638039,0.02405219599034182,1.077953794464317
RShape,4,spline_rest,7,14,0.5729409521558718,0.6406909305609397,2.4456504041557094,0.0202604261678535,0.9161095981828876
RShape,5,spline_rest,7,14,0.62875112394909,0.6974325138865156,2.406069010194657,0.02205475258138401,0.9601271360489049
RShape,6,spline_rest,7,14,0.5896746013254464,0.6610684821488448,1.8982951821788931,0.02090482092940711,0.924397537321771
Saeghe,0,spline_rest,7,14,0.5556473460498816,0.6293543594621887,1.4117203864256544,0.01990193231256859,1.0367350445995112
Saeghe,1,spline_rest,7,14,0.7161239837955368,0.8680195747354436,1.929016905965903,0.027449189097747507,1.3298731357956288
Saeghe,2,spline_rest,7,14,0.679362145199853,0.7927761860878456,1.5443642718286439,0.02506978422779084,1.2390341227965118
Saeghe,3,spline_rest,7,14,0.9020335640877436,1.0772386685206774,2.2127485746336935,0.03406527776132468,1.672517298978032
Saeghe,4,spline_rest,7,14,0.5941401106117099,0.6642607663258777,1.2965795087744674,0.02100576981878651,1.0705842870272753
Saeghe,5,spline_rest,7,14,0.5870394817644926,0.676971278615884,1.3534038463317881,0.021407711509426337,1.0325528520609044
Saeghe,6,spline_rest,7,14,0.4984548134232862,0.5669323818321,1.622554141011565,0.017927976058936996,0.8544167805357652
Sharpc,0,spline_rest,7,14,0.6633077742143305,0.7919968504075796,3.0043699929035474,0.02504513946967607,1.2367758459382259
Sharpc,1,spline_rest,7,14,0.717149833572152,0.8018902891181228,1.4955850423774149,0.025357997471842027,1.3506754679602269
Sharpc,2,spline_rest,7,14,0.4899832906819073,0.5652932075441922,1.8344302943947206,0.017876140816619264,0.8224312145257658
Sharpc,3,spline_rest,7,14,0.48074203330837156,0.5400852009619616,1.974788819822085,0.017078993655895606,0.817973795397434
Sharpc,4,spline_rest,7,14,0.9800712710048942,1.126815019343507,2.381622549081463,0.03563301962812172,1.6730760396291036
Sharpc,5,spline_rest,7,14,0.770492584908032,0.9344101099512128,2.586696122061721,0.029548642161341995,1.3216930660847515
Sharpc,6,spline_rest,7,14,0.8602611042284602,0.991173169080797,2.0721911612884982,0.031343647699425,1.3861344531717286
Sine,0,spline_rest,7,14,0.992190357043687,1.0839416171608578,2.5872011905555508,0.03427724360874567,1.9843188989412701
Sine,1,spline_rest,7,14,0.8334733631672177,0.9066408908914719,2.491596661433694,0.028670502350612588,1.6144922187402462
Sine,2,spline_rest,7,14,0.8278803039292918,0.9533120649757573,3.1858297200290773,0.030146374462418236,1.571204468840975
Sine,3,spline_rest,7,14,0.8107633844552313,0.8816935152508438,1.653017033988222,0.027881597063930716,1.435821342434523
Sine,4,spline_rest,7,14,1.055374275514911,1.17361849023786,3.1699790900298197,0.03711307533239726,2.0456455305209658
Sine,5,spline_rest,7,14,1.0356448100343156,1.1570892444924505,3.0935144926369826,0.036590374686795844,1.9748265211648912
Sine,6,spline_rest,7,14,1.0449712312728445,1.1600761417168244,2.620115191894254,0.03668482867045441,1.9241007668773975
Snake,0,spline_rest,7,14,1.6927306087016356,1.9273396038800894,5.07608556768984,0.06094782972907781,2.9806273677370614
Snake,1,spline_rest,7,14,1.3736671808449203,1.5833192430668623,3.5081039186108756,0.05006895071265047,2.3996571179420196
Snake,2,spline_rest,7,14,1.4571188811593552,1.6622494838014608,3.3360313142799813,0.0525649440825178,2.454250542317384
Snake,3,spline_rest,7,14,1.4620398673862556,1.7303142123770678,4.596099518163917,0.05471733978871847,2.5354812418082813
Snake,4,spline_rest,7,14,1.4210482721613704,1.666364429925532,4.779854805081875,0.052695070104527265,2.3759733626000648
Snake,5,spline_rest,7,14,1.4356907826518113,1.7826033209426955,4.768566398703374,0.056370866587590496,2.4893614509267854
Snake,6,spline_rest,7,14,1.2875107689399223,1.6098879520285396,4.871475283963562,0.05090912706074075,2.1434562220704843
Spoon,0,spline_rest,7,14,0.4758080904823763,0.5259358331057784,1.2691651279699057,0.016631551357124484,0.936487120336181
Spoon,1,spline_rest,7,14,0.4879744552394959,0.5325907077063595,0.9330406734073662,0.01684199696993088,0.9155072994096062
Spoon,2,spline_rest,7,14,0.5741729628225801,0.6546418278073078,1.3036215893879453,0.020701592274868445,1.0896160007551932
Spoon,3,spline_rest,7,14,0.47814367503726973,0.554964695372264,1.2220657104173385,0.017549524583578606,0.881175900542626
Spoon,4,spline_rest,7,14,0.4020341051971081,0.4427375939688889,0.881504054414216,0.014000592027245158,0.7690823575691934
Spoon,5,spline_rest,7,14,0.7319865983595071,0.9366571414194427,3.2189216452111244,0.02961969953547878,1.386867122427395
Spoon,6,spline_rest,7,14,0.35445980404326644,0.40443937868233654,0.7765338002756439,0.012789496120995324,0.6754855129751702
Sshape,0,spline_rest,7,14,1.1951600061855454,1.4043804765423196,2.9783534805502914,0.04441041007346401,2.03923321529636
Sshape,1,spline_rest,7,14,1.1522813075948644,1.3207320521975505,2.750887054760179,0.04176521463732652,1.932068784554197
Sshape,2,spline_rest,7,14,1.1526884706733986,1.3711934333781406,2.733582469043465,0.04336094362141273,1.7892005541070635
Sshape,3,spline_rest,7,14,0.9318521365038475,1.044235280625528,2.4880744352454696,0.033021618998817656,1.4157749547643974
Sshape,4,spline_rest,7,14,1.0882073123513638,1.2169954360186284,3.097965219550684,0.038484774798485846,1.650792306196509
Sshape,5,spline_rest,7,14,0.967192028984861,1.143277618503045,2.9416432608501824,0.03615361272362686,1.4767444597689428
Sshape,6,spline_rest,7,14,0.978325728045651,1.197056671714852,2.611068251877069,0.0378542557091939,1.4671755337424852
Trapezoid,0,spline_rest,7,14,0.4172995141870538,0.48503221710675026,1.4873494946801724,0.015338065446186157,0.8511350379931572
Trapezoid,1,spline_rest,7,14,0.36551844143506185,0.42030210036473376,1.221744303950572,0.013291119425052456,0.6657727346638347
Trapezoid,2,spline_rest,7,14,0.5027818694047945,0.540820002153352,1.5606973259886836,0.0171022301098176,0.998778930577513
Trapezoid,3,spline_rest,7,14,0.504701688216792,0.5739828274766724,1.3507064732947538,0.018150930726497625,0.9145635529235244
Trapezoid,4,spline_rest,7,14,0.4073815008483241,0.46415601659925654,1.6726354549209672,0.014677902021245722,0.7445883893031779
Trapezoid,5,spline_rest,7,14,0.5864992561165647,0.6642618646055722,1.9567320038181502,0.02100580454943994,1.0485312021279696
Trapezoid,6,spline_rest,7,14,0.5396081022141243,0.6029406326151748,1.1344609375392978,0.01906665692926757,0.9898311030656296
WShape,0,spline_rest,7,14,1.4966584371196665,1.7774217109969426,3.4770449675967936,0.05620700969383889,3.0390206898417036
WShape,1,spline_rest,7,14,1.176457304217247,1.305115718562726,2.354840761932662,0.041271382807455105,2.2350645496556427
WShape,2,spline_rest,7,14,1.1055505209433911,1.2291298598475418,2.208668750329932,0.038868498972417724,2.152123037028372
WShape,3,spline_rest,7,14,1.1152770828896028,1.2117479319282634,2.133555890134946,0.03831883414891981,2.061107216228464
WShape,4,spline_rest,7,14,1.441855265620342,1.6818682652865908,3.1288528780822524,0.05318534442661932,2.5427151104927104
WShape,5,spline_rest,7,14,1.1519367023416007,1.3329137520778556,2.587070640973385,0.04215043381127017,2.1219921876354264
WShape,6,spline_rest,7,14,1.5967485542726365,1.8682098529378461,3.7188446258592376,0.05907798282451803,3.0519197113462813
Worm,0,spline_rest,7,14,0.4628663213975685,0.5996755401451909,1.9361506114178648,0.018963405639505427,0.9388126663681287
Worm,1,spline_rest,7,14,0.4939691090571041,0.5571572218329559,1.6253173456343688,0.017618858358038347,0.9959184190283473
Worm,2,spline_rest,7,14,0.4718539616549794,0.5537908838198625,2.3138678039903535,0.017512405403084536,0.9450397073121976
Worm,3,spline_rest,7,14,0.46098760827284724,0.5506669828905622,1.8365243645701859,0.017413618981871475,0.9110125645664731
Worm,4,spline_rest,7,14,0.5687534619949415,0.6725609902244455,1.4337736633382432,0.021268245944874874,1.1124377539521022
Worm,5,spline_rest,7,14,0.3171038205556664,0.3724182748549591,1.4561028593136067,0.011776899908122846,0.6066402124801746
Worm,6,spline_rest,7,14,0.41361734397737854,0.47722598474969186,1.52306158463576,0.015091210704258062,0.8090610184175164
Zshape,0,spline_rest,7,14,0.8765621686242289,0.9910411527204361,2.2763172153297244,0.03133947297555354,1.558795310111682
Zshape,1,spline_rest,7,14,0.6538045006695903,0.7290721918991521,1.5177808912651176,0.023055287050926826,1.0804098651595602
Zshape,2,spline_rest,7,14,0.8402009136266336,0.9497536560068418,1.865671440095571,0.030033847690536797,1.4901560976881976
Zshape,3,spline_rest,7,14,0.7101291675927702,0.8072412164811875,2.6224275804215726,0.025527208652456057,1.140645600492187
Zshape,4,spline_rest,7,14,0.5857355303697613,0.6871859473656888,2.388518623867705,0.021730727697361615,0.9685741074567593
Zshape,5,spline_rest,7,14,0.615640451354677,0.7491903153795982,2.1881266336997136,0.023691477975394063,0.9259420415667019
Zshape,6,spline_rest,7,14,0.7306168022108581,0.8686948661408438,2.3569817365394754,0.027470543687001508,1.151910930866176
heee,0,spline_rest,7,14,1.5167666128791515,1.9324924275172681,5.080601667750601,0.06111077631982418,2.803358912136556
heee,1,spline_rest,7,14,1.3445290743449823,1.475042760329763,2.7400697235125504,0.0466449476878391,2.2649328322474047
heee,2,spline_rest,7,14,1.2617643003047672,1.3824223869152859,2.8293171042420764,0.04371603431058856,2.218928300342016
heee,3,spline_rest,7,14,0.9569903893782734,1.0590420243686114,2.07295461438673,0.033489849348403565,1.6278810777713504
heee,4,spline_rest,7,14,1.270537309240941,1.4041887307944356,2.667581552831484,0.044404346540514346,2.0929522016900575
heee,5,spline_rest,7,14,0.9745301490137082,1.1274702420230622,3.24982145928078,0.03565373958854166,1.615224633457308
heee,6,spline_rest,7,14,1.0537139516666771,1.2293296474528637,3.077456672316278,0.038874816811228605,1.6675346941626463
Angle,0,spline_rest,12,24,0.10450181142085273,0.11977515526385304,0.597354783182021,0.0037876229773408155,0.1776324867276024
Angle,1,spline_rest,12,24,0.16861525080889175,0.20142444650581376,0.8068917242486722,0.006369600273971157,0.2826453320243415
Angle,2,spline_rest,12,24,0.18005410119561843,0.19803517015134886,0.5505180279757533,0.006262421944972544,0.3003673781509823
Angle,3,spline_rest,12,24,0.17683061173431439,0.20119752546839909,0.6162416387849938,0.00636242440069877,0.28019375818150655
Angle,4,spline_rest,12,24,0.2200195285794147,0.25949494309145305,0.6691916499901888,0.00820595061464767,0.3483365772925501
Angle,5,spline_rest,12,24,0.18094879744393846,0.2087995071882616,0.604488734218541,0.006602820170356066,0.29288050999594445
Angle,6,spline_rest,12,24,0.20742374595948315,0.23013994016591605,0.46371828414858723,0.007277663914991638,0.32841476776406964
BendedLine,0,spline_rest,12,24,0.12187736047302937,0.1476327732145212,0.3599180181817463,0.004668558206449852,0.28395952996973084
BendedLine,1,spline_rest,12,24,0.11626934195662966,0.1424231585431332,0.48105269522944516,0.004503815725515694,0.26079848507705367
BendedLine,2,spline_rest,12,24,0.1929638211561048,0.2521403506868824,0.7395829258820862,0.007973377982041492,0.41004103139180625
BendedLine,3,spline_rest,12,24,0.20398148165395555,0.25975753173652105,0.7231936647863997,0.008214254396708795,0.4220265659285475
BendedLine,4,spline_rest,12,24,0.18041811341975636,0.21006166182972333,0.4791808950456578,0.0066427330046197886,0.3529491085891048
BendedLine,5,spline_rest,12,24,0.2075819545035171,0.2307267155198361,0.7468788723878963,0.0072962193809240255,0.3827236683326617
BendedLine,6,spline_rest,12,24,0.20266626352607445,0.2542601548554353,0.6185439781869848,0.008040412075702958,0.392202004762473
CShape,0,spline_rest,12,24,0.224704226162887,0.25191092530920495,0.5056586502323862,0.00796612291457644,0.42121264717380197
CShape,1,spline_rest,12,24,0.188639103642859,0.215709515877754,0.5353538747112419,0.006821333831459578,0.30881476560146626
CShape,2,spline_rest,12,24,0.17193650669739935,0.2132414203871438,0.6895208983367358,0.006743285799128388,0.27037836808952354
CShape,3,spline_rest,12,24,0.1187733687971684,0.1302194939982652,0.3387971572113549,0.004117901967891444,0.20551237666775224
CShape,4,spline_rest,12,24,0.22584774557293594,0.2633703302096007,0.6780213903256092,0.008328501115729896,0.3298481125864758
CShape,5,spline_rest,12,24,0.21646516475170244,0.2596877181270406,0.929876342692379,0.008212046696532438,0.3405165364428324
CShape,6,spline_rest,12,24,0.24878689761820394,0.28894087158351517,1.0264912245071378,0.009137112633181305,0.3764878754575975
DoubleBendedLine,0,spline_rest,12,24,0.14400034478219575,0.161397612609416,0.3087754451821461,0.005103840647592665,0.3225511686158127
DoubleBendedLine,1,spline_rest,12,24,0.18513044045419588,0.21107017938079978,0.4325849183147959,0.006674625129836356,0.378615570253155
DoubleBendedLine,2,spline_rest,12,24,0.18376267793771695,0.23251422873799985,0.6497241437695437,0.007352745512094574,0.37314723969692193
DoubleBendedLine,3,spline_rest,12,24,0.16343528317175549,0.2083493783000298,0.5691450665913403,0.006588585845081547,0.31114789282841854
DoubleBendedLine,4,spline_rest,12,24,0.1553096349957774,0.18868332835375576,0.44214067875962415,0.005966690740992967,0.3047807685520134
DoubleBendedLine,5,spline_rest,12,24,0.13054809402079237,0.15287880363232625,0.3518969515528332,0.0048344522543977385,0.23871936185007367
DoubleBendedLine,6,spline_rest,12,24,0.1762082717319723,0.2062328999524399,0.41015805480218404,0.006521656923113412,0.3232640542494918
GShape,0,spline_rest,12,24,0.2990257815644513,0.3505613492483171,0.9241855001063831,0.011085723232464383,0.610971345089521
GShape,1,spline_rest,12,24,0.31085291027216555,0.3706391110018518,1.8255617862911593,0.011720637807058242,0.5298336803212512
GShape,2,spline_rest,12,24,0.4018628130437345,0.45955172007600864,1.1662574564912134,0.014532301380883147,0.6031338941713369
GShape,3,spline_rest,12,24,0.2257576769903891,0.27319185340668867,0.7435133797114898,0.008639084949679663,0.3438533834566422
GShape,4,spline_rest,12,24,0.2946128729713311,0.3477707844405418,0.7930220891435581,0.010997477824955583,0.4996240929910957
GShape,5,spline_rest,12,24,0.274609610362877,0.31962154176935254,0.8404502459734037,0.01010732061245798,0.44184314704055705
GShape,6,spline_rest,12,24,0.34531696334132594,0.40007458055010375,0.9266309832920908,0.012651469084748278,0.5718582155308557
JShape,0,spline_rest,12,24,0.24557013157591778,0.39707943851296096,2.479135963008136,0.0125567543772174,0.5062192299354564
JShape,1,spline_rest,12,24,0.24416068109713002,0.28646208454554256,1.249053983452532,0.009058726504436346,0.4582874313956948
JShape,2,spline_rest,12,24,0.22344641270727406,0.2534156716933309,0.5691159610253799,0.008013707173323847,0.42762492446074996
JShape,3,spline_rest,12,24,0.23487714792261605,0.29029748954742696,1.0046204739884532,0.009180012659987916,0.42928749445388853
JShape,4,spline_rest,12,24,0.24618145951700252,0.29735850484044574,1.0466720381608812,0.009403301569180124,0.43008716627376437
JShape,5,spline_rest,12,24,0.21359672728494405,0.25447192810581803,1.6167609056728578,0.008047108933890023,0.363599198669235
JShape,6,spline_rest,12,24,0.17792290042329467,0.20086535618199486,0.5328842420117761,0.006351920285560868,0.31736971314678875
JShape_2,0,spline_rest,12,24,0.1807913143654571,0.2108882345084093,0.7733261286207723,0.006668871527782929,0.4072430770312457
JShape_2,1,spline_rest,12,24,0.2610315772591215,0.3220019580734509,1.5929608792701506,0.010182595985461488,0.5641766892942263
JShape_2,2,spline_rest,12,24,0.2725118905413127,0.34351352843947974,1.8000343972220185,0.01086285156949782,0.5177238634778834
JShape_2,3,spline_rest,12,24,0.30162959233285697,0.36553831267000836,1.7630993652614397,0.011559336400920115,0.5504527954159898
JShape_2,4,spline_rest,12,24,0.3294234605323433,0.3915087633573271,1.5127178608836591,0.01238059416125024,0.5994509281661987
JShape_2,5,spline_rest,12,24,0.18316664846176312,0.20846064650703677,0.6246262563381227,0.006592104454734599,0.33651265381037637
JShape_2,6,spline_rest,12,24,0.3137679105351676,0.3688908606791173,0.8939623935933091,0.011665353277658587,0.527809514241789
Khamesh,0,spline_rest,12,24,0.19151427777696148,0.21545134275357333,0.7042483964751167,0.006813169680429053,0.3478503929748414
Khamesh,1,spline_rest,12,24,0.14784815798334125,0.17251960673185193,0.5117661548204311,0.005455548983091698,0.2583595531143698
Khamesh,2,spline_rest,12,24,0.21954582656779137,0.2663533865821956,0.718936289520913,0.008422833640990694,0.36869109432870173
Khamesh,3,spline_rest,12,24,0.1733782992408494,0.19567523421873206,0.6406987293922332,0.006187794218181117,0.2769867134014318
Khamesh,4,spline_rest,12,24,0.2506483599232668,0.2974540721227786,1.0217996220392287,0.009406323671999766,0.4049863347360632
Khamesh,5,spline_rest,12,24,0.19346406637984667,0.21827211688039963,0.5952574646835401,0.006902370390485492,0.33377879908485614
Khamesh,6,spline_rest,12,24,0.24140421747645902,0.29011224657615725,0.7796818254792464,0.009174154762890425,0.3906793937393248
LShape,0,spline_rest,12,24,0.14860935243082954,0.16929440181736435,0.36443976204597756,0.005353559048586204,0.2616182984520617
LShape,1,spline_rest,12,24,0.17746527954209237,0.21492274344945628,0.5776725529681291,0.006796453902723155,0.31047627446687437
LShape,2,spline_rest,12,24,0.08518032602826969,0.09970618109497355,0.24733233872503216,0.003152986290573376,0.14181074115110842
LShape,3,spline_rest,12,24,0.1301625754635452,0.15427105853196865,0.5691887448929152,0.004878479220061729,0.22750959287214684
LShape,4,spline_rest,12,24,0.1778950519948512,0.2177834777438666,1.0052455454869715,0.006886918264232068,0.29735301810621034
LShape,5,spline_rest,12,24,0.22340362275749429,0.29846930759268187,1.7037318056493542,0.009438428236462622,0.3620361195837313
LShape,6,spline_rest,12,24,0.19165948540010577,0.2249140348599214,0.5360139196758954,0.0071124062789586166,0.31099697983117
Leaf_1,0,spline_rest,12,24,0.13204670956677128,0.15013979302758435,0.7796370609687522,0.004747837133934342,0.2853126910703564
Leaf_1,1,spline_rest,12,24,0.2678088419918632,0.3390680657247332,1.5374789468024308,0.010722273695178275,0.5059323101973354
Leaf_1,2,spline_rest,12,24,0.28218560120483943,0.31224059031888085,0.8306702812751223,0.009873914433631842,0.5317495468856858
Leaf_1,3,spline_rest,12,24,0.22340427986588032,0.26348761239589036,0.6402329335464323,0.008332209904106292,0.4292391736127135
Leaf_1,4,spline_rest,12,24,0.2617819685821204,0.29156123853343846,0.9252024466459882,0.009219975911853168,0.45792458749453335
Leaf_1,5,spline_rest,12,24,0.1698775620368415,0.19441609517599526,0.36840453388384625,0.006147976745522192,0.32913629679935824
Leaf_1,6,spline_rest,12,24,0.3741949542614892,0.4049384754255111,0.8200696651487129,0.012805278945807358,0.6578849870698714
Leaf_2,0,spline_rest,12,24,0.3897999245893186,0.5072172736637179,1.335372359218264,0.016039618533582864,0.6952161207466522
Leaf_2,1,spline_rest,12,24,0.326443462507199,0.3631266241583083,1.0518455971451097,0.011483072113881778,0.5568559306843823
Leaf_2,2,spline_rest,12,24,0.5166863866243909,0.5800250259507822,1.183873603473263,0.01834200181902743,0.8573150488160106
Leaf_2,3,spline_rest,12,24,0.3492139462033117,0.40913220259204064,0.8940441082895876,0.012937896243122938,0.611526294198167
Leaf_2,4,spline_rest,12,24,0.3650776322354328,0.4103242103616907,0.8872939585112245,0.012975590838530051,0.6194101312497039
Leaf_2,5,spline_rest,12,24,0.33144092243651957,0.38039960063420714,1.527296454355184,0.012029291590225265,0.5762211239018468
Leaf_2,6,spline_rest,12,24,0.3895920060831902,0.4522514039488395,1.1395771939480412,0.014301445114872007,0.6607700565172011
Line,0,spline_rest,12,24,0.10379482722760307,0.11647315817066634,0.27138376747687754,0.003683204660923563,0.20279295130911673
Line,1,spline_rest,12,24,0.13347317255064572,0.15775128460438775,0.5079711073121902,0.0049885336316731945,0.24822467989720945
Line,2,spline_rest,12,24,0.11035084504806118,0.12642838724180086,0.41313162691792565,0.003998016645858638,0.20225421565710927
Line,3,spline_rest,12,24,0.08987299401265096,0.11271477452923757,0.5002476119344551,0.0035643541346472383,0.16976230459148636
Line,4,spline_rest,12,24,0.12569155508227411,0.15315104265340404,0.4492558196398416,0.004843061208143542,0.231032423059829
Line,5,spline_rest,12,24,0.1449624269686814,0.1808311525156026,0.6450739904834487,0.005718383138625912,0.2648634295084347
Line,6,spline_rest,12,24,0.11809059638791368,0.13611887056539682,0.5362083524874451,0.004304456635163056,0.24099079421219022
Multi_Models_1,0,spline_rest,12,24,0.17776604350300362,0.2452646357328934,0.8936292219280849,0.007755948784074641,0.6125832699345442
Multi_Models_1,1,spline_rest,12,24,0.10473473453249235,0.1230190576037055,0.4253597092966711,0.0038902041763516494,0.3362390514612645
Multi_Models_1,2,spline_rest,12,24,0.07655889775168882,0.09404776199491369,0.3537760366985169,0.002974051367453483,0.25641797121497945
Multi_Models_1,3,spline_rest,12,24,0.08007475824268856,0.10154852195469163,0.43980793015080627,0.0032112462240043954,0.3726076455512864
Multi_Models_1,4,spline_rest,12,24,0.07566420313017813,0.0878997602153304,0.28463252469304695,0.002779634480630966,0.331719296421975
Multi_Models_1,5,spline_rest,12,24,0.047960334218590674,0.0659417640205244,0.22245244535964076,0.0020852616723419934,0.34969782349861
Multi_Models_1,6,spline_rest,12,24,0.04859546252512398,0.06248753933469355,0.1505153160089453,0.001976029496769943,0.36395011779571573
Multi_Models_2,0,spline_rest,12,24,0.1046741021127079,0.12949243609031905,0.32629440309796054,0.004094910378091976,0.3157850922531109
Multi_Models_2,1,spline_rest,12,24,0.10951236497931079,0.12240493727974584,0.6166953418303398,0.0038707839865405195,0.31031190678050796
Multi_Models_2,2,spline_rest,12,24,0.10818493573634345,0.12395793400914233,0.28757605602012976,0.00391989405517737,0.32659616972873867
Multi_Models_2,3,spline_rest,12,24,0.09904672149970005,0.11181924016346932,0.5439009201313345,0.0035360348514594186,0.28316068891821305
Multi_Models_2,4,spline_rest,12,24,0.09321899235310648,0.12333698364521142,0.7722549397291235,0.0039002578805380486,0.3980544941052106
Multi_Models_2,5,spline_rest,12,24,0.1392517106757799,0.15885101187679765,0.3502111857966914,0.005023310061531391,0.5956306584752072
Multi_Models_2,6,spline_rest,12,24,0.12638519734539094,0.1480864451774759,0.3417057711529633,0.004682904573584815,0.5004903244786089
Multi_Models_3,0,spline_rest,12,24,0.2050760532470099,0.22436483149214445,0.7228286151909381,0.007095038943550513,0.6273735432572844
Multi_Models_3,1,spline_rest,12,24,0.29627772955427667,0.3434482637490427,1.3650190321596967,0.010860787718772151,0.8542498606360949
Multi_Models_3,2,spline_rest,12,24,0.16018563964254134,0.18630699948225526,0.7406335354129302,0.0058915446239573765,0.4277111774807133
Multi_Models_3,3,spline_rest,12,24,0.1647023335054326,0.18474516894132395,0.43969635699717646,0.005842155205671819,0.4583544175908552
Multi_Models_3,4,spline_rest,12,24,0.12696326882457673,0.1572690775063703,0.9453430172238888,0.004973284904336841,0.4284259641547347
Multi_Models_3,5,spline_rest,12,24,0.1236330882389259,0.1404394721265337,0.2872947767852652,0.004441086053115773,0.36851692834311933
Multi_Models_3,6,spline_rest,12,24,0.10187265485532904,0.11908092723010397,0.36227997098078674,0.003765669559318942,0.3164905320145843
Multi_Models_4,0,spline_rest,12,24,0.19343587082907693,0.2185514440175647,0.5628268625607669,0.00691120349014285,0.46052818870252515
Multi_Models_4,1,spline_rest,12,24,0.20009637890856352,0.21655237529826582,0.443472185831756,0.006847987386621047,0.46887983337111006
Multi_Models_4,2,spline_rest,12,24,0.3860203286879389,0.5235157344594458,1.7213202636704383,0.01655502111827747,0.8324581957901416
Multi_Models_4,3,spline_rest,12,24,0.17263186685660542,0.20647665252798966,0.9827307783316532,0.006529365056356107,0.36969558667674923
Multi_Models_4,4,spline_rest,12,24,0.1175078711228113,0.1405973737438397,0.576138097294882,0.004446079340684886,0.45499386375787204
Multi_Models_4,5,spline_rest,12,24,0.1275235791194047,0.14954251200579008,0.520518368095632,0.004728949449613716,0.49116749921898356
Multi_Models_4,6,spline_rest,12,24,0.1395134593729681,0.16746800701675615,0.4216691382752942,0.005295803373820094,0.49917659775649154
NShape,0,spline_rest,12,24,0.4212204360668619,0.48033836196630486,1.306577658100219,0.015189632713679187,0.6917386273555215
NShape,1,spline_rest,12,24,0.339924482770169,0.3924013841743147,0.8106751134728066,0.012408821309935853,0.5389387686804712
NShape,2,spline_rest,12,24,0.26556180965888393,0.2983609948762619,1.2142554423736152,0.009435003087628154,0.41530522727970803
NShape,3,spline_rest,12,24,0.33666854409619174,0.378884625325546,0.7643338156505196,0.01198138386448241,0.5021058919765429
NShape,4,spline_rest,12,24,0.28649305461797236,0.3195866743432246,0.8804385272035267,0.01010621800763086,0.44920666153087274
NShape,5,spline_rest,12,24,0.3616897327140521,0.414998872699918,0.9297828765135849,0.013123416641340117,0.5514097226078523
NShape,6,spline_rest,12,24,0.42506917609918565,0.4919113625577956,1.4876638507183484,0.015555603125995052,0.6204968905746752
PShape,0,spline_rest,12,24,0.11944228145445937,0.14081663884220016,0.46103255566190987,0.004453013111906884,0.2123554631421229
PShape,1,spline_rest,12,24,0.18403519365993162,0.20951245825929218,0.6542326676510026,0.006625365662803197,0.2931304026446954
PShape,2,spline_rest,12,24,0.22489108542595176,0.2856743927897012,0.9282027662836347,0.009033817504010389,0.3529267581469628
PShape,3,spline_rest,12,24,0.1830031675699795,0.2011154341796154,0.4080709054562205,0.006359828446212619,0.28627161195678413
PShape,4,spline_rest,12,24,0.23707828160010466,0.2621581006523732,0.7115712846509026,0.008290167051251731,0.40414823491090174
PShape,5,spline_rest,12,24,0.2919505001300778,0.33139186911290314,1.0459891112478028,0.010479531044571772,0.4648922231309625
PShape,6,spline_rest,12,24,0.1702047313558914,0.20206397423947345,0.5182918861832496,0.006389823916623258,0.26217978895396454
RShape,0,spline_rest,12,24,0.16008153075508103,0.19566817373655976,0.6239327701917516,0.006187570946130681,0.2567115323516622
RShape,1,spline_rest,12,24,0.22768482237799897,0.2727255277680378,0.6539591855232859,0.00862433843818497,0.3607501488955643
RShape,2,spline_rest,12,24,0.20996063029355383,0.23995438740301356,0.6217489625151326,0.007588023987439385,0.3342802637798717
RShape,3,spline_rest,12,24,0.220430257168356,0.2559049119763198,0.6886574673790142,0.008092423862700718,0.36202831205429775
RShape,4,spline_rest,12,24,0.1319023124254163,0.15355849327648002,0.8174164082452742,0.00485594592817329,0.21090650612555176
RShape,5,spline_rest,12,24,0.3033571363723781,0.3781092350767053,1.097509826641523,0.011956863871864192,0.46323800857140396
RShape,6,spline_rest,12,24,0.21116532574781052,0.23105594395006507,0.4908819537490433,0.00730663049802408,0.33103122747742814
Saeghe,0,spline_rest,12,24,0.11416716642336368,0.15514943196762498,0.4730291866844782,0.0049062558269903425,0.21301478935364201
Saeghe,1,spline_rest,12,24,0.131620783025797,0.15125064730156282,0.31592471311488485,0.004782965430477388,0.24442547298956088
Saeghe,2,spline_rest,12,24,0.15999141173926665,0.18046845965431116,0.387640424217158,0.005706913783298267,0.29179550244298874
Saeghe,3,spline_rest,12,24,0.19864427043212202,0.2441216958022165,0.7305663674034263,0.0077198058499777,0.36831886513734746
Saeghe,4,spline_rest,12,24,0.15364375852543757,0.1743421261143615,0.42135146492425324,0.005513182106377036,0.276851521618013
Saeghe,5,spline_rest,12,24,0.18950116903758832,0.21579268899170642,0.4767582972924237,0.006823963996261361,0.333316546223608
Saeghe,6,spline_rest,12,24,0.12817914101145336,0.14639150856078464,0.5794654490918836,0.004629305971601173,0.21971582186697267
Sharpc,0,spline_rest,12,24,0.24576744419943086,0.31345659575561663,1.7268674860389248,0.009912367901904168,0.4582476649905966
Sharpc,1,spline_rest,12,24,0.13678085534719708,0.16668163423476065,0.8037266023731547,0.005270936083009405,0.25761219923017425
Sharpc,2,spline_rest,12,24,0.30173541886707433,0.3578903963834673,1.5562256900312348,0.01131748805272245,0.5064593665202956
Sharpc,3,spline_rest,12,24,0.22730165951133147,0.25788368696103053,0.5267831773946143,0.008154998221987224,0.38674962505589033
Sharpc,4,spline_rest,12,24,0.15188556218371083,0.17548075975393246,0.3911829181967667,0.0055491888635923504,0.25928328109710896
Sharpc,5,spline_rest,12,24,0.24117352720031668,0.2896350660997029,0.6658177754698644,0.009159064991284825,0.4137059653363289
Sharpc,6,spline_rest,12,24,0.2970882414916792,0.3330427501213066,0.8487063098934806,0.010531736485896477,0.47869681093294664
Sine,0,spline_rest,12,24,0.1761943496035578,0.2295797640743392,0.9539916297781239,0.0072599495915901,0.3523777219995807
Sine,1,spline_rest,12,24,0.17208709763281363,0.21009386266660748,0.7084557862289199,0.0066437512844909645,0.3333439223756328
Sine,2,spline_rest,12,24,0.24302315023289373,0.3056091273194646,1.4156384034638272,0.009664209160658969,0.461224959532733
Sine,3,spline_rest,12,24,0.17875201043600658,0.20224590833530787,0.5081624281832231,0.006395577177892059,0.3165608567283157
Sine,4,spline_rest,12,24,0.30108489878149036,0.34874567259347106,0.9944294601562534,0.011028306495227293,0.5835967313105228
Sine,5,spline_rest,12,24,0.21297693991359265,0.27733000037301564,1.7686246815406141,0.008769944646740756,0.4061165616462348
Sine,6,spline_rest,12,24,0.2100319912152137,0.26059032428455337,1.1042894564587604,0.008240589609410766,0.38673094844317496
Snake,0,spline_rest,12,24,0.34899152581493353,0.48008597231459266,2.1520284559100085,0.015181651452106515,0.6145181564065735
Snake,1,spline_rest,12,24,0.29936028547710825,0.3551084832391354,1.2729501302495243,0.011229516234833953,0.5229520293499661
Snake,2,spline_rest,12,24,0.3280522588704697,0.38962747660288144,0.860095362895878,0.012321102650490696,0.5525440955103801
Snake,3,spline_rest,12,24,0.32869099798074547,0.3823527289621915,1.396348686025937,0.012091054931015534,0.5700185599051458
Snake,4,spline_rest,12,24,0.3387217535315941,0.4147821217768407,1.9692437366476014,0.013116562375321435,0.5663381599980313
Snake,5,spline_rest,12,24,0.41009582922774623,0.4823328270640951,1.5300619159320379,0.015252703237906461,0.7110700721918559
Snake,6,spline_rest,12,24,0.33627873230087424,0.42384594416795773,1.6910843964319,0.013403185605953067,0.5598389997885271
Spoon,0,spline_rest,12,24,0.17176183489918692,0.19940521547015994,0.6550971561448595,0.006305746582023489,0.3380622342619792
Spoon,1,spline_rest,12,24,0.09308542692261838,0.10873562354174303,0.2612568298990419,0.003438522331905329,0.17464108397742004
Spoon,2,spline_rest,12,24,0.10839868421188309,0.12790577215498303,0.6737102574066443,0.004044735658922896,0.2057096875433581
Spoon,3,spline_rest,12,24,0.11960043745114342,0.13312740560100692,0.4291004370981335,0.004209858206882389,0.2204128772969518
Spoon,4,spline_rest,12,24,0.11966854405316159,0.13722744552786176,0.4556141386310566,0.004339512853547304,0.22892327988481417
Spoon,5,spline_rest,12,24,0.19994171360585086,0.271135998859214,0.9418259704003503,0.008574073120599315,0.3788219478651705
Spoon,6,spline_rest,12,24,0.10628407019009911,0.12294176519605535,0.5070691710868753,0.003887759975811522,0.20254299318149144
Sshape,0,spline_rest,12,24,0.329252241349348,0.40763625671379133,1.621340586635368,0.012890590280806849,0.5617842826863532
Sshape,1,spline_rest,12,24,0.3149276559646103,0.39402228331084177,1.0876118315325174,0.01246007864122411,0.5280497821769566
Sshape,2,spline_rest,12,24,0.20821965188907046,0.2333486973026221,0.6094700436713713,0.007379133725094753,0.32319809385988185
Sshape,3,spline_rest,12,24,0.30996233557769154,0.36257907644103493,0.8616332534728495,0.01146575713473968,0.4709297692631961
Sshape,4,spline_rest,12,24,0.22905942454321263,0.25612499118095455,0.6841202830530422,0.008099383378223557,0.34747931888151434
Sshape,5,spline_rest,12,24,0.26004096632541635,0.31180229742279575,0.9360026616367663,0.009860054395292837,0.39704013766229207
Sshape,6,spline_rest,12,24,0.3175679733687165,0.35715975416329515,0.9512513546746585,0.011294383117018187,0.47625034021902435
Trapezoid,0,spline_rest,12,24,0.19301597440522994,0.22072839159800273,0.8299494089608789,0.006980044617152618,0.39368044563560695
Trapezoid,1,spline_rest,12,24,0.14214359566160786,0.16224963631552594,0.48626261007367055,0.005130784002910318,0.2589071293558577
Trapezoid,2,spline_rest,12,24,0.1302685792201301,0.16435867873800572,0.886266289329157,0.00519747778027987,0.258779244357718
Trapezoid,3,spline_rest,12,24,0.17707001842809167,0.20680098235179323,0.42138040182995357,0.006539621265919509,0.3208663433284737
Trapezoid,4,spline_rest,12,24,0.14295570987784362,0.16770707764958542,0.4137427100045109,0.005303363451034077,0.26128619374709117
Trapezoid,5,spline_rest,12,24,0.21484133138828138,0.25061504212808927,1.113690304968323,0.007925143490238139,0.38408887499519173
Trapezoid,6,spline_rest,12,24,0.15851758281028122,0.18296897690945355,0.4430738507345066,0.00578598708184629,0.2907770161429777
WShape,0,spline_rest,12,24,0.24815657948152403,0.2815700738156605,0.6873517380831577,0.008904027541992248,0.5038911756085599
WShape,1,spline_rest,12,24,0.35785137663117816,0.3995402890965744,0.9807207984547598,0.012634573305473133,0.6798554635911541
WShape,2,spline_rest,12,24,0.2532669504480698,0.31631510410781083,1.3018624537512222,0.010002761872939652,0.49302282279429505
WShape,3,spline_rest,12,24,0.2791505214475412,0.3319807020918908,1.4119566630552356,0.010498151578322002,0.5158889777226942
WShape,4,spline_rest,12,24,0.28092596138433534,0.3201379781129323,0.6453591909187132,0.010123651763579995,0.4954135855198443
WShape,5,spline_rest,12,24,0.30308603285128843,0.35143276479943125,0.8438385849253156,0.011113279811764498,0.5583173038800587
WShape,6,spline_rest,12,24,0.2744038284827184,0.3023005391472745,0.6345790264131155,0.00955958241602283,0.5244773516621583
Worm,0,spline_rest,12,24,0.12700954681811003,0.16181346351648535,0.6054609147002198,0.005116991007926528,0.25760822464354804
Worm,1,spline_rest,12,24,0.11114695622869498,0.1422227129953207,0.7553856561169922,0.004497477080736416,0.2240895207766897
Worm,2,spline_rest,12,24,0.11835455617924086,0.1369618341836751,0.3522124403296612,0.0043311134853472166,0.23704316212243567
Worm,3,spline_rest,12,24,0.11388957930964898,0.14386085232649368,0.6972319771847879,0.004549279594848531,0.22507077383926144
Worm,4,spline_rest,12,24,0.12765004478325948,0.15599452522680918,0.39735918865478986,0.004932980022333114,0.24967360833724014
Worm,5,spline_rest,12,24,0.12933330948267813,0.15601069599130563,0.6124191248210303,0.004933491386806263,0.24742302444622516
Worm,6,spline_rest,12,24,0.1701607416599925,0.19426863037807743,0.3998472514061923,0.006143313499161024,0.33284489866470124
Zshape,0,spline_rest,12,24,0.2596251412523539,0.33256183703288633,0.8634323635876728,0.010516528678736536,0.46169281205283585
Zshape,1,spline_rest,12,24,0.17746718294305067,0.19400447723291825,0.36804382796872664,0.0061349602432630235,0.29326395734104255
Zshape,2,spline_rest,12,24,0.26138176452096057,0.3158980884650471,0.95660187519334,0.009989574680429127,0.46357915578094083
Zshape,3,spline_rest,12,24,0.2381575236932152,0.2672671007272632,0.6628549877378437,0.008451727819277962,0.38254073205532896
Zshape,4,spline_rest,12,24,0.25010108194248515,0.277293079097616,0.9104701249079084,0.008768777093496943,0.41356793237980793
Zshape,5,spline_rest,12,24,0.21381551040045946,0.26178112097126377,0.730996784074311,0.008278245907012632,0.32158505793955533
Zshape,6,spline_rest,12,24,0.5230696040097178,0.6356918363526496,1.7331898213550265,0.020102340928493966,0.8246862002617131
heee,0,spline_rest,12,24,0.23211465829848332,0.3244648146266944,1.3079922761950813,0.010260478348046703,0.42900515508013043
heee,1,spline_rest,12,24,0.3171861139085391,0.3710009474576742,0.859616959034386,0.011732080080467059,0.5343173732962248
heee,2,spline_rest,12,24,0.29786036776009606,0.3529562755334306,1.5632381920308749,0.011161457451356029,0.5238147880816696
heee,3,spline_rest,12,24,0.3672804207728038,0.4103792899795816,0.9072452477845092,0.012977332608981923,0.6247595104903578
heee,4,spline_rest,12,24,0.3595090244068641,0.4615144885663055,1.700095518706567,0.014594369570372629,0.5922181101547654
heee,5,spline_rest,12,24,0.25164208632884877,0.28368145110856985,0.6166144770498406,0.008970795154447788,0.4170815003151119
heee,6,spline_rest,12,24,0.3090713753512176,0.3944000269861774,1.0268081866109287,0.012472023945081945,0.4891149448629055
Angle,0,spline_rest,17,34,0.059158155896787815,0.0732237204084635,0.4840040623323923,0.002315537352420996,0.10055720756691787
Angle,1,spline_rest,17,34,0.07239308858864336,0.09732547612739745,0.5585630896990368,0.003077701789229199,0.12135063976861604
Angle,2,spline_rest,17,34,0.09525599308448673,0.1128498219169623,0.2835252626978442,0.0035686247080198986,0.15890664364745744
Angle,3,spline_rest,17,34,0.09677497757096042,0.10857227361633906,0.41238714793867354,0.003433356753706377,0.1533430461931526
Angle,4,spline_rest,17,34,0.1304366398891418,0.1530160732152029,0.5146990490045025,0.0048387930997512525,0.20650827217877968
Angle,5,spline_rest,17,34,0.11475247614028704,0.13402852372439772,0.541728702310502,0.004238354063990105,0.18573631994253723
Angle,6,spline_rest,17,34,0.12739452168093407,0.14376288201990928,0.31957527404636793,0.004546181501729814,0.20170420729182623
BendedLine,0,spline_rest,17,34,0.06716148217930124,0.08034352986064094,0.2815002385961754,0.0025406854961737596,0.15647814194273713
BendedLine,1,spline_rest,17,34,0.058910954346553336,0.07267287869887942,0.4132643665581479,0.0022981182080959285,0.13214048853700022
BendedLine,2,spline_rest,17,34,0.09708826422805207,0.11730987053473775,0.4862102067273135,0.00370966382909246,0.20630899492762872
BendedLine,3,spline_rest,17,34,0.07909586990593646,0.09487165305509931,0.39073248930013743,0.003000105090393857,0.16364504309348027
BendedLine,4,spline_rest,17,34,0.06835977873296618,0.07824131381738296,0.1822609128463627,0.0024742075878693365,0.13373115653312678
BendedLine,5,spline_rest,17,34,0.08459433532925412,0.09990895011894568,0.49580115652300727,0.003159398410120189,0.1559685398223132
BendedLine,6,spline_rest,17,34,0.10753200538896115,0.13026934130958331,0.35389934576513316,0.004119478278281451,0.2080971314905285
CShape,0,spline_rest,17,34,0.10479666639918167,0.11770272844793181,0.24791068398005328,0.0037220870871175994,0.19644348494358557
CShape,1,spline_rest,17,34,0.09583793879919239,0.10846703360084138,0.21548109602383558,0.003430028772206737,0.15689308332398155
CShape,2,spline_rest,17,34,0.10120187241679045,0.11918473866775034,0.33443939236825404,0.003768952365220333,0.15914477755333994
CShape,3,spline_rest,17,34,0.09178275446324691,0.10289097663861756,0.2214622712598935,0.003253698368572069,0.15881078559846576
CShape,4,spline_rest,17,34,0.10730963332050225,0.1237878081295449,0.3745787232775922,0.003914514202492695,0.15672452219224658
CShape,5,spline_rest,17,34,0.10748642628036469,0.13078928313990335,0.5434051519863153,0.004135920282627533,0.16908450666226546
CShape,6,spline_rest,17,34,0.13558070051139273,0.15556069172495673,0.4337147579873676,0.004919261002421707,0.20517354562184986
DoubleBendedLine,0,spline_rest,17,34,0.06302946365034875,0.07234341871121079,0.17542895962475322,0.0022876997685066904,0.14118179500471245
DoubleBendedLine,1,spline_rest,17,34,0.06044445189742099,0.06875938429453822,0.15935284564696633,0.002174362648815507,0.12361668112297071
DoubleBendedLine,2,spline_rest,17,34,0.07625484983686981,0.09247454077590805,0.41060113940773607,0.0029243017442998395,0.15484257766299703
DoubleBendedLine,3,spline_rest,17,34,0.0883745592896328,0.10336071339945072,0.2519424347419983,0.003268552749221495,0.16824737822194719
DoubleBendedLine,4,spline_rest,17,34,0.05387377422752417,0.06303123667841992,0.15461733620807153,0.0019932227164095304,0.10572229027715437
DoubleBendedLine,5,spline_rest,17,34,0.08462288622132483,0.09536665374564582,0.2180877583836155,0.0030157583866486887,0.1547408374529668
DoubleBendedLine,6,spline_rest,17,34,0.09974948844879365,0.11709773579304096,0.24180306541772476,0.0037029555395463264,0.18299608598578115
GShape,0,spline_rest,17,34,0.16581342860951342,0.19400559324818037,0.5262910719222493,0.006134995534764341,0.3387910332729091
GShape,1,spline_rest,17,34,0.14959971532423486,0.21032251735592036,1.4492513659154336,0.006650981980650031,0.2549854452893897
GShape,2,spline_rest,17,34,0.14408991460893902,0.16902380982889467,0.727683074234313,0.005345002178584622,0.21625666393632428
GShape,3,spline_rest,17,34,0.11006611690349359,0.12737098720378026,0.6218117709291847,0.004027824273881068,0.16764261222802973
GShape,4,spline_rest,17,34,0.18484296258121105,0.23212586528801657,0.6517312247334892,0.007340464381475495,0.31346898251255784
GShape,5,spline_rest,17,34,0.11523933568373022,0.13888489865526119,0.3786661331745292,0.004391926123522818,0.18541853168969
GShape,6,spline_rest,17,34,0.1871955183013388,0.23805158370388046,0.7089597762789264,0.007527852051144842,0.31000300134507197
JShape,0,spline_rest,17,34,0.14153736599433098,0.23593304714413116,1.675342694161744,0.00746085804279339,0.29176567997477687
JShape,1,spline_rest,17,34,0.11510497233943404,0.15517467807042745,0.9551984334148231,0.004907054178859328,0.21605101147848896
JShape,2,spline_rest,17,34,0.10639656726779556,0.12666583900682357,0.35534855836127244,0.004005525529977626,0.20361850293107459
JShape,3,spline_rest,17,34,0.11680153109914988,0.1416110914898366,0.6625998760442782,0.004478135910503709,0.21347941712257112
JShape,4,spline_rest,17,34,0.1300844946886529,0.16052648151941235,0.7112629852378746,0.005076293063742699,0.22726192218765867
JShape,5,spline_rest,17,34,0.11037719384664171,0.14788335438608385,1.264986695088397,0.004676482278858764,0.18789173291245756
JShape,6,spline_rest,17,34,0.10524337121991355,0.12528013754881828,0.4490606241441628,0.003961705802334498,0.1877277093347783
JShape_2,0,spline_rest,17,34,0.10815591242416758,0.14547383915124265,0.7039893718674851,0.004600286716869029,0.24362755882013512
JShape_2,1,spline_rest,17,34,0.10719880820674273,0.15039547084648602,0.9773425437684858,0.004755922376483476,0.2316925382952053
JShape_2,2,spline_rest,17,34,0.1347508878176444,0.18939262813704397,1.2596030711191903,0.005989120769583514,0.2560025917014052
JShape_2,3,spline_rest,17,34,0.1585011196981257,0.21202974402266586,1.2736306105729023,0.0067049692281409634,0.2892533976511087
JShape_2,4,spline_rest,17,34,0.17338784547809682,0.20783866147578492,1.0366105345269927,0.00657243556104173,0.31551336609912706
JShape_2,5,spline_rest,17,34,0.1185483964506484,0.13446974342104545,0.2924355152603804,0.004252306655889459,0.21779639377361948
JShape_2,6,spline_rest,17,34,0.16475263039434482,0.18759761138063452,0.6368145784973234,0.005932357355699299,0.27714116995004096
Khamesh,0,spline_rest,17,34,0.08004141392823866,0.10194012584617719,0.6851888537683253,0.003223629826381193,0.1453804782201419
Khamesh,1,spline_rest,17,34,0.08406649576102972,0.09480943713810504,0.42174339907895675,0.0029981376503496783,0.14690329979733616
Khamesh,2,spline_rest,17,34,0.08922368669130125,0.10122279232400619,0.310959945755359,0.003200945748660681,0.14983650202113702
Khamesh,3,spline_rest,17,34,0.10227915041327754,0.1278127328604579,0.5810199627725825,0.004041793498096951,0.16339972099455027
Khamesh,4,spline_rest,17,34,0.12496691031487427,0.15214160192543022,0.563236362853126,0.004811139889510184,0.20191590715855837
Khamesh,5,spline_rest,17,34,0.0950052288156267,0.10982085065416704,0.2605165416087188,0.0034728402264436035,0.16391018639399996
Khamesh,6,spline_rest,17,34,0.09361428763270993,0.10879924004272752,0.292351187263897,0.003440534062304142,0.15150179860156085
LShape,0,spline_rest,17,34,0.07230502289276168,0.08131282539654933,0.1813963691180923,0.0025713373123668,0.1272888734748125
LShape,1,spline_rest,17,34,0.11199862272470307,0.1352442821688435,0.3339665949501208,0.004276799721680424,0.19594207508482894
LShape,2,spline_rest,17,34,0.07758391394645137,0.08836635762056867,0.19892111617383398,0.002794389586139741,0.12916400830044555
LShape,3,spline_rest,17,34,0.06692708003592443,0.08304250822837293,0.25457404180939475,0.002626034686149325,0.11698103450142068
LShape,4,spline_rest,17,34,0.10169995116836729,0.13174143175763156,0.6783070880883759,0.004166029865657553,0.16999229085946405
LShape,5,spline_rest,17,34,0.14425518016866296,0.19070571383321067,1.1536733809712834,0.0060306441852122595,0.2337723310548365
LShape,6,spline_rest,17,34,0.09834244623595172,0.12158159497424137,0.2971735860055586,0.0038447476167468362,0.1595757376930394
Leaf_1,0,spline_rest,17,34,0.07034602801741213,0.09034772546664574,0.72144513401363,0.002857045938901996,0.15199632482784098
Leaf_1,1,spline_rest,17,34,0.13124452175243181,0.17654924047759735,0.9856792131078215,0.00558297719082001,0.24794119416329694
Leaf_1,2,spline_rest,17,34,0.09673385646596026,0.1054564320554897,0.31913399597173814,0.003334825192101396,0.18228493631374265
Leaf_1,3,spline_rest,17,34,0.12938394903359096,0.15241518299146944,0.48525765406921234,0.004819791282443994,0.24859263840097062
Leaf_1,4,spline_rest,17,34,0.10548261523465971,0.12199599318551992,0.527965495539989,0.0038578520388062353,0.1845164635700398
Leaf_1,5,spline_rest,17,34,0.10434402219935217,0.1250179529621992,0.34036979364354886,0.003953414797723437,0.2021656341665459
Leaf_1,6,spline_rest,17,34,0.1206055919543838,0.14173678301706877,0.39305283493188203,0.004482110625590095,0.21204082898460888
Leaf_2,0,spline_rest,17,34,0.13966318684608195,0.1691608726290088,0.44971981580026155,0.0053493364848930325,0.24909214405966207
Leaf_2,1,spline_rest,17,34,0.13608799952371955,0.17309254816149422,1.0057990776484458,0.005473666981927124,0.23214252491910578
Leaf_2,2,spline_rest,17,34,0.1529329790168857,0.17422718026041434,0.562786263017818,0.005509547199316375,0.2537549812914889
Leaf_2,3,spline_rest,17,34,0.10287224173626226,0.12036061822552625,0.2868339256297527,0.0038061369417863675,0.1801448122241055
Leaf_2,4,spline_rest,17,34,0.13434474200375007,0.15910581802161602,0.38261826496845674,0.005031367739325719,0.22793643578685946
Leaf_2,5,spline_rest,17,34,0.16828998306664647,0.19959179746985967,1.0516682336578307,0.006311646822917889,0.2925777615848229
Leaf_2,6,spline_rest,17,34,0.16929139455472955,0.2042830245503629,1.0997791939383874,0.006459996448872411,0.28712777110708537
Line,0,spline_rest,17,34,0.04315152149835379,0.052745165464385214,0.13766698802553126,0.0016679485842991007,0.0843088680993804
Line,1,spline_rest,17,34,0.051908626928357175,0.06128908940787976,0.2343568458859545,0.0019381311824660063,0.0965362706000412
Line,2,spline_rest,17,34,0.07325289795488141,0.08489603405414627,0.25615427748858366,0.002684648319263207,0.13426002686270422
Line,3,spline_rest,17,34,0.04503090547415538,0.05638708525911393,0.21409056507054192,0.001783116200369057,0.08505948171769945
Line,4,spline_rest,17,34,0.06884898583757049,0.09160421152396545,0.32720095808203137,0.0028967795167957476,0.12655065022350878
Line,5,spline_rest,17,34,0.06829281752460026,0.08593092125199601,0.23269333730991287,0.002717374325928752,0.12477902197558585
Line,6,spline_rest,17,34,0.08778191248331109,0.10404297409821497,0.28877458693090313,0.0032901277268826256,0.1791390123674847
Multi_Models_1,0,spline_rest,17,34,0.07603544291595252,0.09822628960882714,0.32892240737707046,0.0031061880127122347,0.26201877104604937
Multi_Models_1,1,spline_rest,17,34,0.0401704085505221,0.04948479207344052,0.2731691333090463,0.0015648465249191825,0.1289625655531568
Multi_Models_1,2,spline_rest,17,34,0.062205015029524725,0.09009332803466384,0.34256970334242043,0.0028490011857423905,0.20834265149691475
Multi_Models_1,3,spline_rest,17,34,0.045657987451910784,0.059565281040951476,0.27572850198892634,0.0018836195755745195,0.21245790282008165
Multi_Models_1,4,spline_rest,17,34,0.05070672506975969,0.0577552818401282,0.19486841414248157,0.0018263823751976588,0.22230326188811084
Multi_Models_1,5,spline_rest,17,34,0.03844478189565981,0.0542358265970247,0.15993371821137092,0.0017150874282853723,0.2803161565246085
Multi_Models_1,6,spline_rest,17,34,0.03580103698888753,0.047418332086212794,0.11205251083280465,0.001499499322386762,0.26812774181494736
Multi_Models_2,0,spline_rest,17,34,0.038675150806667793,0.04693105254161538,0.21391692258727063,0.0014840901902053877,0.11667676931430633
Multi_Models_2,1,spline_rest,17,34,0.06074809430447671,0.07737359546953963,0.5064208778818071,0.0024467679244023054,0.17213450718981013
Multi_Models_2,2,spline_rest,17,34,0.06277607025662674,0.0830863658317749,0.23422378308103325,0.002627421585343991,0.18951274460616924
Multi_Models_2,3,spline_rest,17,34,0.06583793839071922,0.07659064819819338,0.3289003791468536,0.0024220089577496246,0.18822143438364472
Multi_Models_2,4,spline_rest,17,34,0.049849261843023074,0.0625590123810928,0.5206688405303128,0.0019782896729492678,0.21286137302664673
Multi_Models_2,5,spline_rest,17,34,0.07609884650670028,0.09506416463529443,0.2819741451853118,0.003006192841087605,0.32550268742855243
Multi_Models_2,6,spline_rest,17,34,0.06927268952303095,0.08232222767430583,0.2090027177835436,0.0026032574150975244,0.2743225598021512
Multi_Models_3,0,spline_rest,17,34,0.0836518137023147,0.10130830771672159,0.637486904451715,0.003203649982820525,0.2559096195356716
Multi_Models_3,1,spline_rest,17,34,0.12032549382173377,0.1753858794626802,0.976923757896326,0.005546188485338177,0.34693136228234495
Multi_Models_3,2,spline_rest,17,34,0.110032312598755,0.12522759964037017,0.2996633873290003,0.003960044407792523,0.29379693515323646
Multi_Models_3,3,spline_rest,17,34,0.1161164057600322,0.13038500344959156,0.34703277485030226,0.004123135836296204,0.3231433726658613
Multi_Models_3,4,spline_rest,17,34,0.0855794415442019,0.11505628369125837,0.8341959846600605,0.0036383991557886177,0.28878001562843497
Multi_Models_3,5,spline_rest,17,34,0.037888023924325005,0.04429510515651029,0.10376247717719458,0.001400734214912417,0.11293399199573512
Multi_Models_3,6,spline_rest,17,34,0.044649073632923246,0.05286451951802068,0.193850332070922,0.0016717228908737208,0.1387124846025648
Multi_Models_4,0,spline_rest,17,34,0.09884922417581,0.12354970395123642,0.4413045937479127,0.003906984687254119,0.23533822330482007
Multi_Models_4,1,spline_rest,17,34,0.07335835321477058,0.08579911383376476,0.22297119721625838,0.0027132062093875803,0.17189842524555854
Multi_Models_4,2,spline_rest,17,34,0.2650777949508456,0.390998028612142,1.409063434507019,0.012364443310500534,0.5716439434131404
Multi_Models_4,3,spline_rest,17,34,0.09331219120993917,0.11190887337430172,0.6112969233892601,0.003538869302461663,0.19983045947192396
Multi_Models_4,4,spline_rest,17,34,0.08121101353423185,0.09476434423323193,0.3924744794074481,0.0029967116874925555,0.31445138503968645
Multi_Models_4,5,spline_rest,17,34,0.0628880069005179,0.0732269091640277,0.23025486817246837,0.0023156381897258397,0.24221830420295493
Multi_Models_4,6,spline_rest,17,34,0.0771813920138018,0.09600427790047443,0.3466027528031528,0.003035921832852671,0.27615360445305237
NShape,0,spline_rest,17,34,0.14092219478969464,0.16558457843044125,0.7872899501602125,0.005236244132389833,0.23142591679069727
NShape,1,spline_rest,17,34,0.15474031307029754,0.1796723862080693,0.5817441705299409,0.005681739730549228,0.24533553191495916
NShape,2,spline_rest,17,34,0.1553498452071844,0.19165866264214992,1.0549156759092149,0.006060779072510186,0.24294759421360512
NShape,3,spline_rest,17,34,0.17375642755897525,0.20367784334618558,0.6305800663329273,0.006440858938849174,0.25913952335633034
NShape,4,spline_rest,17,34,0.14988362844735792,0.1726418305320883,0.503566428624237,0.00545941403902198,0.23500997063524526
NShape,5,spline_rest,17,34,0.1582293586532848,0.200865662710738,0.9242563935427152,0.006351929978850834,0.24122666161608852
NShape,6,spline_rest,17,34,0.23985777564201327,0.2832382767049301,0.9400451296698037,0.008956780749285905,0.35013360726795933
PShape,0,spline_rest,17,34,0.09030608132086775,0.12351794538515111,0.570812978520961,0.003905980393213614,0.16055444931161025
PShape,1,spline_rest,17,34,0.09963245089458747,0.1148333070722285,0.39825613134855303,0.003631348015977637,0.15869410554795904
PShape,2,spline_rest,17,34,0.09958173163149127,0.11101275051654068,0.385699532728752,0.0035105314095230235,0.15627590417288917
PShape,3,spline_rest,17,34,0.06440918823513035,0.07382017294188127,0.281360649363809,0.002334398837638774,0.10075520760507002
PShape,4,spline_rest,17,34,0.09374769838188948,0.10917636847746534,0.6499109761446439,0.003452459910545999,0.15981205267848334
PShape,5,spline_rest,17,34,0.12961766177856368,0.14553931742452927,0.48634525738416545,0.004602357321677435,0.20639883444085816
PShape,6,spline_rest,17,34,0.1230766054732136,0.1544052678581003,0.4161986754754043,0.004882723291599853,0.1895846148992531
RShape,0,spline_rest,17,34,0.06423365542872628,0.07779849319447846,0.5451483011803093,0.002460204370236609,0.10300701171383325
RShape,1,spline_rest,17,34,0.07480652729296156,0.08608384178484155,0.34142945821173465,0.002722210097776737,0.1185255370886929
RShape,2,spline_rest,17,34,0.09221641792654983,0.1160259627829656,0.37040408415171255,0.0036690631010809992,0.14681861292863713
RShape,3,spline_rest,17,34,0.08576334949387879,0.10720955095317833,0.3175740958886821,0.0033902636793591945,0.1408552575868835
RShape,4,spline_rest,17,34,0.10294192882281844,0.12059057001385112,0.6234545011750207,0.003813408655817722,0.16460001453061976
RShape,5,spline_rest,17,34,0.11839134759848263,0.17293674749723958,0.6115789530663195,0.005468740132327007,0.18078813885652067
RShape,6,spline_rest,17,34,0.09876620484285324,0.11701669726298611,0.5802806360624709,0.003700392876214273,0.15482986094726214
Saeghe,0,spline_rest,17,34,0.08493333880908355,0.10467648163929423,0.28276722997474163,0.003310160994329657,0.15846988098511658
Saeghe,1,spline_rest,17,34,0.06979124048887977,0.08501423267629572,0.24404602905254189,0.0026883860878860666,0.12960534480089822
Saeghe,2,spline_rest,17,34,0.07432572188826315,0.0840299181046792,0.22668117527323745,0.0026572593280820545,0.135556722245615
Saeghe,3,spline_rest,17,34,0.12182486222755572,0.15312223558098748,0.4457170912330052,0.004842150248527965,0.22588315738258113
Saeghe,4,spline_rest,17,34,0.07485142112358639,0.09027616405114526,0.249490995179582,0.002854782968246324,0.13487518160332349
Saeghe,5,spline_rest,17,34,0.09197470104629642,0.10740397801613781,0.3491055658254303,0.0033964120029364828,0.16177572860576656
Saeghe,6,spline_rest,17,34,0.08742985712135333,0.10287106080317511,0.416661589836931,0.0032530685745570365,0.14986621662110897
Sharpc,0,spline_rest,17,34,0.08131843527840722,0.1215184726362222,1.1004939300535515,0.0038427515131530796,0.15162294260903317
Sharpc,1,spline_rest,17,34,0.08326695358227346,0.1091712576862616,0.6158402460486696,0.003452298293137505,0.15682445457061447
Sharpc,2,spline_rest,17,34,0.13584673151442994,0.1823268282762552,1.0718998565360285,0.005765680559073582,0.22801714775473605
Sharpc,3,spline_rest,17,34,0.07811201580309499,0.0957080457341775,0.27153767303824233,0.0030265541492356307,0.1329061692253098
Sharpc,4,spline_rest,17,34,0.07120344110582738,0.08386603153408813,0.2967261096695673,0.0026520767796722375,0.12155113079802427
Sharpc,5,spline_rest,17,34,0.12836336588894556,0.15599224707443274,0.41104944912611113,0.004932907980829448,0.22019286617141157
Sharpc,6,spline_rest,17,34,0.14088293027469076,0.16960343408078724,0.5136905335674363,0.005363331506815138,0.22700396723467095
Sine,0,spline_rest,17,34,0.07513380054386613,0.09510993605796557,0.5436634219864325,0.003007640260561475,0.1502629201242206
Sine,1,spline_rest,17,34,0.09616194888622978,0.11983065200827384,0.5860680526328635,0.003789377938491755,0.1862719615006668
Sine,2,spline_rest,17,34,0.12549911264630143,0.1627901651039101,0.9614357702082224,0.005147877024032169,0.23818028486674453
Sine,3,spline_rest,17,34,0.0813397800624563,0.09302659389546544,0.24099199464783655,0.0029417591967718652,0.1440486761511536
Sine,4,spline_rest,17,34,0.11366599778887997,0.13117555916884208,0.3862198204581029,0.004148135403197247,0.22032026527800572
Sine,5,spline_rest,17,34,0.11985359044921916,0.15268044890716467,1.1817775478785435,0.004828179727236065,0.22854365394648238
Sine,6,spline_rest,17,34,0.08656419182214552,0.10738434668377507,0.6180162939698356,0.003395791205698783,0.15939025198448126
Snake,0,spline_rest,17,34,0.2054680543808998,0.25891838588172883,1.155920110067748,0.00818771827480647,0.3617963206520736
Snake,1,spline_rest,17,34,0.16743574765709557,0.19912024925702546,0.6696731167322801,0.006296735159126508,0.29249325401816745
Snake,2,spline_rest,17,34,0.14231607934524076,0.18341699955005447,0.5348498931868378,0.005800154801722509,0.23970543476565018
Snake,3,spline_rest,17,34,0.15116697890368794,0.1837125215431288,0.7500632938530484,0.005809500027690383,0.2621549849227676
Snake,4,spline_rest,17,34,0.12765529812087648,0.1872137871029872,1.203224903229918,0.005920219766312954,0.21343792035203293
Snake,5,spline_rest,17,34,0.12175047508551497,0.1444772045048963,0.5977338684910904,0.004568770362094119,0.2111046076022675
Snake,6,spline_rest,17,34,0.17004432351714793,0.21721184836897897,0.903653606785154,0.006868841756211036,0.28309088518979564
Spoon,0,spline_rest,17,34,0.05568989450018793,0.06770831316664239,0.308027366735233,0.0021411248613455777,0.10960904191316694
Spoon,1,spline_rest,17,34,0.062179183171351585,0.07119975046291373,0.19444449295871324,0.002251533802984353,0.11665671318134985
Spoon,2,spline_rest,17,34,0.06778847369660934,0.07771694765949373,0.31859763441472705,0.0024576256740009225,0.12864312740100567
Spoon,3,spline_rest,17,34,0.05704378483832889,0.06454766934145191,0.2435053006496858,0.002041176527744088,0.10512657826406722
Spoon,4,spline_rest,17,34,0.06532129856936436,0.07457854306065524,0.2245070379048324,0.0023583806064861558,0.12495820044565038
Spoon,5,spline_rest,17,34,0.1861755426061257,0.2972974449743329,1.1483477600094254,0.009401370686674708,0.3527397081028306
Spoon,6,spline_rest,17,34,0.0683890742374443,0.07844858840889302,0.38476204960426197,0.0024807621859718643,0.13032741192718783
Sshape,0,spline_rest,17,34,0.22487607849279553,0.3003434629005155,1.3011065861542606,0.009497694231079106,0.38369320109002003
Sshape,1,spline_rest,17,34,0.16254819843095897,0.20285376862164703,0.747126444434493,0.006414799407931997,0.27255002585219157
Sshape,2,spline_rest,17,34,0.11923934164820386,0.14154743745652607,0.49958637441846787,0.004476122993228533,0.18508304852194205
Sshape,3,spline_rest,17,34,0.19030693502905943,0.22375769243740695,0.5906427489085848,0.007075839520856393,0.289135777853105
Sshape,4,spline_rest,17,34,0.13063938967996386,0.14827178552300796,0.5813932999368326,0.004688765549926853,0.1981777708366101
Sshape,5,spline_rest,17,34,0.12083508339838873,0.13625796316153688,0.3756005218753171,0.004308855129257741,0.18449546171464756
Sshape,6,spline_rest,17,34,0.2293568338443558,0.2639394367129627,0.5947860825707212,0.008346497843548278,0.3439618579645255
Trapezoid,0,spline_rest,17,34,0.10326699931837188,0.1297607447194836,0.69600792331114,0.00410339504193235,0.21062608126805385
Trapezoid,1,spline_rest,17,34,0.07765403785815385,0.09084697638448679,0.4439537758751962,0.002872833639145069,0.1414427708203529
Trapezoid,2,spline_rest,17,34,0.07642945010956202,0.0983161364846081,0.6325927666287666,0.0031090292203934155,0.15182752022348045
Trapezoid,3,spline_rest,17,34,0.09454207531787111,0.1070738726842338,0.2607594191065308,0.003385973155770658,0.17131850025897907
Trapezoid,4,spline_rest,17,34,0.07710546098162806,0.08952342058635851,0.22830300452209465,0.002830979129820995,0.1409289103192857
Trapezoid,5,spline_rest,17,34,0.11118395408988195,0.14050831711731568,0.8469882499316486,0.004443263122879417,0.1987723664154743
Trapezoid,6,spline_rest,17,34,0.10075355255169956,0.12382051597453818,0.4604660934855571,0.00391554851536804,0.18481746224865941
WShape,0,spline_rest,17,34,0.12966851918303474,0.1467776822744287,0.6400762133695744,0.004641517856677182,0.26329675685840576
WShape,1,spline_rest,17,34,0.09104673858011515,0.10778059940546188,0.35000626842088794,0.0034083218169944944,0.17297299020772813
WShape,2,spline_rest,17,34,0.1162269762166896,0.15969764558989402,0.941608200620152,0.005050082970304092,0.22625357077905472
WShape,3,spline_rest,17,34,0.13120426823911524,0.17811067963823818,1.1596100526701782,0.005632354232574075,0.24247433056452744
WShape,4,spline_rest,17,34,0.16470304800581367,0.18486185944246725,0.5386841057830726,0.005845845283321011,0.29045420777959136
WShape,5,spline_rest,17,34,0.12957410248274245,0.15367658965460573,0.5015441977425703,0.004859680463556228,0.23868953270551763
WShape,6,spline_rest,17,34,0.18024504001769476,0.2136002267691505,0.527326810394148,0.006754632253189845,0.3445084631706366
Worm,0,spline_rest,17,34,0.04748340262156158,0.05976717330383827,0.2557629225516902,0.001890003969501397,0.0963086268380506
Worm,1,spline_rest,17,34,0.06102606230292845,0.09067399790690006,0.5714311131033651,0.0028673635793914436,0.12303801669758249
Worm,2,spline_rest,17,34,0.05656551418935179,0.06694004828442061,0.2176112844753826,0.00211683019260416,0.11329068168883276
Worm,3,spline_rest,17,34,0.055685363216433886,0.07216154891011066,0.4018360179102129,0.002281948540415908,0.11004648420526111
Worm,4,spline_rest,17,34,0.05964078690790501,0.07193849260871017,0.18912807362044398,0.0022748948808271226,0.11665276339426639
Worm,5,spline_rest,17,34,0.058431662191696376,0.07396727430392619,0.399524156108034,0.002339050591148524,0.11178356635825486
Worm,6,spline_rest,17,34,0.047723280233905895,0.05291589867408974,0.1833702695648702,0.0016733476424480754,0.0933496775956768
Zshape,0,spline_rest,17,34,0.10671456157410787,0.1309067295726213,0.3353270953670024,0.004139634264932036,0.18977108989705233
Zshape,1,spline_rest,17,34,0.10768118185790708,0.12909354772171056,0.3396280765548168,0.004082296420322459,0.17794281173068507
Zshape,2,spline_rest,17,34,0.13832523220249757,0.1684226865714819,0.6897492966546835,0.005325992992105381,0.2453296406700712
Zshape,3,spline_rest,17,34,0.1487790115429654,0.1718628173814065,0.6022569397773755,0.0054347794801881955,0.23897641824420615
Zshape,4,spline_rest,17,34,0.11348383036184592,0.1303875866047496,0.3442512348545843,0.004123217522834695,0.18765721730097337
Zshape,5,spline_rest,17,34,0.10203839065118131,0.12224672344299511,0.2843276027251909,0.003865780825725656,0.15346885596915336
Zshape,6,spline_rest,17,34,0.37840478894585405,0.47540535067517414,1.8824215798311774,0.015033637199646175,0.5966035976175632
heee,0,spline_rest,17,34,0.15002372781788315,0.18630153887696943,0.6518941611618073,0.005891371944456312,0.2772808623548734
heee,1,spline_rest,17,34,0.15572098557833286,0.1812706330778974,0.47986994322335685,0.005732280734268141,0.2623205251832247
heee,2,spline_rest,17,34,0.17062269042910805,0.21249695157532436,1.082753718958979,0.006719743628205301,0.3000556572905063
heee,3,spline_rest,17,34,0.13905335935190133,0.15976779655898468,0.42488874177097,0.005052301338728037,0.23653563818604337
heee,4,spline_rest,17,34,0.20100416973817511,0.2386085229649758,0.9677205286765606,0.007545464016979167,0.3311135505762758
heee,5,spline_rest,17,34,0.14363522640004642,0.1764605018759122,0.5442123758636437,0.005580171029842976,0.23806667874603532
heee,6,spline_rest,17,34,0.17628025646978193,0.21686939137777209,0.6193018134236242,0.006858012315282417,0.2789689204497099
Angle,0,spline_rest,22,44,0.02908391716609496,0.041623018862247174,0.3928295096593381,0.001316235426968513,0.04943692802785384
Angle,1,spline_rest,22,44,0.04081325479216785,0.06055545126422243,0.4101927799740728,0.0019149315073426563,0.06841419086581227
Angle,2,spline_rest,22,44,0.04256709079241202,0.04877502277019092,0.11633252654260763,0.0015424016488037875,0.07101068718751714
Angle,3,spline_rest,22,44,0.06159098530563648,0.07490209115397169,0.40084128424573806,0.0023686120955610022,0.09759288549438067
Angle,4,spline_rest,22,44,0.06475580466547477,0.08117988989360614,0.43365680235817494,0.0025671335226547945,0.10252187841069153
Angle,5,spline_rest,22,44,0.07945173462533854,0.09794525728906214,0.4376008013371252,0.0030973009904464535,0.12859916664735535
Angle,6,spline_rest,22,44,0.08247369928399187,0.09597438430484925,0.2663401464219277,0.003034976514356395,0.13058090659632882
BendedLine,0,spline_rest,22,44,0.035111623359195196,0.04210371400055271,0.15368545508140222,0.0013314363419406644,0.08180584176466181
BendedLine,1,spline_rest,22,44,0.0307869908544367,0.03927333287144484,0.3782871890827872,0.001241931831797265,0.06905690218762241
BendedLine,2,spline_rest,22,44,0.04523593142841767,0.054829176652585764,0.36725153688096823,0.0017338508045389761,0.09612469253431646
BendedLine,3,spline_rest,22,44,0.040957833458474015,0.05159563210147111,0.32984274260125646,0.001631597147567486,0.08473952469703497
BendedLine,4,spline_rest,22,44,0.03968748685465341,0.047258970480092366,0.1111957232132237,0.0014944598659175298,0.07764000433205867
BendedLine,5,spline_rest,22,44,0.06817695849542359,0.08158720773088071,0.41845144395264916,0.0025800140436288096,0.12569944104023764
BendedLine,6,spline_rest,22,44,0.06206097868052283,0.07493299732134723,0.27875170812844113,0.0023695894343875334,0.12010109542918859
CShape,0,spline_rest,22,44,0.0452688009364485,0.05677473212080095,0.14162945811550776,0.0017953746704765297,0.08485728907921479
CShape,1,spline_rest,22,44,0.05305937562067094,0.05980463817833493,0.11393211981781276,0.0018911887128580155,0.0868617287128311
CShape,2,spline_rest,22,44,0.04866771604889065,0.05563423660897415,0.1636967650635574,0.0017593090356908076,0.07653230774952345
CShape,3,spline_rest,22,44,0.06518811984897975,0.07965590031377244,0.23034628611488045,0.0025189407406284196,0.11279435429287488
CShape,4,spline_rest,22,44,0.06483449297588517,0.07587739152058792,0.24154952689848763,0.002399453801174048,0.0946900536215029
CShape,5,spline_rest,22,44,0.06903874012744897,0.08174911121650041,0.3304456283232245,0.0025851338813855955,0.10860330665925692
CShape,6,spline_rest,22,44,0.08131021050544078,0.09479640324783375,0.3633628356528801,0.002997725482549378,0.12304630468595665
DoubleBendedLine,0,spline_rest,22,44,0.04403899082127818,0.05001392714582687,0.13912763677264434,0.0015815792451053718,0.09864440238354631
DoubleBendedLine,1,spline_rest,22,44,0.04363841404866089,0.05167579806350195,0.14062502984141365,0.0016341322178758462,0.08924617139915939
DoubleBendedLine,2,spline_rest,22,44,0.05020568930205716,0.060566444759978647,0.33631467348812233,0.0019152791522030266,0.10194733005846542
DoubleBendedLine,3,spline_rest,22,44,0.04739229664105814,0.05595826031213159,0.17565367790323244,0.0017695555648694057,0.09022539656059378
DoubleBendedLine,4,spline_rest,22,44,0.039466743539190594,0.045979590579354704,0.1315294500734072,0.0014540023211278184,0.07744982742665488
DoubleBendedLine,5,spline_rest,22,44,0.049483572153840014,0.05722679803988622,0.13044343632398814,0.0018096702500449981,0.09048532539085066
DoubleBendedLine,6,spline_rest,22,44,0.04487568717754719,0.054476665275312,0.14285475918455176,0.0017227034160058965,0.08232698971312627
GShape,0,spline_rest,22,44,0.07202150989335887,0.08461538549090476,0.33766624022125225,0.0026757734324442373,0.14715479897655379
GShape,1,spline_rest,22,44,0.08990812035319132,0.13423432065390303,1.11269483761138,0.004244861934317164,0.1532440222476592
GShape,2,spline_rest,22,44,0.08341694971546491,0.1025006503546045,0.4768097527959155,0.003241355167690959,0.1251959327630237
GShape,3,spline_rest,22,44,0.07589576620408829,0.08998802419764274,0.5111860113579112,0.0028456711860289714,0.11559746869835587
GShape,4,spline_rest,22,44,0.09392590828823881,0.10853531298017034,0.26879559294542715,0.003432187955765758,0.15928579855858066
GShape,5,spline_rest,22,44,0.07573492960870001,0.09137569087855667,0.42438292864760474,0.002889553059477113,0.12185647689090039
GShape,6,spline_rest,22,44,0.12225129683157901,0.15217665672185773,0.43033045306371775,0.0048122484195064295,0.20245286468402454
JShape,0,spline_rest,22,44,0.06522969583969424,0.1395954691450743,1.2023466808872316,0.004414396335381928,0.13446475019168116
JShape,1,spline_rest,22,44,0.08104759801781239,0.11316168283192236,0.7833582691871969,0.003578486616064477,0.1521256221496125
JShape,2,spline_rest,22,44,0.05615337350077033,0.0649686447244098,0.23166329432409863,0.0020544889382341737,0.10746461225556067
JShape,3,spline_rest,22,44,0.05608881448677727,0.07241607452607525,0.4474923531915963,0.002289997347108962,0.10251413068865486
JShape,4,spline_rest,22,44,0.06599020165114566,0.08480331350156153,0.4428584948195134,0.002681716237942436,0.11528706867551637
JShape,5,spline_rest,22,44,0.07677403347551516,0.11100623652650259,1.082677226096848,0.003510325419071263,0.1306900971992093
JShape,6,spline_rest,22,44,0.0816170438074736,0.09977865489290223,0.42160385708881165,0.003155278113294751,0.14558428240233123
JShape_2,0,spline_rest,22,44,0.06512135448637293,0.08655944322548818,0.4628216181189069,0.0027372499358857445,0.14668968404015384
JShape_2,1,spline_rest,22,44,0.073451665261098,0.09783561534693593,0.7159826207398393,0.0030938338078044217,0.1587536564168921
JShape_2,2,spline_rest,22,44,0.0987211458358859,0.13057409450494933,0.9073617034837212,0.0041291154204971614,0.18755252450670626
JShape_2,3,spline_rest,22,44,0.09621202073788189,0.1520992571006549,0.9950294567395485,0.004809800828576077,0.17558017221780142
JShape_2,4,spline_rest,22,44,0.07551826563327305,0.10506860851571148,0.775842103885333,0.0033225611349421156,0.13742037180415828
JShape_2,5,spline_rest,22,44,0.07341641036818945,0.0837786052279317,0.1918372773561975,0.002649312117123542,0.13488018312126546
JShape_2,6,spline_rest,22,44,0.08385868250002242,0.09665065849392095,0.4350614520052634,0.0030563621819588937,0.14106417192185228
Khamesh,0,spline_rest,22,44,0.05548077253273227,0.0738715634618282,0.5635634921386176,0.0023360239485705004,0.10077059920584318
Khamesh,1,spline_rest,22,44,0.025786847541596006,0.03196503185038988,0.31683031770023523,0.0010108230612705864,0.04506162604897519
Khamesh,2,spline_rest,22,44,0.05366094849696489,0.060652181043019594,0.2225980066901613,0.0019179903715282893,0.09011473428283587
Khamesh,3,spline_rest,22,44,0.05135181346008606,0.07122071317855008,0.5148139122771322,0.0022521967022578865,0.0820389293227154
Khamesh,4,spline_rest,22,44,0.05864959147826184,0.07242501085917212,0.40791756503228555,0.0022902799387741228,0.09476336926289966
Khamesh,5,spline_rest,22,44,0.06199018301281101,0.07248705445248005,0.24670643497925218,0.0022922419294648653,0.1069501392596693
Khamesh,6,spline_rest,22,44,0.05806909512465843,0.0741314780563626,0.24006758633353845,0.0023442431697289785,0.09397681248259486
LShape,0,spline_rest,22,44,0.051728562042984635,0.059914721579028475,0.12828686361114938,0.0018946698556457006,0.09106518642126893
LShape,1,spline_rest,22,44,0.05242031800104949,0.06477048066458066,0.16940069146434628,0.002048222440439714,0.09170957317019524
LShape,2,spline_rest,22,44,0.03991181537853609,0.04612080555296143,0.08752744235178081,0.0014584679306909967,0.06644637774264905
LShape,3,spline_rest,22,44,0.0402851890164652,0.05104887022352532,0.23685649200903786,0.0016143070188468888,0.07041399510783657
LShape,4,spline_rest,22,44,0.0622596194673796,0.07412206250429693,0.4031674454283086,0.0023439454238294247,0.10406745745410229
LShape,5,spline_rest,22,44,0.06978557417318493,0.10783707573123644,0.8667051713464673,0.0034101077552277474,0.11309081815565586
LShape,6,spline_rest,22,44,0.06839890792250472,0.0849983803733848,0.2820488168073663,0.0026878847940524915,0.11098774340984174
Leaf_1,0,spline_rest,22,44,0.05159760135636402,0.07399877924765785,0.6740190698518671,0.0023400468649459995,0.11148668939997768
Leaf_1,1,spline_rest,22,44,0.07769650016895219,0.10681039339356473,0.6746936758644781,0.0033776412090226597,0.14678070198264762
Leaf_1,2,spline_rest,22,44,0.05866691164696419,0.07316609651234503,0.24455667096647093,0.0023137151248271226,0.11055172040054029
Leaf_1,3,spline_rest,22,44,0.05471116214635721,0.06501122358022351,0.2674437401969998,0.0020558353998795255,0.10511962457116826
Leaf_1,4,spline_rest,22,44,0.06580412691715917,0.07682105982755066,0.4045331957019082,0.0024292952132312197,0.1151084921440083
Leaf_1,5,spline_rest,22,44,0.04844893383607236,0.058985838411553526,0.2950487650928339,0.001865295990751576,0.0938693873133386
Leaf_1,6,spline_rest,22,44,0.05361641756683178,0.06368951952616375,0.17945224551290306,0.0020140394478444542,0.09426486321095262
Leaf_2,0,spline_rest,22,44,0.07552303969208736,0.08688593697755805,0.2694598066583197,0.0027475745748692954,0.1346968826047001
Leaf_2,1,spline_rest,22,44,0.07850088485908728,0.10498862024962742,0.8208773646078124,0.0033200316838729823,0.13390889485737692
Leaf_2,2,spline_rest,22,44,0.0615789639196559,0.07274329718788376,0.3628549359855367,0.0023003450362423412,0.10217527270985971
Leaf_2,3,spline_rest,22,44,0.06082814246106466,0.07169672837712682,0.20018367174346902,0.0022672496245414848,0.10651925258596753
Leaf_2,4,spline_rest,22,44,0.0620614245749551,0.07269540941284108,0.19113398806628942,0.0022988306918302146,0.10529671430740031
Leaf_2,5,spline_rest,22,44,0.07807626013726623,0.10325963779692557,0.7536254711311561,0.0032653564580229616,0.13573818837945464
Leaf_2,6,spline_rest,22,44,0.10970572228042692,0.14503938426651689,0.8590273670119921,0.004586548047105836,0.18606710399499088
Line,0,spline_rest,22,44,0.025419919544258,0.030079032312821326,0.07750155736186179,0.000951182519223177,0.04966510031483985
Line,1,spline_rest,22,44,0.030954230024137625,0.0364227173772575,0.20430693376030015,0.0011517874548472803,0.05756665322606793
Line,2,spline_rest,22,44,0.04296593474092252,0.051580832515887014,0.21290680959916175,0.0016311291435787624,0.07874920601845004
Line,3,spline_rest,22,44,0.035229653746788415,0.042656939966131756,0.17817237168205996,0.0013489308830604216,0.0665457657855821
Line,4,spline_rest,22,44,0.044997163542063276,0.058749325933853805,0.17679942127787912,0.0018578168095057669,0.08270884799808133
Line,5,spline_rest,22,44,0.06455998654576509,0.08183295737639472,0.20142153182724146,0.0025877853297688424,0.11795870007904907
Line,6,spline_rest,22,44,0.04133594614027001,0.05183652262196302,0.13785262943753832,0.0016392147746824648,0.08435542536455118
Multi_Models_1,0,spline_rest,22,44,0.04705331511033458,0.0725100878268734,0.2665623876397171,0.0022929703087176886,0.16214611667982715
Multi_Models_1,1,spline_rest,22,44,0.02405373790282034,0.03071425549981016,0.20773433436462704,0.0009712700401575346,0.07722181234949384
Multi_Models_1,2,spline_rest,22,44,0.027325989335791157,0.034148954222717756,0.1727114934352847,0.00107988475056613,0.09152267016241318
Multi_Models_1,3,spline_rest,22,44,0.026391643769091082,0.032853903771323176,0.16389618219885882,0.0010389316594537695,0.12280684279090161
Multi_Models_1,4,spline_rest,22,44,0.03113692091314626,0.0368930925344939,0.16575740944363448,0.0011666620233635487,0.13650731879492986
Multi_Models_1,5,spline_rest,22,44,0.018392306473546925,0.025793999088085183,0.11179166383021508,0.0008156778708265532,0.1341056030511489
Multi_Models_1,6,spline_rest,22,44,0.03020876125325448,0.04064658395007657,0.09643570747060659,0.0012853578438748574,0.22624503699085993
Multi_Models_2,0,spline_rest,22,44,0.030671119424519402,0.036707240697824266,0.1778202346271968,0.0011607848722515323,0.09252988161817897
Multi_Models_2,1,spline_rest,22,44,0.02716756775775668,0.033141098727547544,0.23120014070512487,0.001048013561395583,0.07698144182249018
Multi_Models_2,2,spline_rest,22,44,0.038692682854618125,0.052600838834304525,0.2773765049390191,0.0016633845755183853,0.11680814829565875
Multi_Models_2,3,spline_rest,22,44,0.03640525100809754,0.042275441772505126,0.16063489969915923,0.001336866850909421,0.10407750806496498
Multi_Models_2,4,spline_rest,22,44,0.029724440160997127,0.042800382314928595,0.4496576907398732,0.0013534669284116447,0.1269263558012706
Multi_Models_2,5,spline_rest,22,44,0.028488120344077023,0.03883233156312332,0.15692464540435133,0.0012279861459431633,0.12185414309753871
Multi_Models_2,6,spline_rest,22,44,0.046693466987890245,0.056514073352084145,0.15249099799175994,0.001787131916464128,0.18490795547784655
Multi_Models_3,0,spline_rest,22,44,0.04892150421552848,0.061531232054288496,0.52157925859546,0.00194578840527913,0.14966183011238432
Multi_Models_3,1,spline_rest,22,44,0.05516956331233886,0.07338615157150226,0.5788202233494952,0.002320673876802922,0.15906896492632247
Multi_Models_3,2,spline_rest,22,44,0.05775276727456041,0.0685145684413515,0.25489746693273496,0.002166620891781633,0.1542054840177554
Multi_Models_3,3,spline_rest,22,44,0.045456605804379095,0.05561462710795051,0.3043356094055146,0.0017586889288206667,0.12650237331601638
Multi_Models_3,4,spline_rest,22,44,0.05247239996049603,0.07395475692669688,0.6423252773482652,0.002338654756924763,0.1770633251074325
Multi_Models_3,5,spline_rest,22,44,0.030484255750298693,0.03394929470483793,0.07701922533217674,0.0010735709622358165,0.09086535370058914
Multi_Models_3,6,spline_rest,22,44,0.03593284866883659,0.04153334715875362,0.18954262057053153,0.0013133997587214438,0.1116335527738015
Multi_Models_4,0,spline_rest,22,44,0.04503236817285651,0.0582998018472953,0.2838678219934042,0.0018436016097394515,0.10721214663414667
Multi_Models_4,1,spline_rest,22,44,0.04316180796268295,0.05017643197785157,0.13257004732936414,0.0015867180991051832,0.10113976792546804
Multi_Models_4,2,spline_rest,22,44,0.12081405900125881,0.19484480542728141,0.7068692041208412,0.006161533754025466,0.26053719482627336
Multi_Models_4,3,spline_rest,22,44,0.054633166443878084,0.07184711857344282,0.5047724599171677,0.002272005380122669,0.11699833227925946
Multi_Models_4,4,spline_rest,22,44,0.05019689405497898,0.061921660088593636,0.30767617250350493,0.001958134823786996,0.19436382053802478
Multi_Models_4,5,spline_rest,22,44,0.03241613594935884,0.04276585628238747,0.22234059549907556,0.0013523751193976544,0.12485339996363409
Multi_Models_4,6,spline_rest,22,44,0.032993039265474505,0.03990990371885204,0.20036831924704343,0.001262061969495967,0.11804848911500054
NShape,0,spline_rest,22,44,0.060328918547663334,0.08108589632373517,0.5421847374812842,0.0025641611849927704,0.09907364347198824
NShape,1,spline_rest,22,44,0.08741807427344685,0.10272833635722825,0.23453757916653659,0.0032485552312872604,0.13859839963690887
NShape,2,spline_rest,22,44,0.10974788119734506,0.13772815845455116,0.9087626634988072,0.004355346786569578,0.17163186529974386
NShape,3,spline_rest,22,44,0.08451071523174256,0.10106203130972445,0.402576145256644,0.0031958620390197894,0.12603888541747993
NShape,4,spline_rest,22,44,0.07711196729184673,0.09382043294510706,0.3540937648109479,0.002966862591696375,0.12090767588568035
NShape,5,spline_rest,22,44,0.14387507013719453,0.18306864877950904,0.8686923111163442,0.005789138983126527,0.219343004069337
NShape,6,spline_rest,22,44,0.11363640840393234,0.13182433753690545,0.46012710081948605,0.00416865157659452,0.16588132481820056
PShape,0,spline_rest,22,44,0.047559823238297994,0.06945822859419604,0.3702970088414817,0.0021964620459829468,0.084556223874349
PShape,1,spline_rest,22,44,0.0589802324166567,0.07627374641289046,0.33368100582795,0.0024119876433883157,0.09394344055908942
PShape,2,spline_rest,22,44,0.08178112267027365,0.10597947461591793,0.3441472056143276,0.0033513652501429916,0.12834099869708793
PShape,3,spline_rest,22,44,0.04718246648575679,0.05476997532619913,0.26225273920324643,0.0017319786942201286,0.07380746965382186
PShape,4,spline_rest,22,44,0.07181123016809689,0.08597988964057938,0.540227049892377,0.0027189228423414686,0.12241687312450995
PShape,5,spline_rest,22,44,0.09240706320360022,0.10716156755156138,0.3680746790287339,0.0033887463109692727,0.14714592037549054
PShape,6,spline_rest,22,44,0.07042415910473614,0.07997948670081353,0.23825054597247913,0.0025291734406571666,0.10847989373887075
RShape,0,spline_rest,22,44,0.04022743611466706,0.05234135489656209,0.4686382285095302,0.001655178972923431,0.06450992015671365
RShape,1,spline_rest,22,44,0.04900777648344624,0.05988120457644939,0.2663080552442404,0.0018936099549607842,0.07764928060989684
RShape,2,spline_rest,22,44,0.05457776477174459,0.06670377130084759,0.2667471159725258,0.0021093584583365102,0.08689376469725096
RShape,3,spline_rest,22,44,0.05769415047703937,0.07462568110534322,0.24597594282124913,0.002359871242342764,0.09475521274130991
RShape,4,spline_rest,22,44,0.05377669606980895,0.06778556408557562,0.5610650370052688,0.002143567749897278,0.08598677968949413
RShape,5,spline_rest,22,44,0.0724683584974857,0.09678922661073257,0.3114803242766334,0.0030607440905609444,0.1106619691768377
RShape,6,spline_rest,22,44,0.0697157748912888,0.08328752349837258,0.5773364225435994,0.0026337827492965253,0.10928924270628121
Saeghe,0,spline_rest,22,44,0.034896329611096386,0.04398360769680699,0.11220842054101937,0.0013908838003322272,0.0651100884273304
Saeghe,1,spline_rest,22,44,0.026306068210892417,0.029774406216677783,0.0776238987037194,0.0009415493962377867,0.04885150366931648
Saeghe,2,spline_rest,22,44,0.04202141356832136,0.04780145932417192,0.17394053676189825,0.0015116148694427631,0.07663948553385745
Saeghe,3,spline_rest,22,44,0.05415898845888406,0.07072161444352108,0.24043066968187485,0.002236413814457881,0.10041959490082122
Saeghe,4,spline_rest,22,44,0.06190258567700958,0.07227998847549609,0.20798152999713385,0.002285693928332892,0.11154260479726644
Saeghe,5,spline_rest,22,44,0.0549850344877065,0.07069762458886084,0.41672199149933553,0.0022356551886432534,0.09671403022211955
Saeghe,6,spline_rest,22,44,0.04897182153447074,0.057020351206848695,0.3209949960863673,0.001803141827963727,0.08394411081134884
Sharpc,0,spline_rest,22,44,0.0554176537111516,0.08951119692621654,0.9535071590035789,0.00283059258374707,0.10332943199663831
Sharpc,1,spline_rest,22,44,0.06306825138357475,0.08192383691451571,0.46344819655612396,0.0025906591931005064,0.11878234639842898
Sharpc,2,spline_rest,22,44,0.07083925007350388,0.11426880063745315,0.7761469483729666,0.0036134967551005232,0.11890285155023453
Sharpc,3,spline_rest,22,44,0.04163309596560198,0.050190238763786164,0.26121002915855046,0.00158715470801238,0.07083795291784824
Sharpc,4,spline_rest,22,44,0.05567528114498782,0.06362975869142623,0.2436445449300231,0.0020121496443180195,0.09504306639637024
Sharpc,5,spline_rest,22,44,0.06752101374991176,0.07765004547738305,0.2018928688155452,0.002455510041241871,0.11582467818158652
Sharpc,6,spline_rest,22,44,0.09162511988512313,0.10848694589783489,0.26728950434170806,0.0034306584543261887,0.1476351015110297
Sine,0,spline_rest,22,44,0.03090811678358844,0.04072903828699648,0.3770285934988801,0.0012879652789511158,0.06181430793895322
Sine,1,spline_rest,22,44,0.05698801349917033,0.07169617724002286,0.4753036669950977,0.0022672321960559693,0.1103894958397315
Sine,2,spline_rest,22,44,0.06668687905329852,0.09324439912850158,0.6887158044883603,0.0029486468029988446,0.1265626466583378
Sine,3,spline_rest,22,44,0.05890641740312735,0.06650181798168633,0.19818315840278272,0.002102972133640705,0.10432031457685657
Sine,4,spline_rest,22,44,0.07050569962597539,0.08751148800898761,0.33633039429651407,0.0027673562353891456,0.13666210430016543
Sine,5,spline_rest,22,44,0.07504670171223679,0.10421913764772767,1.023114182665296,0.0032956985074542255,0.14310332599683978
Sine,6,spline_rest,22,44,0.052415842328052825,0.0707530066211375,0.4956483990081965,0.0022374065222776855,0.09651305165318769
Snake,0,spline_rest,22,44,0.07713298911994826,0.10912116503639108,0.7229960632425416,0.0034507142244612635,0.13581883445861778
Snake,1,spline_rest,22,44,0.07104801916608548,0.08455230853180473,0.4439633802566411,0.0026737787638579035,0.12411367708640453
Snake,2,spline_rest,22,44,0.04624349494131333,0.054106241234840244,0.13075743478673266,0.0017109895793261647,0.07788871862539366
Snake,3,spline_rest,22,44,0.07808666193458948,0.09751469062923558,0.4932349614488998,0.003083685277150625,0.13541851421912712
Snake,4,spline_rest,22,44,0.06470050667751281,0.11354985660319164,0.8840611525526667,0.0035907617485159585,0.10817836622726724
Snake,5,spline_rest,22,44,0.0563502429637914,0.06827814762193461,0.3548553544451579,0.002159144609025225,0.0977063614807931
Snake,6,spline_rest,22,44,0.08337224414001712,0.10556615087897234,0.5534776008884722,0.003338294805945387,0.13879864911501788
Spoon,0,spline_rest,22,44,0.027316899993428477,0.03392875154573494,0.18595658167300708,0.00107292133050481,0.05376521652967735
Spoon,1,spline_rest,22,44,0.046927747614231775,0.05451313618481755,0.2118518281330046,0.0017238567274296503,0.08804291910033488
Spoon,2,spline_rest,22,44,0.036707800996185924,0.042671860050537455,0.18413398231231104,0.0013494026975564614,0.06966090343466909
Spoon,3,spline_rest,22,44,0.04412404743656301,0.04974257250463905,0.19687578860652505,0.0015729982579072595,0.08131666121583289
Spoon,4,spline_rest,22,44,0.043759682485230614,0.054526452613208584,0.17050698689170962,0.0017242778298697926,0.08371130542698692
Spoon,5,spline_rest,22,44,0.04220908753416706,0.05124004814359123,0.2660628195261924,0.0016203525955043078,0.07997195016956554
Spoon,6,spline_rest,22,44,0.0439644052731731,0.05484078687371059,0.3682192813003071,0.001734217951967903,0.08378190844164848
Sshape,0,spline_rest,22,44,0.07724264434168764,0.10769876389571703,0.6959026485144628,0.003405733950951748,0.13179470963190762
Sshape,1,spline_rest,22,44,0.10727445278556334,0.1409234678532354,0.5979692445730479,0.00445639134185743,0.17987067935670445
Sshape,2,spline_rest,22,44,0.07028675833783242,0.08073404287228823,0.4396232678918507,0.002553034601901133,0.1090989544564213
Sshape,3,spline_rest,22,44,0.0887099425935319,0.11166314056699038,0.30807124821851734,0.0035310985487923517,0.1347781585109789
Sshape,4,spline_rest,22,44,0.08839022083780354,0.10533637717622953,0.5467568329772536,0.0033310287234746094,0.13408648779134769
Sshape,5,spline_rest,22,44,0.07223449729492962,0.08351542564807443,0.2685015797810457,0.0026409896480635905,0.11029029446866095
Sshape,6,spline_rest,22,44,0.1230916604196981,0.14013344987421786,0.3563322043670563,0.004431408779795645,0.18459810204142174
Trapezoid,0,spline_rest,22,44,0.049532052933929975,0.06717174069134943,0.5246549743780354,0.0021241569498287754,0.1010268747566816
Trapezoid,1,spline_rest,22,44,0.06051507636222509,0.07598843335581858,0.3777366877605437,0.002402965252322988,0.11022504834472815
Trapezoid,2,spline_rest,22,44,0.048121100027718855,0.06764829756740408,0.5083571536222198,0.002139227001458248,0.09559282812006714
Trapezoid,3,spline_rest,22,44,0.05162911248520045,0.06177400123035147,0.16835471445567077,0.001953465440699544,0.09355646246317077
Trapezoid,4,spline_rest,22,44,0.06619791912223898,0.07563224599926205,0.19562947319817087,0.0023917016191182566,0.12099273499608822
Trapezoid,5,spline_rest,22,44,0.08274267378431731,0.10434526949051239,0.7353091094906812,0.003299687146540965,0.14792563554950144
Trapezoid,6,spline_rest,22,44,0.07111679134014383,0.08458783998752492,0.26666564930713227,0.002674902367144476,0.13045321545370273
WShape,0,spline_rest,22,44,0.06571982063818763,0.08070394747233146,0.5064295089579723,0.0025520829017915614,0.13344654311140525
WShape,1,spline_rest,22,44,0.05590411900398214,0.06521519068910545,0.17667050136614326,0.0020622854061977908,0.10620811662065842
WShape,2,spline_rest,22,44,0.07619513418457088,0.1089909061479735,0.6916812278406158,0.003446595076732451,0.1483254726777697
WShape,3,spline_rest,22,44,0.09403365148467151,0.12995238444173457,0.9039753902788706,0.004109455222057102,0.17378052559029736
WShape,4,spline_rest,22,44,0.07330188630523532,0.08656782907822547,0.3292066939844223,0.0027375151198334702,0.12926804678675574
WShape,5,spline_rest,22,44,0.08287242925039066,0.09548125647710208,0.2529514939252134,0.003019382443223473,0.15265999171849448
WShape,6,spline_rest,22,44,0.10425760062883663,0.12593347345114742,0.3732781081480089,0.003982366097619711,0.19927109097133797
Worm,0,spline_rest,22,44,0.029587471756068826,0.037017001495157804,0.1647321018819472,0.0011705803687455702,0.060011048474075894
Worm,1,spline_rest,22,44,0.04420776424279476,0.06612588767510871,0.4351394827876447,0.0020910841735379986,0.08912971654746205
Worm,2,spline_rest,22,44,0.044068687576072435,0.053333203876424234,0.1729002630384904,0.0016865439916362197,0.08826175679960975
Worm,3,spline_rest,22,44,0.03443430832991101,0.05019973506829185,0.32149562190575237,0.001587455007528305,0.06804974141981213
Worm,4,spline_rest,22,44,0.03698554786323531,0.04464831797144483,0.12724933817393252,0.0014119037848519434,0.07234086918671169
Worm,5,spline_rest,22,44,0.04178721272197579,0.056272632015100625,0.34104630391660745,0.0017794968710022863,0.07994165305291105
Worm,6,spline_rest,22,44,0.03339167172665697,0.03845309774225052,0.13085890379538107,0.0012159937195458997,0.0653161680166633
Zshape,0,spline_rest,22,44,0.04910580668669375,0.061631519691247826,0.1735338058266859,0.0019489597788186054,0.08732512524765755
Zshape,1,spline_rest,22,44,0.055880801906104616,0.06864226209295905,0.19696113773284107,0.002170658919599872,0.09234284803874966
Zshape,2,spline_rest,22,44,0.0606487025408,0.08358684575328792,0.5753957336855272,0.0026432481500956256,0.10756478890025567
Zshape,3,spline_rest,22,44,0.07158809362029085,0.08526738337089208,0.34848045498064606,0.002696391415747848,0.11498843838848524
Zshape,4,spline_rest,22,44,0.06755104341098603,0.0780202521803292,0.17677038584372887,0.002467217005105583,0.11170261694431494
Zshape,5,spline_rest,22,44,0.07085963806869673,0.08386614226390891,0.26270530365527067,0.002652080281256623,0.10657505983180907
Zshape,6,spline_rest,22,44,0.16546979130594106,0.21455152046766982,1.371693666260898,0.006784714801300711,0.2608843113882411
heee,0,spline_rest,22,44,0.08631537677168447,0.10145958343978208,0.34669044057447784,0.0032084337412161246,0.15953211171230172
heee,1,spline_rest,22,44,0.07840282838988738,0.08844196379826647,0.2512304048092231,0.002796780463406786,0.13207385660129778
heee,2,spline_rest,22,44,0.11782995739373488,0.14989955993940415,0.8370797307141985,0.004740240296654488,0.20721479203833873
heee,3,spline_rest,22,44,0.0732067885035961,0.08370851223066327,0.26886116736980964,0.0026470955819295804,0.12452783966496843
heee,4,spline_rest,22,44,0.07939516396138012,0.10377794148048065,0.7248221152269033,0.0032817466596198534,0.13078740939594208
heee,5,spline_rest,22,44,0.07673741987399958,0.09063838957049261,0.24407311382466756,0.002866237544924075,0.12718762063327094
heee,6,spline_rest,22,44,0.08800749503353623,0.11108819989303108,0.32327215867878256,0.0035129173283005156,0.13927456410977831
